id_apolice,area_construida_m2,area_construida_m2_v2,idade_imovel_anos,valor_imovel,distancia_corpo_bombeiros_km,n_sinistros_anteriores,tipo_imovel,regiao,feature_ruido_1,feature_ruido_2,custo_sinistro
54320,99.8,98.3,1.6,483956.56,0.7,0,casa,Centro-Oeste,-0.9403,2,60.56
52006,126.3,123.0,3.4,505505.24,4.7,0,casa,Sudeste,-2.0354,2,263.66
55689,250.6,248.1,6.6,1173426.36,13.7,0,apartamento,Sudeste,1.9409,3,108.02
50472,85.2,87.0,14.2,297645.46,10.98,0,casa,Sul,0.9863,1,310.49
51370,99.2,100.0,4.4,434552.46,0.57,1,casa,Sudeste,1.1816,1,2165.48
51457,114.1,115.0,3.3,396793.64,3.3,0,casa,Sudeste,1.2462,0,297.84
55783,60.5,61.9,3.6,256320.63,0.41,0,casa,Sudeste,0.233,3,155.19
53484,289.6,295.7,1.9,1071781.22,12.3,0,apartamento,Sudeste,-1.4566,2,91.26
51145,200.8,197.3,32.2,855968.71,10.38,0,casa,Sul,1.1339,2,1048.96
50130,149.1,151.0,6.5,500299.05,0.56,0,casa,Sudeste,-1.2408,0,417.54
51136,112.5,113.3,0.7,376434.84,2.26,0,casa,Sudeste,0.0491,2,44.93
54658,150.7,151.4,0.0,447884.94,6.78,0,sobrado,Norte,-0.697,2,30.0
51161,87.9,87.6,32.3,317556.79,7.42,0,apartamento,Sudeste,-0.4484,2,699.12
52152,156.5,159.3,26.4,745092.89,3.08,3,casa,Centro-Oeste,0.0535,2,3348.94
50559,137.6,134.1,15.1,475968.54,13.86,0,casa,Sudeste,0.3399,3,186.38
50916,150.1,147.5,26.8,467001.2,11.92,0,casa,Nordeste,0.4828,0,654.68
54278,113.9,115.1,23.2,331397.18,,0,casa,Sul,-0.4523,3,396.17
54394,423.6,435.1,22.0,1483284.85,13.0,0,sobrado,Norte,0.6165,1,671.57
54008,138.3,134.6,1.5,472106.98,0.68,0,casa,Nordeste,0.0187,1,58.58
54910,73.2,74.7,28.5,188940.32,0.98,0,kitnet,Centro-Oeste,0.4166,1,1089.06
52569,208.3,204.2,6.1,1049874.16,1.26,1,casa,Nordeste,-0.4539,3,1288.41
54166,158.8,159.6,20.9,776291.0,2.22,0,sobrado,Sudeste,0.0713,1,361.03
54336,132.8,131.2,35.9,485646.19,13.81,1,apartamento,Sudeste,0.8928,1,1401.91
50528,66.4,66.5,11.5,181047.96,12.37,1,casa,Sudeste,-0.9988,3,391.22
55916,96.7,98.4,4.7,334275.65,2.33,1,casa,Sudeste,-2.5251,3,440.28
54404,66.9,67.8,,244614.95,2.54,1,apartamento,Sul,1.1716,1,785.13
55914,245.6,251.1,20.5,905949.23,6.4,1,casa,Norte,1.0941,0,1180.21
50247,67.7,67.5,4.9,271746.53,0.52,0,kitnet,Sul,1.2757,3,214.86
54583,113.6,114.3,3.7,362027.24,11.55,0,apartamento,Sul,1.4508,1,155.95
51675,138.8,141.7,0.1,554443.91,21.58,0,apartamento,Sudeste,1.0158,3,30.0
52946,107.0,106.9,21.7,466400.57,,0,cobertura_duplex,Norte,2.0586,3,218.64
50880,84.0,85.6,10.8,350354.1,9.45,2,casa,Nordeste,0.2134,0,5278.47
54330,102.1,103.0,16.6,366082.37,0.69,0,apartamento,Sudeste,0.5592,2,697.0
53457,166.5,165.9,8.0,501907.72,0.47,0,sobrado,Nordeste,-0.9663,0,274.19
53369,131.1,128.7,,505766.37,5.41,0,apartamento,Sudeste,0.0481,0,303.91
52406,59.9,58.9,47.2,254223.24,2.56,0,apartamento,Sudeste,0.1779,1,1045.82
55418,102.6,102.3,6.5,316305.93,10.91,0,apartamento,Centro-Oeste,0.7548,0,77.08
50202,165.8,169.8,43.6,616621.5,10.88,2,casa,Sudeste,-0.4151,2,3609.69
51448,83.1,85.2,0.6,355565.35,2.9,0,apartamento,Nordeste,0.1476,2,94.19
50144,176.9,177.2,,516237.64,1.72,0,apartamento,Nordeste,-0.9811,3,216.64
53996,63.0,61.7,15.4,188022.62,19.75,2,casa,Norte,-0.0812,3,6243.12
55292,189.1,191.0,14.7,657214.65,1.62,1,sobrado,Nordeste,2.9512,2,1090.05
55182,149.7,153.5,29.2,503735.71,1.76,0,apartamento,Sul,-0.6112,3,567.73
52067,75.8,77.5,24.2,379814.99,4.53,0,kitnet,Sudeste,-1.6752,3,329.88
55081,96.2,96.7,9.1,439787.28,1.15,0,casa,Sudeste,0.8968,2,174.71
50388,209.4,205.7,1.3,721862.05,2.64,0,casa,Sul,-0.5873,0,82.65
54959,76.6,77.5,4.3,233958.97,1.88,1,apartamento,Sul,-0.3253,1,853.5
50731,122.3,122.4,1.2,403594.3,8.1,0,casa,Nordeste,-1.2778,1,113.76
50014,124.8,125.4,30.8,337721.77,3.14,0,apartamento,Nordeste,0.2694,2,291.19
52690,231.2,227.8,7.2,830036.38,1.89,1,apartamento,Sul,-1.4613,2,2065.94
52810,150.7,150.6,17.6,646887.48,3.01,0,apartamento,Sudeste,0.2054,3,226.74
55193,114.4,112.2,0.3,492231.88,21.67,0,casa,Nordeste,0.6968,1,30.0
53312,115.9,116.9,12.0,412160.86,9.83,0,casa,Sudeste,0.3752,0,134.32
52889,115.5,114.3,72.9,470196.55,6.19,0,sobrado,Sudeste,-0.3566,1,2739.27
50557,114.0,111.5,26.2,365593.93,5.27,1,apartamento,Sudeste,0.7716,3,578.05
55283,36.7,36.0,25.4,158092.47,,0,cobertura_duplex,Sudeste,1.314,1,153.08
50394,134.3,135.1,26.5,546999.21,19.29,2,casa,Sul,0.0303,3,2601.23
50134,116.3,113.2,9.1,450623.36,1.82,0,kitnet,Sudeste,-0.1016,2,410.08
51121,62.8,62.3,1.8,188736.11,0.43,0,apartamento,Sudeste,1.9053,1,235.23
52630,81.9,79.8,65.9,218971.22,0.2,0,kitnet,Centro-Oeste,1.0811,1,1989.92
53586,48.9,48.7,0.6,175489.55,6.2,0,apartamento,Sudeste,-0.8266,2,72.63
51669,233.8,226.8,1.3,846272.74,3.95,0,casa,Sudeste,-0.0333,3,303.5
52534,93.2,91.9,26.9,452657.37,1.4,0,casa,Norte,1.3322,2,507.71
53807,137.1,139.4,15.3,458095.69,5.39,0,casa,Sudeste,-0.2139,3,209.84
52247,147.1,150.6,21.4,398004.66,31.62,0,casa,Sudeste,-1.0528,1,622.7
54672,35.0,35.7,,134587.51,0.35,0,kitnet,Norte,-1.2462,2,134.58
50429,175.0,173.8,3.1,686479.19,9.93,0,kitnet,Sudeste,-1.6609,0,110.45
55258,225.1,229.7,18.3,532043.85,0.2,0,apartamento,Centro-Oeste,-1.388,0,255.21
55567,213.3,215.0,,546655.5,3.58,0,apartamento,Sul,-1.188,0,232.68
54189,147.9,146.3,3.0,499072.0,2.31,0,casa,Norte,-1.3565,1,140.46
51398,102.3,101.6,0.2,318430.91,6.06,0,apartamento,Sudeste,-0.4138,2,65.0
53388,262.4,268.9,,900131.71,2.97,0,casa,Sudeste,-1.0389,1,189.67
53652,65.7,64.9,6.6,309637.38,11.07,0,apartamento,Sudeste,-0.8699,1,176.92
54018,232.0,226.7,4.2,747159.98,3.62,1,casa,Sudeste,-0.4413,0,1683.95
54487,103.7,103.3,6.9,413897.19,2.55,0,casa,Sudeste,-0.6763,3,158.0
55635,158.1,159.8,12.1,602242.39,4.39,0,casa,Sul,0.3088,3,235.02
51299,96.2,94.8,6.4,352477.94,2.95,0,casa,Sudeste,0.7565,3,241.94
50675,82.4,82.7,2.5,313807.65,1.0,1,casa,Sudeste,0.2435,2,1306.56
53412,94.2,92.5,,408308.36,0.4,0,apartamento,Centro-Oeste,0.4941,3,78.31
53736,69.4,70.4,38.4,231721.45,2.93,0,apartamento,Sul,-0.0161,3,263.22
50660,153.6,150.9,1.9,4346972.54,27.08,0,casa,Sudeste,-3.8178,2,105.84
50527,304.3,308.4,5.4,1326641.87,15.71,1,casa,Nordeste,0.61,1,1963.6
52961,176.0,172.8,10.8,658999.36,2.25,0,casa,Sudeste,0.3899,2,255.7
50012,114.1,113.3,14.4,560116.54,3.4,0,casa,Sudeste,-1.5333,1,793.13
53981,230.0,234.1,3.7,1058532.51,10.41,0,sobrado,Nordeste,-0.0053,2,275.1
52623,150.1,150.9,50.3,429936.0,0.43,0,apartamento,Sudeste,-1.3011,3,921.32
53200,94.5,97.3,4.2,216152.08,3.33,1,casa,Nordeste,1.3486,0,1291.53
52553,94.2,95.6,17.1,462255.83,9.65,1,casa,Nordeste,0.2605,1,1462.09
51051,151.7,151.5,9.4,587201.62,2.86,0,casa,Sudeste,1.5288,2,227.37
54737,201.2,202.3,38.3,1005512.71,8.98,2,casa,Sudeste,2.3158,0,2549.77
51657,115.7,116.0,12.7,497520.24,0.42,1,casa,Sudeste,-0.9857,1,2026.84
54148,197.6,199.8,,615875.89,2.13,0,apartamento,Sul,-0.7823,1,152.66
55326,214.2,216.5,9.7,686032.32,1.47,0,sobrado,Sul,0.4346,0,149.15
54880,60.8,62.1,2.8,153517.15,4.52,1,casa,Norte,-0.7672,1,567.08
55928,84.2,82.8,1.2,416336.25,1.9,1,casa,Nordeste,-0.4346,1,704.94
54463,113.3,116.3,3.7,500503.76,4.67,0,apartamento,Sudeste,-1.0279,2,224.16
55556,46.7,47.7,16.5,166152.58,5.24,0,apartamento,Sudeste,0.6324,3,528.99
51108,138.5,137.0,11.9,536771.91,0.89,0,casa,Sudeste,-0.5319,2,266.17
55092,79.3,78.4,1.9,155387.7,1.93,0,kitnet,Sul,-0.0899,3,110.09
51590,148.2,145.7,12.3,592241.83,5.03,0,apartamento,Sudeste,-0.3863,2,719.42
54203,174.7,178.6,6.6,782489.83,4.76,0,casa,Sudeste,-0.9986,3,236.0
50206,65.8,66.0,26.2,140378.22,13.07,0,apartamento,Sul,0.2698,3,391.39
52232,147.8,146.8,,646454.63,4.61,0,casa,Sul,-0.3778,0,117.31
54340,57.9,58.9,22.8,238776.55,3.75,0,casa,Sudeste,0.4513,1,338.1
50502,139.1,138.5,56.0,486362.99,2.21,0,sobrado,Sudeste,0.1101,0,1293.73
54281,94.8,96.6,29.2,322790.35,1.72,0,apartamento,Sudeste,-1.2589,1,904.25
51031,56.9,57.7,10.4,217207.53,2.93,1,casa,Sudeste,0.9891,3,1673.27
52224,101.6,99.9,8.4,405596.65,14.74,0,apartamento,Sul,0.6273,0,187.96
55949,166.0,164.9,0.8,479387.23,8.92,0,apartamento,Centro-Oeste,-0.0585,2,96.92
52188,110.7,108.7,1.0,506956.85,0.74,1,casa,Sudeste,-1.806,0,383.78
55591,126.5,123.0,3.1,501389.27,4.65,0,sobrado,Sul,-0.1005,2,105.6
51452,66.0,67.0,5.2,198845.18,0.71,0,casa,Sudeste,0.6501,2,252.95
54204,187.2,188.7,7.0,617378.02,9.73,0,casa,Sudeste,0.1934,1,77.78
55178,82.1,83.1,15.8,418512.78,2.64,1,casa,Nordeste,0.2077,0,1187.62
54154,73.6,73.8,16.3,407841.43,2.22,0,kitnet,Sudeste,0.0756,0,300.69
52475,78.4,80.4,13.2,393906.81,8.21,0,apartamento,Nordeste,-1.8988,2,260.61
55428,122.6,123.1,6.9,468102.55,1.02,0,casa,Sul,-1.0482,3,315.47
55804,180.3,185.3,1.7,522506.19,3.23,0,kitnet,Nordeste,0.4916,2,138.47
55413,145.1,148.1,10.0,437165.78,2.73,0,apartamento,Nordeste,-0.0269,0,470.06
50170,106.4,103.7,8.9,432742.82,1.04,0,casa,Sul,0.566,3,206.12
51982,214.2,210.2,20.1,558500.01,6.66,0,apartamento,Sudeste,0.3301,1,451.09
52103,119.4,117.6,22.5,390252.62,9.17,0,casa,Norte,-1.4288,3,255.33
53359,127.5,127.8,33.7,634118.61,5.29,0,cobertura_duplex,Sudeste,-0.68,0,658.92
51493,152.2,155.1,4.6,694187.17,5.86,0,kitnet,Nordeste,-0.3586,2,90.81
55382,87.5,85.3,0.2,335478.65,1.84,1,casa,Norte,-0.7852,3,445.0
55931,72.6,74.7,0.5,186720.58,1.06,0,casa,Nordeste,0.9442,0,95.19
51116,87.7,87.3,1.5,255291.01,0.58,0,casa,Nordeste,-1.1576,2,110.87
51511,209.2,204.0,16.7,960553.3,5.35,0,casa,Sudeste,-1.4213,0,578.98
52762,113.2,113.0,16.6,579364.89,0.2,0,apartamento,Sudeste,0.2792,2,383.99
55653,236.9,242.1,23.9,1083679.12,4.17,0,apartamento,Sul,-0.2343,2,752.82
51362,125.5,124.2,18.9,525951.94,16.29,1,apartamento,Sudeste,0.6491,3,694.15
54766,63.3,61.4,68.6,194988.28,2.23,2,apartamento,Sudeste,-0.0137,2,2597.12
55059,88.9,90.6,28.3,333762.08,1.82,0,casa,Nordeste,0.445,2,735.97
50287,97.8,98.5,3.0,410168.43,1.95,0,apartamento,Centro-Oeste,-0.4255,1,149.06
51328,83.3,82.2,23.5,205716.37,11.34,0,kitnet,Sudeste,-0.1969,0,1236.53
54960,147.4,149.3,4.4,349916.32,5.46,0,sobrado,Sudeste,1.233,1,136.14
55260,153.2,148.9,18.6,688525.16,4.36,0,apartamento,Nordeste,1.0216,0,288.15
51526,88.3,87.3,3.9,311081.02,7.57,0,casa,Sul,0.2503,2,82.94
50980,108.5,107.5,,388942.98,9.85,0,casa,Sudeste,0.5142,3,254.75
53194,136.9,139.7,,531551.84,5.08,2,casa,Sudeste,0.9041,2,2379.2
50751,229.9,228.6,15.8,1005361.89,2.25,0,casa,Sul,1.9684,3,446.3
50214,90.0,92.2,5.5,267490.36,15.68,0,casa,Sul,0.5496,3,109.81
51267,135.9,137.9,11.9,548552.77,4.63,3,casa,Sudeste,-0.0256,3,2101.22
53311,173.1,170.3,26.4,585385.83,19.17,0,casa,Nordeste,1.0465,3,335.16
50142,116.4,114.3,6.0,408698.45,2.06,0,apartamento,Sudeste,1.4373,1,164.2
52888,61.9,60.6,15.5,192443.86,0.31,0,casa,Nordeste,-0.8368,2,188.57
55915,62.8,61.5,17.0,253286.26,0.33,0,apartamento,Nordeste,1.858,2,317.63
55751,217.3,220.8,12.5,820566.09,3.26,0,apartamento,Sudeste,-0.638,2,305.5
55317,105.2,105.4,0.6,467197.71,7.01,0,casa,Sudeste,0.6235,1,69.72
54755,104.6,104.7,,381698.53,0.29,0,casa,Norte,1.5342,0,123.63
54230,56.7,57.2,5.0,212780.63,1.6,0,casa,Nordeste,-0.4381,3,101.3
54987,47.3,47.6,24.3,210274.7,13.55,0,casa,Nordeste,-1.5528,2,640.92
55765,79.9,79.4,8.8,210166.26,12.63,0,casa,Sudeste,-0.2333,2,85.43
54077,111.6,112.2,7.1,502145.9,3.72,0,casa,Nordeste,-1.2677,0,127.76
53883,240.1,238.4,4.3,638263.07,8.81,1,apartamento,Sul,1.6748,1,1093.06
51607,136.4,132.5,2.5,673205.47,0.2,0,casa,Nordeste,0.2212,1,122.11
54714,159.4,159.2,12.4,5427280.24,6.26,0,apartamento,Sudeste,-2.1945,0,238.95
52102,172.5,174.0,,646288.42,2.39,0,casa,Sul,-0.4535,2,206.9
54364,154.4,153.0,15.1,583123.71,3.39,1,casa,Sul,-0.2664,1,909.97
55546,123.1,125.9,2.2,488022.65,1.9,0,kitnet,Norte,0.8791,0,200.22
51644,86.9,86.9,0.0,342236.52,13.69,1,sobrado,Centro-Oeste,-1.9775,2,1144.93
54886,92.3,92.8,13.6,379599.01,9.66,0,casa,Sudeste,0.073,1,328.36
53552,30.0,30.2,40.3,126697.95,6.75,0,sobrado,Nordeste,0.7967,2,652.84
52916,99.4,98.9,14.5,377428.67,16.24,0,apartamento,Sudeste,0.8103,0,259.25
52118,139.4,139.8,5.6,555047.45,1.15,0,kitnet,Sudeste,0.3508,3,191.89
54836,144.1,148.4,11.5,520829.11,0.2,0,casa,Sudeste,-0.3616,1,322.44
51687,96.9,98.4,3.9,396131.38,0.98,1,casa,Sudeste,-1.3074,1,1613.06
50634,164.8,161.6,13.2,4708440.63,4.15,0,sobrado,Centro-Oeste,-0.9816,2,261.58
51001,75.8,76.6,5.2,332673.67,,0,apartamento,Nordeste,-0.3299,1,237.85
55000,72.4,71.5,1.4,270648.13,2.3,0,casa,Nordeste,-0.4339,3,38.03
52402,117.7,118.4,24.5,501249.3,2.79,0,apartamento,Sul,-0.9301,0,703.26
52678,141.9,138.8,9.2,705843.34,1.21,0,casa,Sul,-0.9843,0,125.57
52909,59.3,59.3,4.2,245982.31,16.02,0,apartamento,Norte,-0.43,2,81.85
50257,109.4,110.7,3.0,434737.85,3.49,0,casa,Sudeste,-0.5233,2,84.06
54045,32.5,31.9,9.7,139561.5,1.49,0,casa,Sudeste,3.0963,0,266.68
55082,83.2,84.4,58.5,301639.97,7.14,0,sobrado,Sudeste,0.6141,2,1432.83
53616,180.9,183.7,9.6,674585.54,5.16,0,apartamento,Sudeste,-0.2999,0,231.18
52980,247.5,250.0,9.3,1066740.47,19.13,0,casa,Sul,1.8007,2,156.28
54407,304.8,295.7,30.3,1878001.75,0.22,0,casa,Sudeste,-0.4131,1,1495.83
54035,112.6,111.7,4.8,485018.99,1.6,2,apartamento,Norte,0.0745,1,4892.22
53776,169.4,164.9,0.5,638185.73,8.86,2,sobrado,Norte,-2.1441,0,3075.35
53764,142.0,140.6,9.1,595958.09,3.23,0,apartamento,Nordeste,1.7882,2,112.39
51303,62.2,63.6,32.0,256912.73,9.09,0,apartamento,Sudeste,-0.0294,0,480.68
51940,210.7,217.0,1.0,796021.98,0.36,2,sobrado,Sudeste,0.7369,3,3950.19
53609,87.1,89.6,12.6,403894.3,8.92,0,apartamento,Sudeste,1.37,1,490.84
53619,184.9,179.9,18.6,952745.01,2.59,0,casa,Nordeste,-1.9975,1,387.32
55216,114.7,115.7,28.7,390879.74,0.76,0,apartamento,Sudeste,-1.0639,1,1818.59
55555,131.2,128.9,6.2,325818.42,5.58,0,apartamento,Norte,-0.1457,3,143.86
52760,30.0,29.8,19.8,126546.4,13.22,1,casa,Centro-Oeste,-0.0804,2,1220.88
52859,193.7,188.7,13.4,572160.91,10.02,0,casa,Sul,-0.0543,0,461.43
54641,105.2,107.3,9.8,421878.38,3.99,0,apartamento,Sudeste,-0.3418,3,111.73
55613,162.7,158.0,12.7,364705.3,0.53,0,apartamento,Sudeste,0.3068,0,198.09
51830,211.2,210.0,21.0,738764.49,2.22,0,apartamento,Sul,-1.3893,0,293.34
51327,129.3,128.6,0.6,434312.69,4.25,0,casa,Nordeste,-1.0755,3,145.06
51737,205.4,199.5,14.3,532657.51,2.47,0,casa,Nordeste,-0.3137,2,635.41
51990,89.5,89.5,32.1,294286.83,10.26,0,casa,Sudeste,0.3901,3,464.22
54314,110.3,112.4,6.5,2863755.53,,0,sobrado,Sudeste,-0.129,1,348.31
55763,108.9,110.8,7.2,399313.1,1.83,0,apartamento,Sudeste,0.4601,2,174.36
52249,80.0,78.9,4.7,467314.42,11.83,1,casa,Sudeste,-0.5644,0,935.26
52829,133.3,132.8,4.0,407737.18,6.84,0,casa,Sul,0.2787,2,113.69
55838,151.9,152.7,8.1,630724.22,0.89,0,apartamento,Norte,-0.6265,0,264.88
53240,76.0,76.0,16.1,323395.47,4.7,0,kitnet,Sul,0.3412,1,337.45
53639,81.0,80.3,8.0,2543573.64,1.16,1,casa,Sul,0.2036,1,1540.32
53888,82.8,83.3,1.5,332133.33,7.45,0,casa,Nordeste,1.0373,1,56.27
50533,51.4,50.5,27.6,183562.27,0.87,0,apartamento,Centro-Oeste,-0.0315,2,667.01
50015,78.2,77.3,1.6,192756.99,,0,casa,Sudeste,0.3435,0,57.72
51748,141.9,138.7,7.5,655446.92,4.17,1,casa,Nordeste,-2.2534,3,1105.27
50828,132.3,132.5,2.7,530941.74,12.7,0,kitnet,Sudeste,0.6485,3,34.87
51091,102.9,104.9,19.3,449306.08,7.9,0,kitnet,Sul,0.6119,0,300.11
54032,125.8,123.8,15.0,396301.24,1.33,0,sobrado,Sudeste,1.8398,1,713.08
55921,143.6,140.3,32.4,631319.72,11.12,1,casa,Norte,-1.9331,0,1106.64
53325,142.8,146.2,28.9,469847.95,1.47,0,casa,Norte,0.2491,3,529.58
52705,87.4,86.1,10.3,358002.4,0.81,0,kitnet,Sudeste,0.1188,1,308.75
53526,179.4,174.2,25.2,864562.22,17.84,0,casa,Sudeste,0.4233,0,365.1
54689,181.8,182.2,15.7,621113.21,1.16,1,kitnet,Sudeste,-0.2237,1,712.86
52278,30.0,30.1,48.6,106983.69,7.05,1,apartamento,Norte,-0.4013,3,1072.65
54294,60.1,58.9,,283364.73,5.73,0,sobrado,Sul,-0.0984,1,220.44
52455,101.1,100.4,,358223.11,9.57,0,casa,Sudeste,-1.0844,0,71.97
54727,124.3,125.9,22.4,440110.38,7.19,0,casa,Nordeste,-0.8415,1,228.85
52332,177.2,177.1,,614727.56,2.06,0,casa,Nordeste,0.2342,1,427.37
54338,111.0,109.5,24.4,475830.94,5.9,0,apartamento,Nordeste,-0.2035,2,573.46
51045,261.4,257.4,32.6,867265.24,2.06,0,apartamento,Sudeste,0.708,3,856.71
53539,141.7,144.9,1.8,664187.75,13.99,0,casa,Sul,0.1203,0,34.09
51431,117.2,117.9,35.9,463585.22,8.7,0,apartamento,Sudeste,-0.1595,1,1308.45
51969,127.8,131.0,15.3,373452.15,10.85,0,casa,Norte,-0.1146,0,213.26
50977,108.2,105.6,1.0,481802.07,3.55,1,casa,Sudeste,-1.2132,0,1248.87
55919,123.6,123.5,11.6,605107.44,2.89,0,apartamento,Sudeste,0.2119,1,330.44
52795,135.5,135.7,13.6,515260.89,12.86,0,apartamento,Sul,-0.0936,2,284.93
55104,58.5,59.8,3.7,211599.2,9.46,0,apartamento,Sudeste,0.2085,3,103.38
53177,208.0,210.7,2.6,1038222.35,0.45,0,casa,Sudeste,0.8314,1,247.42
51750,85.6,84.0,47.5,385375.69,4.16,1,kitnet,Sudeste,0.5068,3,2114.6
50812,134.2,137.5,18.7,589346.93,11.17,0,sobrado,Sudeste,-1.37,2,245.9
55802,101.2,100.7,3.7,419370.7,13.86,1,casa,Sul,-1.4284,1,1611.83
55266,161.1,158.0,31.3,659494.42,1.72,0,casa,Centro-Oeste,0.3187,3,241.07
51495,61.9,61.8,8.6,227054.08,5.76,0,sobrado,Sul,0.3831,3,83.71
52241,294.0,287.9,19.9,1155096.55,8.24,0,casa,Sudeste,0.1684,2,167.61
54482,135.7,139.4,6.8,592801.59,7.83,1,apartamento,Nordeste,0.75,1,1180.77
50535,85.8,85.8,21.1,338920.89,14.13,0,casa,Sudeste,1.1772,3,404.46
52643,93.1,92.2,27.9,359413.15,5.43,0,apartamento,Nordeste,0.431,3,1161.22
54732,135.1,132.0,9.8,492011.01,0.43,0,casa,Sudeste,-1.1455,0,146.6
54269,103.8,106.8,5.5,370497.65,8.56,0,casa,Sudeste,1.623,3,71.48
53487,60.5,58.9,16.5,223384.22,5.37,0,apartamento,Sudeste,-2.0597,0,410.0
53126,84.0,85.9,0.3,366237.25,5.3,0,apartamento,Sul,0.2463,2,57.48
51933,191.1,190.6,,703320.17,,0,apartamento,Sudeste,0.015,3,426.03
51192,169.2,172.6,3.4,389966.11,0.38,0,sobrado,Sudeste,-0.442,0,192.8
51843,30.0,29.2,15.0,103986.54,1.86,2,apartamento,Sudeste,-0.777,2,1458.76
52588,79.1,78.3,23.6,337716.14,10.71,1,sobrado,Sudeste,-0.3924,2,2864.31
54779,165.8,161.4,5.8,585685.94,7.81,0,casa,Sudeste,0.965,3,193.92
53677,115.5,115.0,13.0,504622.05,2.72,0,apartamento,Sudeste,-0.4115,2,316.25
52272,32.1,32.8,16.2,124759.17,12.69,0,casa,Sul,-1.1764,3,356.05
55171,107.0,108.7,39.9,368179.14,1.57,0,apartamento,Nordeste,0.5427,0,917.08
50143,89.2,90.7,1.2,285374.93,1.93,1,apartamento,Norte,-0.053,3,1243.31
52453,104.7,107.6,6.6,429631.5,8.28,0,casa,Nordeste,-0.7768,2,174.39
52244,159.6,154.8,19.9,620495.07,5.88,1,casa,Sudeste,-0.8208,0,1025.01
52477,40.7,40.5,17.4,144490.01,0.2,0,apartamento,Nordeste,1.6054,0,334.26
54190,178.6,180.4,18.1,771269.92,23.87,0,apartamento,Centro-Oeste,-0.2909,2,182.73
50962,115.6,112.9,37.9,505561.77,1.85,0,casa,Sudeste,-0.4168,1,377.75
51540,141.1,142.9,6.3,541421.34,8.42,0,casa,Sul,-0.5107,1,256.25
50464,134.1,138.1,17.4,395055.2,5.63,0,apartamento,Sudeste,0.4722,2,309.71
53145,183.9,184.2,10.5,697623.48,9.48,0,sobrado,Sudeste,0.8375,0,192.92
52204,158.9,163.3,24.7,3657170.13,3.35,1,casa,Norte,-0.4898,1,995.95
53031,49.7,49.7,11.2,124293.58,6.5,0,casa,Sudeste,-0.6076,1,176.3
50882,165.3,167.4,6.5,804842.25,10.98,0,apartamento,Sudeste,0.1248,3,103.95
50311,257.5,258.3,38.3,1001479.26,24.65,0,kitnet,Sudeste,-1.1914,2,432.44
51095,47.2,47.5,3.1,154097.61,3.3,0,casa,Centro-Oeste,-0.2952,1,134.94
53286,104.9,105.0,8.9,419794.22,15.72,0,casa,Sudeste,-0.8938,3,152.63
50843,95.9,96.4,18.5,397093.63,11.19,0,casa,Centro-Oeste,-0.3858,1,362.99
52243,112.2,112.2,72.6,259837.03,0.67,0,casa,Sul,0.464,3,554.02
52382,86.2,87.2,28.2,303392.67,2.89,0,apartamento,Sudeste,1.0938,1,1391.02
50098,219.1,222.8,8.2,1206037.98,8.02,0,apartamento,Sul,0.8854,0,225.35
50499,74.5,74.1,19.0,233155.81,4.8,0,sobrado,Sul,-1.5034,3,277.89
53554,91.3,90.8,30.6,373689.18,9.13,0,apartamento,Nordeste,0.1048,2,201.49
51453,179.2,175.4,1.8,616418.09,13.51,0,kitnet,Sul,1.2,1,60.2
52686,78.2,77.5,3.0,376547.56,3.38,1,apartamento,Sul,-0.3957,3,1336.91
52868,227.6,230.9,15.2,700084.12,3.33,0,sobrado,Sudeste,1.2028,3,206.19
54582,146.3,150.2,67.3,594450.21,8.44,1,casa,Sudeste,-0.504,1,982.42
55989,157.4,161.9,2.7,611390.77,2.0,2,kitnet,Norte,-1.0396,1,2183.64
52012,148.1,152.1,21.8,527927.32,16.52,1,casa,Sudeste,1.4515,3,1002.26
55532,78.4,77.8,,324026.53,8.93,0,apartamento,Sul,-1.1539,3,790.28
50029,93.4,94.5,26.0,359019.14,4.32,0,casa,Nordeste,3.2313,1,456.61
54016,66.3,67.8,5.4,273217.94,2.2,1,casa,Nordeste,0.6926,3,1671.4
53472,107.8,107.9,34.0,534197.45,1.25,1,apartamento,Nordeste,1.5884,2,1803.49
55667,86.5,86.6,51.4,256175.55,0.66,0,sobrado,Sul,-0.0739,0,3372.24
50443,94.6,97.0,8.8,306149.3,13.63,0,casa,Sudeste,-0.0769,1,233.64
54552,71.0,70.0,10.0,164627.67,5.63,0,casa,Centro-Oeste,0.2452,0,209.65
55794,326.0,318.5,32.3,1370279.24,10.07,1,apartamento,Sudeste,1.2441,0,1960.87
53046,141.1,143.8,12.1,497591.29,0.9,0,kitnet,Sudeste,-0.4416,0,483.83
52149,86.1,88.1,3.1,237690.46,5.55,1,apartamento,Sudeste,-0.4646,2,764.95
52716,128.9,126.0,18.8,333397.8,1.98,0,sobrado,Centro-Oeste,1.2444,3,522.87
53740,101.9,102.7,10.8,445972.5,5.62,0,casa,Norte,1.4419,1,140.94
50991,77.5,76.8,15.0,259113.13,12.67,1,sobrado,Centro-Oeste,-2.3014,3,1216.65
54936,146.4,145.6,8.4,583497.24,2.2,0,apartamento,Sudeste,0.8478,1,130.67
51668,147.4,144.6,24.6,563386.51,9.25,0,kitnet,Sudeste,0.4915,1,1190.58
54410,54.1,52.6,9.0,180375.66,16.65,1,casa,Nordeste,0.5442,1,755.48
55411,147.0,146.7,25.9,655132.26,0.29,0,casa,Sudeste,1.2006,1,253.16
54631,162.3,157.8,4.1,708381.42,0.5,0,apartamento,Sudeste,-0.411,0,288.42
50914,85.9,88.4,1.1,275588.73,3.13,0,kitnet,Centro-Oeste,0.4723,2,101.49
51706,175.2,177.9,19.6,696858.66,4.44,1,casa,Nordeste,-1.0168,3,2331.3
53131,79.7,77.7,39.2,191352.98,8.79,0,kitnet,Sudeste,0.2149,1,183.03
55899,144.2,140.4,3.7,564809.81,16.37,1,casa,Sul,0.6604,1,519.24
51654,72.1,72.9,2.2,210218.66,3.01,0,casa,Nordeste,-1.2013,2,90.34
55957,179.9,185.0,0.3,608417.58,1.43,0,apartamento,Sudeste,-0.3024,0,67.75
52706,149.7,152.3,11.3,718803.01,1.75,0,sobrado,Sudeste,1.173,0,456.28
54918,140.0,136.1,0.7,440184.92,6.29,1,casa,Norte,-0.6424,1,1874.79
54115,87.5,89.8,4.0,322049.95,16.69,0,sobrado,Nordeste,0.9481,3,253.01
51196,96.7,95.5,20.0,392581.65,5.48,0,casa,Nordeste,-0.2665,0,402.08
53270,47.8,47.1,6.5,173546.63,4.27,0,sobrado,Sudeste,-0.4745,0,141.09
54138,37.9,37.7,5.8,142623.06,2.23,0,apartamento,Nordeste,-0.6832,0,256.23
53620,107.8,105.8,51.8,436097.91,0.7,0,sobrado,Sudeste,-1.1638,2,855.85
52066,77.1,77.4,12.0,304884.1,0.2,1,apartamento,Sul,-0.6433,2,763.73
51900,82.7,80.4,5.0,381070.08,5.09,0,casa,Sul,0.363,2,96.25
51450,105.1,108.1,25.9,512960.04,14.86,1,casa,Sul,1.2216,1,849.39
50302,99.5,102.0,19.5,254934.57,0.97,0,sobrado,Sudeste,-0.7118,2,352.49
54052,152.3,150.2,24.3,764743.7,1.23,0,apartamento,Sudeste,0.1304,3,746.28
54688,82.6,80.3,16.4,364470.05,1.32,1,casa,Sudeste,-0.657,1,1894.15
50042,94.3,94.8,9.3,438291.28,0.22,0,apartamento,Nordeste,0.0695,2,199.42
53179,178.3,179.0,3.8,747959.29,9.23,0,apartamento,Sudeste,1.1255,3,114.07
52806,136.0,132.0,3.0,552459.37,18.69,0,apartamento,Sudeste,0.2242,2,128.01
55538,163.4,167.8,2.4,787416.97,24.77,0,kitnet,Sudeste,0.9164,0,78.48
51294,175.0,179.7,2.1,533168.93,3.02,0,apartamento,Centro-Oeste,1.3123,3,58.69
53402,101.1,102.3,5.7,380144.42,16.8,0,apartamento,Centro-Oeste,-0.5863,3,106.02
54366,175.3,177.5,13.1,715766.69,6.69,0,casa,Nordeste,-0.0491,3,344.05
50217,171.1,173.5,0.6,514690.78,1.12,0,casa,Nordeste,-0.0827,3,354.4
52575,73.0,74.2,20.6,343851.63,0.49,0,apartamento,Nordeste,-0.7198,1,315.62
52816,153.7,155.4,,601120.27,1.91,0,apartamento,Sudeste,-0.1239,2,736.82
54816,175.8,174.8,10.9,551531.23,14.96,1,casa,Centro-Oeste,-0.3789,3,1794.46
53390,281.8,290.2,13.5,1079909.56,2.82,1,casa,Sul,-0.4789,1,2169.14
51620,63.4,64.6,4.5,204428.65,7.73,0,casa,Nordeste,1.7942,1,42.8
54748,80.0,78.1,,328717.66,5.13,0,apartamento,Sudeste,0.0224,3,1084.5
53785,103.0,102.1,25.5,370932.32,0.99,0,casa,Sul,0.6971,3,254.83
53518,139.8,142.9,0.1,570411.68,11.0,0,casa,Nordeste,0.7421,1,41.74
54713,123.1,124.4,8.3,500740.12,,0,sobrado,Centro-Oeste,-0.3287,2,164.66
53379,166.5,168.8,15.1,825120.03,12.25,0,apartamento,Nordeste,-0.8075,0,194.8
50965,99.7,99.2,1.0,285370.39,3.72,0,casa,Sudeste,-1.0168,3,78.93
53847,149.6,150.0,3.7,533782.0,6.37,0,casa,Sul,-1.5869,3,141.54
54179,134.3,130.4,4.9,443490.85,5.61,1,casa,Sudeste,0.4658,2,1870.51
53774,56.7,55.7,13.6,183543.67,0.6,0,apartamento,Sudeste,1.3402,0,246.3
55739,165.2,163.4,12.0,785397.51,13.15,2,apartamento,Norte,-0.8997,0,4944.68
53684,63.8,63.9,24.5,221289.45,3.3,1,casa,Sudeste,-0.856,0,2221.74
55497,70.1,70.8,7.7,317324.93,0.5,0,apartamento,Centro-Oeste,1.3861,1,270.77
54550,123.8,120.4,1.4,356473.44,4.11,1,apartamento,Sudeste,0.9185,0,1264.41
51977,117.6,117.0,36.2,467273.54,4.21,1,casa,Sul,-1.7165,3,1372.55
55108,141.1,144.5,8.1,345893.08,22.61,0,apartamento,Norte,1.2148,0,220.86
53948,66.2,64.8,5.1,242438.7,9.88,0,sobrado,Centro-Oeste,1.2956,3,88.4
54684,126.3,124.9,22.5,624851.89,28.66,0,casa,Nordeste,-0.1622,0,535.69
53180,73.8,72.0,4.9,277490.67,1.86,1,apartamento,Sudeste,0.1188,0,748.92
54856,156.4,153.0,16.8,644775.8,3.75,0,casa,Sudeste,-2.4934,0,429.05
51736,146.2,143.7,4.6,664193.88,10.02,1,apartamento,Sudeste,-0.8701,0,1115.21
54861,120.6,123.8,7.8,398659.65,4.4,1,apartamento,Norte,0.4206,2,480.9
55898,202.5,202.2,5.8,758420.62,2.14,0,casa,Sul,-0.8261,2,176.16
52014,119.0,115.7,7.7,553398.81,2.84,0,apartamento,Sudeste,-0.3263,1,846.38
55341,102.8,104.9,26.3,414567.44,10.01,0,casa,Sudeste,1.6335,2,840.46
54970,69.8,70.6,19.6,257621.74,1.65,0,casa,Nordeste,-0.8246,2,550.41
51022,124.3,121.7,15.8,433101.13,0.94,0,apartamento,Centro-Oeste,1.0004,0,303.84
50519,127.5,129.8,42.6,407790.95,25.34,1,casa,Sudeste,-0.9612,0,729.64
51484,183.4,182.7,27.0,761834.95,3.14,1,apartamento,Sudeste,-1.2145,1,1611.2
54993,223.7,226.8,19.4,938690.89,3.52,0,casa,Norte,1.0807,3,342.26
54411,94.5,94.2,2.5,337172.45,0.21,1,apartamento,Sudeste,-0.3909,1,495.57
50467,66.7,65.5,0.2,359395.3,1.1,0,sobrado,Nordeste,0.3607,2,68.12
54782,104.1,104.2,49.4,373671.55,2.38,3,casa,Sul,0.6045,1,6810.87
53320,137.5,134.5,6.2,545900.68,6.34,0,casa,Nordeste,0.8712,0,213.03
50286,85.6,85.3,7.7,276987.28,8.46,0,casa,Nordeste,-0.2498,0,89.43
50864,111.2,108.0,40.5,355051.73,2.52,0,apartamento,Sudeste,0.8997,1,949.03
54715,66.0,64.8,24.8,214638.97,1.12,0,apartamento,Sudeste,-0.7517,1,548.09
53348,69.0,68.7,47.3,272021.44,3.27,0,casa,Sudeste,-0.6564,3,679.73
50982,79.4,77.7,4.3,310660.01,13.57,0,casa,Sul,-0.297,0,107.87
50304,115.9,114.1,6.3,441472.81,0.71,0,casa,Sul,-1.7457,0,159.3
51421,131.1,131.8,18.4,531529.13,9.77,0,apartamento,Sul,-1.6991,1,477.7
54426,131.8,135.0,13.1,335041.48,13.15,2,casa,Sudeste,-1.2449,1,3322.93
55938,103.0,100.8,0.1,362175.14,2.16,0,casa,Sudeste,-2.2247,1,87.34
53788,78.8,79.6,26.5,355167.41,1.51,0,casa,Sudeste,0.677,2,622.17
54924,157.6,159.9,21.1,509364.85,1.06,0,cobertura_duplex,Sul,0.2198,1,348.51
52182,193.6,195.5,8.6,900494.63,0.78,0,apartamento,Sudeste,-0.0527,1,132.31
51845,162.6,166.2,13.4,549814.48,16.04,0,casa,Sul,-0.2473,3,200.34
55133,216.3,217.4,5.3,806851.93,2.87,0,sobrado,Sudeste,-0.5489,2,266.77
52906,133.9,134.7,3.3,573288.0,0.2,0,apartamento,Sudeste,0.7605,2,144.21
53921,192.9,187.5,8.3,844074.4,3.84,0,kitnet,Sudeste,0.7184,2,165.13
55486,47.3,46.5,5.8,202348.11,9.79,0,sobrado,Sudeste,-0.2539,2,126.33
53075,139.2,136.1,9.2,564778.07,1.05,1,kitnet,Sul,0.1375,0,809.52
52215,154.1,149.9,16.8,550495.87,7.12,1,apartamento,Sudeste,2.1603,3,1548.04
54346,105.6,102.7,11.3,332760.21,3.52,0,casa,Sudeste,-0.1749,3,89.55
52189,64.4,66.3,5.2,178017.59,7.96,0,casa,Sudeste,0.0305,2,38.07
55651,163.1,160.2,0.2,443203.73,1.41,0,apartamento,Centro-Oeste,0.3926,2,98.17
53645,80.8,79.0,18.6,317294.18,3.18,1,casa,Nordeste,1.4536,0,549.61
55109,56.0,55.5,5.3,217758.41,2.59,1,casa,Sudeste,-2.4223,0,1398.83
53416,79.4,79.4,0.7,267452.47,13.28,0,casa,Centro-Oeste,-0.3728,0,30.0
50555,161.7,163.4,20.2,773543.36,13.66,1,kitnet,Nordeste,-1.1844,2,959.55
54397,217.1,213.7,11.1,960746.07,6.91,2,apartamento,Sul,1.8324,1,1931.19
51122,78.2,77.3,13.5,204683.87,2.71,0,casa,Sudeste,0.7252,3,333.33
54117,124.5,127.4,19.9,454016.25,1.74,0,kitnet,Sudeste,0.6052,3,453.49
54820,309.6,307.5,1.0,1112324.13,4.83,0,sobrado,Sudeste,-1.367,3,59.89
52648,125.0,123.5,13.2,458649.53,4.59,1,sobrado,Sul,0.363,1,1221.52
54213,123.8,125.6,4.2,426318.25,7.41,0,sobrado,Centro-Oeste,-0.9081,1,89.04
55776,94.9,92.7,8.0,473523.79,7.7,0,casa,Nordeste,1.8512,0,177.99
52584,169.6,167.1,5.1,553093.86,7.85,0,casa,Norte,-0.0732,2,121.19
54395,147.4,148.6,0.9,373613.78,1.93,0,apartamento,Sul,0.2841,1,71.14
55493,105.5,106.3,23.3,316861.69,4.81,0,sobrado,Sudeste,-0.2123,1,262.51
54282,239.8,234.5,16.0,981507.54,0.2,0,apartamento,Sul,0.2279,2,334.66
51418,64.0,64.3,1.9,194354.65,2.64,0,sobrado,Nordeste,-0.3426,1,547.75
53920,102.7,103.6,12.8,288580.58,1.76,0,apartamento,Sul,0.1571,0,188.57
51351,105.4,107.4,0.7,443529.37,1.1,1,apartamento,Nordeste,0.247,2,1007.68
53896,183.8,179.5,13.9,839354.13,1.88,0,casa,Nordeste,-0.4855,3,99.27
53633,60.4,61.6,0.1,304919.68,3.01,0,sobrado,Sul,-0.8543,3,33.72
54459,76.0,75.5,37.1,212401.69,15.1,0,apartamento,Sul,-0.9459,2,900.78
53482,164.5,163.6,8.2,565911.96,6.54,0,apartamento,Sudeste,-0.4549,3,286.93
55177,80.9,82.7,52.4,327395.59,2.75,2,casa,Norte,0.5201,3,2803.51
52797,62.1,62.5,10.9,266458.44,7.31,0,casa,Centro-Oeste,0.0335,1,282.85
51170,147.9,145.7,22.3,536024.35,3.06,0,apartamento,Sul,0.6784,3,256.21
50539,72.4,71.3,6.6,283657.48,2.8,0,sobrado,Sudeste,-1.0671,2,149.91
54157,109.6,112.1,4.1,459034.72,8.5,0,apartamento,Sudeste,-2.4673,2,90.93
53993,159.9,157.1,11.4,598933.61,5.21,0,sobrado,Sudeste,1.5755,2,373.57
53872,202.6,207.5,4.1,890370.4,3.68,0,apartamento,Nordeste,0.5216,0,245.17
51867,69.5,68.8,31.1,195351.45,0.2,0,apartamento,Norte,-0.5615,1,734.96
54901,151.5,148.0,29.9,698719.55,15.03,1,casa,Sudeste,-0.3454,1,1533.57
53283,133.1,136.7,2.7,5063520.32,0.56,0,casa,Sudeste,-0.1177,1,277.03
54139,46.2,47.5,,162146.32,7.73,0,apartamento,Norte,-1.4974,0,30.0
52071,207.9,210.5,3.0,831583.05,2.05,0,sobrado,Sudeste,1.0755,0,144.42
53203,59.6,58.9,10.1,216253.77,2.99,0,sobrado,Centro-Oeste,0.0012,2,302.47
51702,127.8,130.9,5.9,554027.91,7.2,3,apartamento,Nordeste,0.2024,0,9145.33
52790,84.9,84.5,4.6,297415.26,5.02,0,apartamento,Sudeste,0.989,2,128.77
51861,291.8,294.8,4.6,896447.34,13.48,0,kitnet,Sul,-0.1665,3,128.82
52563,132.5,132.3,42.7,4932571.34,0.63,0,cobertura_duplex,Sul,-0.0264,0,516.45
53761,138.8,141.8,40.6,550566.79,9.82,0,apartamento,Sul,2.2345,0,590.93
54133,112.7,114.8,73.7,352666.04,3.35,0,apartamento,Sudeste,-1.7764,1,607.85
50001,102.5,101.6,27.8,474395.65,1.87,1,apartamento,Sudeste,-0.6887,2,1355.63
55933,59.6,59.7,6.1,239205.74,0.22,0,apartamento,Norte,-0.4417,0,181.6
55749,57.3,58.2,6.1,231411.69,15.94,0,casa,Norte,1.723,2,199.41
51332,64.2,62.4,1.4,168910.22,0.41,1,apartamento,Nordeste,1.4687,0,705.09
51817,58.6,57.5,1.3,236679.55,2.85,0,sobrado,Sul,0.378,3,62.3
54528,78.3,77.0,0.7,361630.71,3.45,2,casa,Nordeste,-1.7548,2,3457.46
50224,152.4,155.9,7.7,664511.54,17.76,0,apartamento,Sul,1.1701,0,157.8
55517,98.6,96.8,3.7,437301.32,1.34,0,casa,Sul,1.1225,1,139.65
52931,37.4,37.8,23.6,170055.8,,0,apartamento,Sul,-0.3321,3,167.95
50661,30.0,30.3,1.7,72893.74,0.91,0,casa,Sudeste,1.1174,2,97.46
52162,184.0,184.9,21.2,557090.85,11.27,0,casa,Sul,0.4633,0,940.48
55676,107.2,106.3,8.1,360067.0,23.71,0,apartamento,Sudeste,-1.2142,2,66.52
55707,188.7,192.8,8.6,768688.9,28.22,0,apartamento,Nordeste,-0.057,0,121.86
52611,140.9,143.1,7.5,546603.78,1.86,0,apartamento,Nordeste,0.1086,0,145.6
50451,263.5,266.3,5.9,802908.78,2.22,0,casa,Sudeste,-2.3085,3,124.68
51336,49.3,50.3,6.7,1110477.4,4.84,0,apartamento,Sudeste,-0.0864,0,132.22
55894,129.1,132.7,17.5,619452.32,10.25,0,casa,Sudeste,-0.144,2,652.2
50020,120.8,121.2,1.2,368552.03,3.87,0,cobertura_duplex,Sul,0.6842,0,74.1
51957,127.2,129.1,3.0,602420.19,7.11,0,sobrado,Sul,-1.5349,2,185.34
53521,74.5,73.0,5.5,209868.15,0.64,1,apartamento,Sudeste,-0.3317,3,1929.18
53167,132.3,134.7,0.5,519854.91,8.66,1,casa,Sudeste,-2.0052,3,814.14
51536,166.6,169.0,12.3,748674.26,15.59,0,sobrado,Sudeste,0.2295,1,334.68
50773,93.7,92.7,55.4,420805.19,6.49,0,sobrado,Nordeste,0.9752,0,490.44
54372,147.5,144.7,8.7,666646.39,0.84,0,casa,Sul,0.0252,1,228.23
51357,76.6,75.8,1.9,227196.48,7.41,1,casa,Norte,-1.3934,3,526.05
50283,129.8,130.5,55.6,3704916.6,2.66,0,apartamento,Sudeste,0.3371,0,595.5
52819,94.0,95.1,,345872.57,10.74,1,apartamento,Sul,-0.8908,0,3178.44
51326,215.8,213.4,2.6,987915.59,7.73,0,apartamento,Sudeste,0.0578,0,105.49
50776,110.9,110.9,12.2,454129.88,8.12,0,apartamento,Sul,0.3635,3,260.53
52984,180.2,181.8,7.4,669250.59,7.73,0,apartamento,Nordeste,-1.7194,2,140.24
53700,84.4,84.0,,369971.15,11.7,1,casa,Nordeste,0.4678,0,1230.61
52483,170.6,171.2,8.0,549518.37,3.59,1,casa,Sul,-0.4771,0,868.14
55440,30.0,30.2,1.3,115634.77,1.58,0,apartamento,Nordeste,-0.3054,0,80.98
53054,179.6,176.2,4.9,611836.11,4.1,0,sobrado,Sudeste,-1.4226,1,81.43
55792,176.4,177.7,12.9,791728.55,1.1,0,apartamento,Sudeste,0.6184,1,503.47
51330,138.2,134.2,1.4,563798.82,2.55,1,casa,Sudeste,-0.3043,0,994.05
53021,130.6,127.2,5.6,415615.36,0.9,0,casa,Sul,-0.8253,0,222.1
52267,31.4,31.3,29.3,145792.51,24.21,0,apartamento,Sudeste,-0.1499,1,240.26
53001,150.0,146.7,10.1,566274.53,5.72,2,casa,Nordeste,0.1692,3,5364.45
55029,93.5,90.7,36.8,303424.29,5.38,1,casa,Sul,-1.1489,3,1555.93
50620,156.2,155.1,13.8,577534.71,0.24,0,casa,Norte,-0.2111,2,374.13
50072,108.5,108.6,12.8,583814.09,12.65,0,casa,Sul,1.0901,1,245.14
50532,97.6,97.3,10.9,448441.26,19.07,0,sobrado,Nordeste,-0.0438,3,236.71
52734,40.3,40.2,14.4,193225.46,1.87,0,casa,Sudeste,1.2549,3,441.93
51430,236.0,239.3,15.1,962269.0,2.98,0,sobrado,Sudeste,-0.0686,2,331.85
52510,91.5,93.3,24.8,311546.53,1.84,0,casa,Nordeste,-0.3868,2,457.36
55991,56.7,56.6,5.2,205730.09,2.27,0,sobrado,Sudeste,0.481,1,157.49
51939,109.9,111.0,19.7,463429.0,2.28,0,casa,Sudeste,-0.7084,1,785.0
50401,137.0,140.4,21.6,509371.08,10.92,1,casa,Sudeste,0.4723,3,733.0
50317,52.7,53.5,11.5,206498.5,21.74,0,casa,Sudeste,0.7994,0,159.53
55146,149.6,152.5,5.6,396913.22,6.39,0,casa,Nordeste,0.399,0,147.69
54181,132.4,135.8,27.8,625473.22,0.52,0,apartamento,Sudeste,1.4256,1,1329.13
55015,202.4,205.1,,698114.68,0.2,0,apartamento,Sul,1.8695,0,205.93
51034,98.3,99.7,5.6,306094.74,7.54,0,casa,Sudeste,0.8704,3,205.39
55530,154.1,158.4,,605303.16,5.83,0,apartamento,Centro-Oeste,-0.5002,0,164.6
54640,51.5,52.2,2.7,129456.61,4.9,0,casa,Sudeste,-0.0532,3,42.12
54564,109.7,108.3,34.7,457747.95,1.39,1,apartamento,Nordeste,-0.2025,2,1637.08
55812,144.5,147.0,13.3,379897.83,4.93,0,casa,Sudeste,-0.9337,2,312.81
53528,80.2,80.7,1.1,206485.47,8.39,0,casa,Norte,0.4778,2,72.46
50737,204.1,207.2,22.2,733423.99,12.51,0,apartamento,Sudeste,1.4057,0,535.84
54283,95.3,93.6,,288668.8,4.33,0,apartamento,Centro-Oeste,-0.3535,2,176.72
50396,80.4,79.2,5.4,313108.09,0.9,0,sobrado,Sul,0.4994,2,323.5
51035,63.5,64.2,8.2,234762.59,4.9,0,apartamento,Norte,-0.5711,3,332.97
50039,101.0,104.0,30.8,325846.52,0.37,0,casa,Nordeste,-0.0776,3,687.2
53954,204.8,208.9,39.2,770028.99,0.99,0,apartamento,Sudeste,0.4482,1,508.92
50489,104.7,101.7,5.2,299269.54,11.32,1,casa,Sudeste,-0.34,1,1230.08
55796,127.3,124.8,37.8,378248.96,0.99,1,apartamento,Nordeste,-1.0961,1,1212.3
55284,94.3,93.7,46.9,495404.64,3.13,0,sobrado,Sul,1.0206,3,1087.87
54481,71.5,73.7,14.4,218908.67,5.7,0,apartamento,Sudeste,0.3422,3,268.8
53795,170.6,173.6,15.9,899983.48,5.57,0,sobrado,Sul,1.0935,0,334.19
53630,43.6,44.2,21.3,116505.6,2.75,1,apartamento,Sudeste,-0.7684,2,2581.28
54448,77.8,79.8,28.0,251395.4,1.07,0,casa,Sudeste,0.4686,1,434.82
52851,193.0,196.7,12.4,688698.38,8.04,1,casa,Norte,0.0232,1,540.8
55730,87.2,85.9,0.9,324877.38,2.24,0,casa,Sudeste,-1.378,2,39.06
55134,246.6,247.8,35.0,1231564.78,11.9,0,casa,Sul,-0.0867,2,1370.58
50227,74.2,73.4,17.1,259569.55,15.55,1,sobrado,Centro-Oeste,0.8572,1,1040.83
53759,64.1,64.0,7.5,226010.9,20.95,0,casa,Sudeste,0.1935,3,48.68
52089,160.3,160.5,1.4,364467.33,2.38,1,sobrado,Sudeste,0.2249,2,1103.82
55476,68.3,67.1,76.8,321195.68,6.38,1,sobrado,Nordeste,-0.8787,2,1103.81
54350,155.3,155.4,9.2,661800.59,6.16,0,casa,Norte,-0.4082,2,261.45
52702,257.2,251.7,9.4,1004766.02,3.54,0,apartamento,Norte,-1.3247,1,192.75
54323,129.7,131.2,10.6,506378.3,8.1,1,apartamento,Sudeste,-0.5809,3,481.78
55999,135.3,132.9,,424449.26,1.97,0,apartamento,Sul,0.4872,0,784.5
55603,35.0,34.5,43.6,140180.09,10.6,0,casa,Sudeste,-0.2522,3,372.71
50572,134.7,135.4,38.8,406346.35,3.01,0,casa,Sudeste,-0.1852,1,984.92
52339,68.2,66.4,4.5,208530.88,11.33,1,casa,Nordeste,1.0016,2,717.64
55742,103.1,103.5,33.6,285145.1,2.23,1,casa,Sudeste,0.5393,2,1029.91
51422,38.3,37.4,33.5,148580.88,3.41,0,apartamento,Norte,-1.3542,0,889.66
54155,81.7,81.9,6.7,322837.27,2.83,1,kitnet,Nordeste,-0.347,1,1566.85
52456,168.4,173.3,5.8,361282.25,13.97,0,apartamento,Nordeste,0.5897,3,168.54
52836,155.0,158.6,2.2,437198.14,3.23,0,apartamento,Sudeste,0.5085,2,112.17
50195,54.8,53.6,7.9,166474.73,0.52,0,casa,Centro-Oeste,1.0512,1,100.3
55774,146.0,144.8,0.4,759463.74,10.46,0,apartamento,Centro-Oeste,-0.2538,3,48.39
50629,127.7,125.9,4.6,3016303.64,8.52,1,apartamento,Sudeste,-1.0832,3,904.12
54246,257.0,257.5,17.4,1116004.71,9.87,0,sobrado,Nordeste,-0.746,3,348.09
54627,135.8,133.4,52.1,559813.17,1.26,2,apartamento,Sudeste,-0.704,0,7483.13
54130,121.7,122.8,18.7,535145.46,0.2,0,sobrado,Sudeste,-0.377,0,400.04
54677,79.0,77.4,21.1,299255.54,2.76,0,sobrado,Nordeste,0.5354,2,347.82
53771,152.2,154.1,25.1,480351.46,1.62,1,casa,Sudeste,0.1189,3,2367.32
52828,65.6,66.8,26.9,270710.28,8.45,0,sobrado,Sul,0.3373,3,229.61
55871,70.2,68.8,7.7,350548.85,0.33,1,apartamento,Sudeste,0.7987,1,1627.03
54512,132.1,133.4,90.0,587818.62,2.0,0,casa,Sudeste,1.0245,0,910.97
54015,80.1,80.7,17.9,266157.67,0.55,0,apartamento,Sul,-0.3328,0,905.63
52979,98.6,101.3,0.8,373804.41,0.2,0,casa,Centro-Oeste,1.2691,0,216.5
53276,81.6,82.1,23.9,384089.9,,0,cobertura_duplex,Sudeste,-0.2263,0,104.39
54818,59.0,58.6,2.3,210519.52,19.53,0,apartamento,Sul,1.3476,2,78.42
52650,200.5,199.9,35.1,835194.72,11.4,1,kitnet,Sudeste,-1.7145,3,1163.8
53502,132.4,130.1,3.2,432403.92,0.35,1,casa,Norte,-2.0289,1,2199.76
50949,166.3,163.1,7.7,634787.77,1.8,0,sobrado,Sudeste,0.7332,2,79.22
53154,143.0,145.8,0.3,437090.51,1.54,1,apartamento,Sudeste,0.0091,0,450.51
53079,136.4,137.7,10.0,483290.97,11.16,0,apartamento,Sudeste,0.0387,1,122.88
52948,30.0,29.8,23.8,117476.21,1.57,1,sobrado,Norte,-0.933,3,1889.54
50405,54.4,54.5,10.3,253252.62,1.8,0,casa,Nordeste,-1.0049,3,382.05
54824,62.8,62.3,12.8,247405.94,8.33,0,casa,Norte,0.4767,3,488.53
52708,96.8,98.9,9.8,504297.73,14.42,0,sobrado,Sudeste,1.4489,1,141.24
55830,58.0,57.4,9.0,222968.07,4.97,0,apartamento,Sudeste,-0.4409,3,186.45
54666,168.9,172.6,5.4,567824.95,0.37,0,apartamento,Nordeste,-0.0335,3,305.28
55023,71.8,70.3,11.8,315209.96,1.16,0,sobrado,Sudeste,0.613,2,487.88
51238,113.1,110.1,0.4,267316.88,5.39,1,apartamento,Sul,0.0194,2,383.43
51569,103.9,102.1,6.6,317552.06,3.99,0,apartamento,Sudeste,-0.6623,1,75.81
53579,157.9,157.2,0.5,736156.97,0.41,0,apartamento,Sudeste,0.4555,2,82.96
53175,76.2,75.2,1.8,317503.7,10.94,1,casa,Nordeste,-1.3778,2,1224.09
55662,87.9,86.2,35.3,419598.32,10.42,0,apartamento,Sul,0.3573,1,592.14
54915,59.4,59.0,12.7,180633.27,1.82,0,sobrado,Nordeste,-0.3309,3,276.04
53519,72.8,73.4,19.2,318937.5,16.64,0,casa,Sudeste,-0.2207,2,485.07
50735,82.1,83.9,20.1,381235.94,16.16,0,apartamento,Sul,0.4528,0,132.26
53438,153.2,153.2,17.5,611815.21,0.25,1,apartamento,Sudeste,-0.9494,0,790.19
53824,66.7,68.4,49.3,191856.42,3.88,0,apartamento,Sul,-0.2427,2,2213.96
55143,143.0,141.3,34.2,503201.16,1.45,1,casa,Norte,2.4525,2,2347.77
51096,80.0,81.4,12.6,255777.71,11.12,1,apartamento,Sul,-0.0373,3,1484.7
52148,43.8,43.3,5.5,221538.57,1.95,0,casa,Norte,-0.3088,1,139.21
55489,78.1,76.0,26.2,282479.11,18.96,1,sobrado,Norte,-0.2241,1,686.39
53018,182.5,178.6,17.1,741590.24,5.71,1,sobrado,Nordeste,-0.1794,3,1128.46
51551,157.5,162.0,11.9,644838.69,0.59,2,apartamento,Sudeste,0.39,1,4907.12
51622,44.7,44.8,17.0,199347.22,6.51,0,apartamento,Sudeste,-1.3531,3,385.42
52689,117.4,118.4,10.2,539778.28,6.68,0,casa,Nordeste,0.4644,2,128.35
50379,104.2,107.2,4.5,327577.47,3.92,0,casa,Nordeste,-0.699,0,299.4
51771,158.9,156.4,19.9,554860.47,1.75,0,casa,Sul,1.0039,1,1187.18
50033,78.8,78.6,18.0,372348.38,13.96,0,apartamento,Sudeste,-0.3822,2,432.74
50733,129.1,125.8,6.2,645916.9,0.52,1,casa,Sudeste,0.8225,3,2000.82
54573,218.5,221.8,12.9,763158.55,9.05,0,casa,Sul,1.2506,0,267.68
53319,104.7,105.7,63.4,424482.11,0.8,0,casa,Nordeste,0.2765,1,1227.95
51513,117.9,116.0,10.9,504062.88,0.2,0,sobrado,Nordeste,0.3015,2,264.01
51985,73.8,73.8,8.2,269505.82,3.95,1,sobrado,Sudeste,0.182,0,560.29
55979,122.2,125.2,31.8,449636.1,2.48,0,casa,Sudeste,2.596,3,2367.58
54858,119.0,120.0,66.6,398160.03,5.49,1,casa,Nordeste,0.3761,1,1442.74
55869,129.2,132.2,1.3,521935.64,4.44,1,sobrado,Sul,0.1393,3,508.98
53392,201.7,196.4,10.0,497907.03,2.37,0,apartamento,Sudeste,0.7399,1,193.2
54098,228.6,229.4,7.7,720439.45,0.37,0,kitnet,Nordeste,0.3157,0,200.78
52301,99.1,97.7,49.5,391169.69,3.39,0,apartamento,Norte,-1.6148,1,739.02
54311,130.7,129.2,9.2,473664.98,9.01,0,apartamento,Nordeste,-0.8402,0,173.35
50049,74.5,72.7,31.3,281825.51,3.76,0,casa,Sul,-1.321,3,900.52
52848,120.2,117.7,15.9,521677.87,1.57,0,apartamento,Centro-Oeste,-0.1137,2,366.64
55261,206.6,208.4,5.4,985800.25,1.64,1,casa,Sudeste,1.0134,3,691.24
50381,105.8,108.5,19.4,390088.36,0.99,0,apartamento,Sudeste,-0.0806,1,354.78
51343,90.2,92.8,3.5,376684.04,0.62,0,apartamento,Sudeste,0.4545,2,401.17
55269,64.1,63.5,6.8,306550.19,6.29,1,casa,Norte,0.8499,2,599.27
50978,103.9,103.0,14.5,356443.31,3.01,1,casa,Sudeste,-0.9422,2,907.22
53731,93.2,91.1,0.4,427770.23,,0,casa,Sudeste,1.0313,1,124.13
54067,153.0,157.4,82.0,471206.95,9.71,0,apartamento,Norte,1.2152,1,539.36
51859,83.0,85.3,4.9,336257.28,7.13,1,casa,Sudeste,0.2285,0,163.22
55729,137.0,139.1,18.2,440357.9,11.85,0,apartamento,Sudeste,0.3637,0,358.57
53380,144.3,144.8,3.4,575534.18,5.54,1,casa,Sudeste,-0.1537,0,831.77
50842,45.9,46.8,42.7,188048.75,3.84,0,casa,Nordeste,-0.3772,0,1208.53
53537,162.5,163.1,90.0,451994.68,2.6,0,casa,Sudeste,-0.6779,3,2491.88
53769,179.5,175.5,13.0,594502.33,6.58,0,apartamento,Sul,0.587,0,488.41
51224,133.8,133.3,4.5,502077.77,14.51,1,apartamento,Sudeste,0.1278,2,981.61
53158,71.2,69.5,14.2,271094.59,13.69,0,cobertura_duplex,Sudeste,-0.253,3,102.36
53277,88.6,87.1,10.2,391318.19,11.05,0,casa,Sudeste,0.4868,2,213.76
51364,78.7,80.6,25.1,318951.52,1.96,0,casa,Norte,-0.4888,2,587.89
51098,209.9,210.1,33.0,914604.0,7.34,0,apartamento,Nordeste,-0.4623,3,763.48
55646,157.8,159.0,13.6,658960.93,1.67,1,apartamento,Norte,-0.6304,1,970.91
53662,145.6,148.9,3.4,509137.27,2.93,0,apartamento,Centro-Oeste,0.2365,2,98.73
52592,289.2,295.5,3.7,1077410.87,4.99,0,casa,Sudeste,-0.5501,1,62.91
52368,59.2,60.5,38.4,198322.2,7.77,0,casa,Sudeste,0.9753,1,1115.96
54599,70.8,69.0,6.2,260046.25,8.79,0,casa,Nordeste,-0.2848,1,76.25
52768,144.2,140.7,17.1,388618.12,4.55,0,casa,Sudeste,0.221,2,174.84
52754,90.1,89.6,42.8,401944.99,2.21,1,apartamento,Nordeste,0.7502,0,1534.87
50349,98.0,98.1,2.3,352339.21,13.35,1,casa,Nordeste,-1.3502,2,741.46
53544,63.9,65.7,10.5,248395.69,0.63,0,apartamento,Sudeste,-0.6351,1,62.75
53058,57.6,58.1,14.7,236565.61,0.92,0,kitnet,Nordeste,-0.6861,2,215.9
55398,170.7,169.4,15.8,663261.48,17.25,0,casa,Nordeste,-0.1538,1,119.29
52740,31.2,31.5,0.9,142797.9,1.08,0,casa,Sudeste,-0.5495,3,89.84
50444,102.3,101.9,1.7,423409.05,0.59,0,casa,Sudeste,-1.7288,2,123.01
51831,74.3,72.5,26.0,239826.64,5.18,1,apartamento,Sudeste,0.0224,2,1408.68
53701,98.2,99.0,46.0,388049.45,,0,cobertura_duplex,Norte,-0.0425,3,1223.76
51819,103.3,103.7,15.1,437218.33,1.44,1,casa,Sudeste,1.3054,3,1223.17
53090,226.2,226.5,3.9,890069.73,7.29,1,apartamento,Sudeste,-0.3174,3,844.2
51515,63.5,65.4,21.6,249404.45,11.17,0,apartamento,Sudeste,-1.5,0,306.2
50871,284.5,285.3,6.3,875344.55,6.83,0,casa,Sudeste,0.6743,1,296.34
55932,95.1,92.4,0.7,456652.94,0.4,0,kitnet,Sul,-1.0883,0,45.03
53417,146.6,148.7,45.1,560511.54,8.96,0,casa,Nordeste,0.8805,0,911.11
53420,132.5,129.6,9.0,549672.1,25.05,0,sobrado,Sudeste,0.0694,2,128.65
51615,126.1,127.3,12.9,515651.39,9.11,0,casa,Sudeste,1.1368,3,511.7
55227,88.2,86.9,17.9,240593.57,,1,cobertura_duplex,Sudeste,-0.885,1,1466.93
54050,110.5,113.0,9.1,470590.22,10.86,0,apartamento,Sudeste,0.4328,3,277.64
52490,106.2,106.1,32.8,432089.28,6.35,1,casa,Sudeste,1.2994,2,2667.96
55098,101.1,100.2,15.5,426210.74,11.28,1,casa,Nordeste,-0.9027,0,1327.79
51533,154.4,154.3,2.6,753834.46,0.27,1,casa,Sul,0.5124,0,2423.23
50380,159.2,158.5,1.8,744336.39,1.47,0,sobrado,Sul,0.9663,1,529.29
50465,193.4,189.5,22.5,613245.92,2.1,1,casa,Norte,0.0867,0,832.24
54701,128.2,127.0,68.7,434146.34,5.22,0,casa,Sul,1.6835,0,438.33
51042,182.5,187.6,27.8,620175.19,10.34,1,apartamento,Sudeste,0.1077,0,1469.6
53581,190.8,195.8,6.1,592008.71,10.47,2,kitnet,Sudeste,-0.8075,2,4752.87
53030,142.1,142.0,25.3,704801.31,1.64,0,casa,Sudeste,-0.282,2,1365.58
52600,239.1,238.8,15.0,1012438.44,,0,apartamento,Sudeste,0.6115,1,547.8
52971,47.4,46.5,5.3,122548.88,3.86,0,apartamento,Sudeste,-0.279,0,91.43
54576,95.3,97.1,12.7,320035.5,2.36,0,apartamento,Sul,-0.1216,3,144.78
55571,85.9,87.4,3.4,301052.0,14.26,0,apartamento,Norte,-1.6718,2,67.7
53884,145.9,145.1,16.4,520181.65,0.2,0,kitnet,Nordeste,-1.1788,2,338.66
54170,86.2,84.1,6.8,325523.59,2.22,0,casa,Sudeste,0.505,1,135.23
50683,59.0,59.6,4.0,298732.02,0.95,1,casa,Nordeste,1.5189,1,2037.59
55218,248.8,249.3,2.1,1246100.51,21.09,0,apartamento,Sul,0.3613,1,50.99
54321,120.9,119.9,61.4,453700.51,4.86,2,kitnet,Sudeste,0.6549,3,1688.9
54992,149.0,149.4,3.6,532019.89,1.54,1,apartamento,Centro-Oeste,-0.9383,3,1962.51
54679,88.0,89.2,7.0,193084.7,2.29,1,apartamento,Nordeste,0.8351,2,714.2
50818,132.3,132.6,20.6,453440.66,14.98,0,sobrado,Centro-Oeste,-0.3533,2,365.33
51680,132.3,134.2,12.7,515462.8,3.73,0,cobertura_duplex,Sudeste,0.3192,3,339.18
52947,146.6,148.2,21.0,608668.1,10.34,0,casa,Sul,-0.4335,2,322.62
51889,141.7,142.1,6.1,665861.88,0.86,0,apartamento,Sudeste,-0.9531,3,130.11
50415,93.3,96.1,0.8,403981.69,18.69,0,sobrado,Sul,0.9543,3,30.0
53304,87.2,88.9,15.7,411646.42,0.27,0,casa,Sudeste,-0.3208,0,122.56
52075,104.1,106.4,25.0,335086.15,1.45,0,casa,Sudeste,-0.4776,0,199.46
53617,100.6,102.0,0.2,279741.51,,0,cobertura_duplex,Centro-Oeste,-0.9231,0,59.24
55127,112.8,110.3,44.0,470583.41,4.18,0,casa,Nordeste,0.1265,0,590.94
51139,68.1,68.7,17.8,208992.91,6.59,0,apartamento,Sudeste,-0.0977,0,366.38
53481,128.1,128.5,15.2,318799.22,18.31,2,apartamento,Sudeste,-0.0096,1,2243.38
52726,122.5,122.4,,435867.28,5.96,1,casa,Sudeste,-0.4893,3,964.59
50684,133.9,130.0,15.4,475308.85,0.96,0,casa,Sudeste,0.4183,2,218.8
51625,54.5,54.2,1.2,242971.68,4.25,0,apartamento,Norte,0.9376,2,96.54
50244,72.1,72.1,7.4,322223.76,5.47,0,casa,Nordeste,-0.2914,2,266.67
51887,96.0,93.8,4.9,413753.11,5.42,0,sobrado,Norte,0.2184,2,92.43
54184,104.6,101.9,1.1,348517.06,8.37,0,apartamento,Sul,0.2663,2,41.1
50154,96.7,97.4,13.3,323659.8,0.33,0,casa,Sul,-0.9195,0,210.85
55022,175.2,176.5,58.6,449050.29,0.2,1,casa,Nordeste,0.8245,3,2078.28
51172,148.8,151.1,20.6,471117.34,8.22,0,casa,Centro-Oeste,0.4641,1,528.1
55805,43.7,42.8,18.9,169430.9,1.81,0,casa,Sudeste,-0.3409,1,272.65
51726,97.9,95.8,20.8,314273.72,0.99,0,casa,Sudeste,0.5865,2,339.14
51718,50.5,49.4,0.1,204248.24,12.22,0,apartamento,Sudeste,-0.0287,1,33.67
53495,106.0,107.3,0.2,473834.91,3.69,0,casa,Sul,2.6,2,127.99
51390,104.7,105.1,86.3,366770.83,,1,casa,Sul,-0.1965,0,1345.04
50910,284.5,279.6,11.4,1243673.13,13.08,1,sobrado,Sudeste,-0.7942,2,809.55
52531,174.4,177.4,20.3,534552.76,1.41,0,casa,Sudeste,-0.7359,0,332.81
54554,129.3,129.4,6.8,498596.64,12.61,1,sobrado,Sudeste,-0.5258,3,1089.97
55049,118.4,115.9,16.0,471990.97,6.98,0,kitnet,Sudeste,-1.0225,0,559.14
52772,113.7,110.7,21.4,343846.4,4.24,0,apartamento,Sudeste,3.2512,3,767.28
50066,213.1,217.8,44.4,908011.85,12.4,1,sobrado,Sul,1.7476,3,1503.47
54604,134.1,135.6,5.2,521542.06,4.24,0,casa,Norte,-1.2003,1,102.52
53780,81.3,81.7,16.5,241884.78,1.73,0,apartamento,Sudeste,-0.2385,3,262.99
53327,129.9,128.2,0.4,477548.53,7.91,0,casa,Nordeste,0.4638,0,34.62
52017,51.0,50.0,9.9,175876.07,3.35,0,casa,Sul,-0.2308,2,119.75
50347,110.8,108.7,2.1,525080.42,6.08,1,apartamento,Norte,1.4805,2,1522.66
52878,144.9,145.2,0.6,580547.77,,0,casa,Nordeste,-0.5739,0,61.84
51220,132.0,131.2,22.9,513897.93,1.54,1,kitnet,Sudeste,0.4575,1,1151.58
52756,45.0,45.1,12.9,191631.94,5.34,1,casa,Nordeste,0.0424,3,791.88
54245,143.1,140.4,11.5,543309.22,5.69,0,casa,Nordeste,0.3821,2,150.93
51984,159.7,161.5,10.0,622733.15,12.5,1,apartamento,Centro-Oeste,0.0871,2,2286.33
51921,128.1,129.5,2.3,475266.82,6.27,0,sobrado,Nordeste,0.1575,0,73.18
54976,71.1,72.3,6.4,325905.64,4.19,1,casa,Norte,1.329,0,1526.25
54316,109.7,109.3,1.5,391884.65,0.57,1,casa,Sudeste,0.1424,3,819.55
55580,153.2,149.4,58.8,453144.81,1.35,1,sobrado,Sudeste,0.7378,2,1673.15
54000,118.2,115.5,40.4,495219.04,3.09,0,casa,Sul,-1.1199,2,635.7
52087,92.4,93.9,2.9,336901.51,1.22,0,apartamento,Sudeste,-1.7381,3,183.62
50608,77.3,78.0,10.2,373980.41,19.31,0,casa,Sul,2.1587,1,186.29
55604,113.0,113.6,7.6,501657.95,1.31,1,casa,Nordeste,-0.901,2,1361.32
53408,126.9,124.9,4.9,688028.92,4.44,0,kitnet,Norte,-0.1067,1,198.94
50348,266.8,270.9,5.1,1258031.7,5.56,0,casa,Sudeste,-1.4557,1,151.72
51705,156.2,154.5,7.0,514241.32,1.4,0,sobrado,Nordeste,0.5406,3,124.15
51953,167.9,166.1,14.6,735296.75,3.4,0,casa,Centro-Oeste,-1.4184,3,379.59
55010,30.0,30.3,10.4,132273.91,10.28,0,kitnet,Sudeste,-0.7185,3,78.04
50030,63.6,65.1,5.7,271752.84,4.79,1,casa,Sudeste,-0.5551,0,3380.53
54630,253.5,250.4,32.1,1090921.85,3.63,0,apartamento,Centro-Oeste,0.8616,1,692.72
52311,136.3,137.6,7.8,496226.08,7.16,1,casa,Norte,0.7764,3,937.35
51928,79.2,80.7,1.9,277506.2,7.79,0,casa,Sudeste,1.0228,2,37.97
54601,110.3,107.9,2.2,555175.87,3.5,0,casa,Nordeste,-3.2019,1,145.6
50875,46.1,44.9,24.3,184535.09,14.56,0,apartamento,Sul,0.1633,0,680.51
53961,143.2,146.6,0.9,436891.45,1.23,0,apartamento,Sul,-0.8215,2,222.26
51414,94.6,92.1,12.1,351288.56,3.87,0,apartamento,Sudeste,0.1958,0,243.86
51662,107.7,106.5,0.3,358133.08,3.37,0,apartamento,Sudeste,1.1361,3,177.73
52346,134.0,131.2,49.4,544566.68,0.2,0,apartamento,Sudeste,-0.034,1,447.94
55090,72.9,74.3,32.1,270261.17,10.53,0,casa,Sudeste,1.0763,3,266.09
51155,127.4,130.7,4.9,555059.59,1.49,0,sobrado,Sul,-0.7113,1,179.67
50148,218.8,214.2,7.6,731477.18,7.15,0,casa,Sudeste,-0.889,3,260.88
55360,62.3,62.8,4.3,268588.48,21.11,0,apartamento,Sudeste,-0.7231,3,73.02
51870,78.4,79.3,24.9,348944.09,4.16,1,apartamento,Sul,0.0771,3,383.12
54140,142.8,139.4,12.3,435654.63,17.27,0,apartamento,Sudeste,-0.0931,1,75.95
53201,38.2,37.2,23.8,156992.57,3.23,0,apartamento,Nordeste,2.8872,1,421.51
52240,65.6,66.7,20.1,227009.56,2.31,1,apartamento,Sudeste,-1.8073,0,866.93
53124,121.1,124.3,16.8,538180.43,0.72,0,casa,Centro-Oeste,0.3824,2,369.96
55835,71.5,73.2,0.9,339380.46,8.08,0,sobrado,Sudeste,-0.8978,3,124.63
50558,107.2,106.9,3.6,404929.71,10.69,1,apartamento,Sudeste,-0.3398,0,1178.4
55636,77.2,78.8,2.5,236658.62,4.26,1,apartamento,Sudeste,-0.6395,1,924.99
55066,170.7,167.3,2.1,584358.34,0.2,0,apartamento,Sul,-0.9898,1,132.47
50548,85.4,87.6,0.6,305585.37,1.4,0,apartamento,Sul,-0.4341,0,47.28
50768,180.9,184.7,10.3,755064.02,17.37,0,apartamento,Norte,-0.014,2,352.47
50971,80.8,79.5,12.1,255506.58,3.05,0,sobrado,Sul,-0.4129,2,436.21
53083,106.4,104.1,10.2,331415.34,5.9,0,apartamento,Sudeste,-1.5231,1,192.53
52078,119.1,120.8,33.2,539928.67,1.28,0,casa,Nordeste,0.5402,0,296.16
50531,171.3,173.4,12.3,659134.96,10.6,0,sobrado,Centro-Oeste,0.1919,3,143.5
50138,130.7,128.8,1.0,591852.52,2.72,0,casa,Sudeste,-0.5911,3,94.09
52696,169.1,169.5,9.9,854739.77,2.66,0,casa,Sudeste,-1.4065,3,441.96
53890,152.7,154.9,6.5,671475.06,7.97,0,casa,Centro-Oeste,0.4619,1,231.64
50642,135.3,138.2,9.6,374652.06,2.68,0,casa,Sudeste,0.2866,3,261.3
51580,119.7,123.3,12.4,400197.45,5.09,1,sobrado,Sudeste,2.3371,2,2126.84
54975,122.9,124.6,30.1,463494.22,4.49,0,casa,Sul,1.0838,2,833.37
51995,171.8,175.2,11.7,714589.31,2.28,0,casa,Sudeste,0.558,2,226.76
55163,84.1,84.2,51.5,295781.21,17.0,0,sobrado,Sudeste,-0.0371,3,190.54
55279,110.0,108.3,5.3,395186.46,1.71,1,kitnet,Sudeste,0.6629,0,695.91
52359,126.2,129.0,1.0,541412.5,6.06,0,casa,Nordeste,0.2548,3,67.14
52936,48.7,49.9,13.6,198593.01,5.55,0,casa,Nordeste,1.2829,3,364.04
52890,135.9,137.2,7.6,576580.39,4.15,0,casa,Sudeste,1.3756,0,129.77
50487,32.2,32.1,19.3,139506.49,1.55,0,casa,Sudeste,-0.0104,0,342.96
50495,117.6,120.6,21.1,596390.28,6.74,1,casa,Centro-Oeste,0.0607,2,1616.81
54864,66.7,64.9,26.7,271925.66,3.64,0,sobrado,Sul,1.0828,0,549.51
54299,106.6,107.5,12.4,371148.99,2.73,0,apartamento,Sudeste,0.9803,2,88.71
53064,103.1,101.3,15.2,280418.11,1.9,1,casa,Sudeste,0.3122,1,954.25
52315,116.4,114.4,5.8,416176.97,12.46,0,apartamento,Sul,-1.006,0,129.84
51651,66.2,66.2,25.5,268110.59,7.08,0,casa,Sudeste,-0.8134,0,269.13
51393,68.9,70.3,12.0,294664.17,3.06,0,casa,Centro-Oeste,1.351,0,348.78
54307,164.1,166.7,3.8,590611.99,1.82,0,casa,Sudeste,-1.1054,2,76.81
50521,103.9,105.2,50.9,358379.99,9.26,0,apartamento,Sudeste,-0.3039,2,842.08
55380,148.1,147.8,25.1,483594.88,6.42,0,apartamento,Sul,-0.0024,3,911.03
53706,174.1,170.4,3.6,730327.04,4.04,0,casa,Sul,-1.5847,1,124.27
52027,69.4,70.4,15.6,240514.09,0.93,0,apartamento,Norte,-0.4464,2,350.02
50530,77.7,77.0,6.0,286429.55,,1,casa,Sudeste,0.041,2,539.97
54266,217.4,211.1,1.7,1040220.61,24.99,0,casa,Sul,-1.1265,0,30.0
52658,67.8,67.0,3.7,284753.7,7.38,0,apartamento,Sudeste,-0.6593,3,126.31
50517,100.2,98.8,33.2,291664.68,9.47,1,apartamento,Sudeste,0.7041,0,764.6
52537,102.5,105.3,3.3,416288.61,1.29,0,kitnet,Centro-Oeste,-0.9465,1,141.88
54441,218.4,223.6,25.6,870339.25,13.45,1,apartamento,Nordeste,-0.4861,0,583.33
52929,136.3,138.3,34.6,468184.93,11.12,0,sobrado,Sudeste,1.0353,1,461.62
53861,144.4,141.9,12.7,463314.84,12.5,1,casa,Sudeste,-1.0217,1,1350.25
54933,148.4,152.4,30.0,689711.34,1.93,0,kitnet,Sudeste,0.3621,2,494.16
51835,55.1,53.9,10.5,193516.89,2.29,0,apartamento,Sudeste,-0.5095,0,217.9
51710,86.4,88.7,11.4,233427.74,4.75,2,apartamento,Sudeste,0.1182,3,4046.6
55017,145.6,143.4,1.9,632794.21,2.13,1,casa,Nordeste,0.3625,1,1908.15
51688,104.5,103.2,24.3,408076.02,13.65,1,casa,Sul,-0.5748,3,2237.24
50918,102.5,100.9,5.1,374983.28,1.22,0,casa,Norte,0.2919,0,84.82
55189,102.3,99.7,5.6,323922.16,3.46,0,apartamento,Nordeste,1.6084,3,136.38
54653,83.7,84.4,1.9,348655.29,0.99,0,casa,Sudeste,0.5321,0,155.47
54644,168.7,165.7,7.2,667672.85,7.42,0,casa,Sudeste,-0.6318,3,233.01
52111,51.1,52.4,0.3,148032.82,3.92,1,casa,Nordeste,1.0954,2,1830.01
54339,194.2,195.4,5.2,953758.66,4.15,0,apartamento,Norte,0.0239,1,75.04
53775,144.9,141.7,5.6,438142.9,10.44,0,casa,Sudeste,0.3042,1,78.19
54721,228.7,229.5,6.2,572485.49,7.9,1,casa,Sudeste,1.6568,1,743.87
53515,130.0,128.5,2.7,558742.14,23.84,0,apartamento,Nordeste,-0.9607,1,42.5
50326,73.6,73.9,15.7,219397.1,23.01,1,casa,Sudeste,-0.1054,2,800.35
53050,248.5,247.1,6.4,1002530.96,3.59,0,casa,Norte,-1.1843,2,226.56
51246,125.2,126.8,0.7,450369.86,3.74,0,apartamento,Nordeste,-0.1497,2,77.87
51829,89.9,89.0,17.1,324255.76,5.11,1,casa,Nordeste,-0.8802,2,1470.72
50601,167.1,168.9,8.7,607519.07,10.93,0,casa,Nordeste,1.3305,1,81.86
55847,60.1,58.7,1.2,148745.5,20.49,0,casa,Sudeste,1.1505,0,30.0
54494,159.9,162.7,14.5,573528.58,30.93,0,kitnet,Sudeste,-3.3648,1,485.7
54717,212.1,210.2,14.0,968281.45,3.69,0,apartamento,Nordeste,1.0571,2,485.69
52404,267.9,271.9,3.8,857989.19,4.8,1,casa,Sul,0.647,3,2477.48
55678,156.3,153.1,38.5,745900.23,3.3,0,apartamento,Centro-Oeste,1.2733,0,989.8
50483,156.3,158.2,8.2,660412.72,7.01,0,sobrado,Norte,-0.2537,0,285.78
52832,137.7,135.5,11.6,458857.19,5.26,0,apartamento,Nordeste,-1.3222,0,293.12
50520,71.6,71.3,24.6,210653.69,4.21,1,apartamento,Sul,-0.5378,1,1739.89
55159,126.7,129.4,,442341.54,4.75,0,casa,Nordeste,1.1238,1,165.46
54783,44.4,43.7,3.3,155888.61,8.35,0,casa,Centro-Oeste,-1.1221,2,118.53
53010,153.4,153.4,5.6,719976.44,0.96,1,casa,Centro-Oeste,0.3585,2,1262.29
50873,69.7,70.7,10.0,289870.3,7.86,1,casa,Sudeste,2.6828,0,413.52
51869,97.1,99.3,31.0,530532.61,11.74,0,apartamento,Nordeste,-0.6912,2,545.9
51185,213.6,212.2,6.9,885119.91,,0,casa,Nordeste,0.2114,2,140.49
50917,94.8,92.8,3.3,338013.4,1.4,0,casa,Centro-Oeste,-0.3638,1,320.01
50241,69.1,70.3,0.3,253019.25,4.86,2,casa,Norte,-0.8213,0,5523.09
52030,95.6,94.2,49.2,177056.25,21.9,0,casa,Sudeste,0.7447,3,433.44
51371,90.5,90.2,20.6,276088.25,4.49,0,casa,Sul,0.1303,3,304.63
54504,87.9,90.5,27.4,337932.41,2.34,0,casa,Sul,-0.248,1,938.93
51142,123.7,122.8,1.4,469139.57,20.24,0,apartamento,Sudeste,0.8682,3,30.0
51767,136.1,137.1,17.9,666028.93,3.46,0,apartamento,Sudeste,-0.4901,0,827.88
54868,140.8,142.4,36.0,440946.48,7.02,2,apartamento,Norte,-0.9108,3,1422.55
51778,95.0,94.5,0.9,189867.42,3.0,1,apartamento,Sudeste,0.8079,0,1154.52
55416,78.7,79.1,6.3,251793.11,12.8,0,casa,Centro-Oeste,-0.7469,2,52.9
50725,161.8,164.5,8.9,710811.8,12.61,0,casa,Nordeste,1.7609,1,186.47
50979,151.9,154.7,24.9,522184.52,6.59,0,casa,Sul,0.0121,2,947.35
53699,75.0,75.1,69.3,245043.07,2.02,1,casa,Sudeste,-0.3823,3,1759.99
53263,139.5,142.4,1.1,295953.57,4.6,0,casa,Norte,0.8089,2,61.46
51597,82.3,80.0,7.9,319135.68,5.17,0,sobrado,Norte,1.3646,0,81.53
53059,182.7,179.7,24.1,601802.77,9.27,0,apartamento,Norte,-0.8112,0,587.36
54465,96.0,93.3,0.3,319472.41,5.05,0,apartamento,Norte,-0.6635,2,110.82
50695,124.9,122.9,43.6,547795.97,6.24,0,apartamento,Nordeste,-0.4209,1,1118.36
53352,120.6,121.2,5.7,454400.55,4.46,0,casa,Norte,-2.2017,3,144.42
52943,88.5,88.3,1.6,197163.66,12.81,0,sobrado,Centro-Oeste,-0.6649,2,125.42
51160,109.6,108.0,12.6,265620.19,1.74,0,casa,Sul,0.0426,2,253.99
54053,111.8,112.8,30.6,436263.14,10.88,0,apartamento,Nordeste,-0.233,0,1460.47
53858,127.2,130.3,27.3,365427.92,1.42,0,casa,Sul,-0.171,3,555.76
55710,81.5,82.5,15.9,401464.79,0.9,0,casa,Sudeste,-0.2588,0,762.56
54445,53.3,52.9,9.9,217331.91,10.23,1,casa,Nordeste,-0.015,1,1268.13
53960,30.0,29.8,48.3,82157.57,2.78,0,apartamento,Sudeste,0.6145,3,982.72
54728,148.5,148.0,2.7,510717.14,1.75,0,apartamento,Sudeste,-1.9492,3,86.36
53845,154.8,153.3,1.3,595773.79,4.33,0,casa,Sudeste,-0.2721,2,33.42
50044,156.6,157.6,27.2,469599.12,1.41,1,apartamento,Sudeste,-0.5663,0,3030.11
54916,124.3,125.2,5.6,586472.0,7.1,0,sobrado,Nordeste,1.1424,3,75.67
50308,134.4,132.1,0.7,511334.96,0.72,1,casa,Nordeste,1.218,1,2851.33
50376,94.7,97.3,13.1,413063.0,10.94,0,apartamento,Sudeste,-1.3359,1,316.3
55359,105.1,102.9,3.7,423743.93,5.51,0,apartamento,Sul,-0.5406,2,30.0
52399,95.7,97.4,48.1,419311.08,1.45,0,casa,Nordeste,-0.6048,3,430.04
50065,51.8,52.5,7.1,195558.26,0.2,0,casa,Norte,-1.0803,2,222.22
55060,133.1,130.4,,596471.4,3.43,0,sobrado,Sul,-0.6931,3,114.72
52200,215.6,211.4,52.1,776484.31,11.12,0,apartamento,Nordeste,0.2079,0,604.86
55648,114.9,111.6,74.7,467190.08,6.07,0,casa,Sudeste,1.6324,3,1159.1
54309,251.2,247.1,16.1,703832.29,1.87,0,apartamento,Sul,0.8079,1,405.98
51262,106.8,107.1,1.9,408100.36,7.84,0,casa,Nordeste,0.3912,0,90.35
55559,97.6,99.5,,293660.9,11.74,0,kitnet,Sudeste,-0.6218,2,41.84
52350,91.2,91.5,12.7,389723.24,1.54,0,casa,Sudeste,-1.1903,2,264.4
51563,160.0,161.0,16.9,745634.99,7.14,1,casa,Sudeste,-0.9698,3,1009.82
54753,157.2,156.2,,671974.3,28.28,0,casa,Sul,0.2176,2,68.16
50840,168.4,172.1,26.3,600485.79,7.3,0,casa,Sudeste,0.3133,3,484.59
52714,43.8,42.8,1.4,136759.91,1.28,0,casa,Centro-Oeste,2.4415,2,130.8
55880,57.9,58.9,0.6,246887.61,,0,casa,Nordeste,-0.3551,1,87.32
55625,166.3,168.4,4.8,620572.23,1.4,0,casa,Sudeste,0.97,1,102.37
50509,33.2,32.9,12.2,147332.49,27.42,1,sobrado,Norte,0.4105,2,1835.24
55842,154.6,156.0,15.0,419371.54,2.05,0,casa,Sudeste,0.2584,1,460.58
52579,72.7,72.9,11.9,266837.73,1.49,0,apartamento,Sudeste,0.5354,2,382.3
51742,163.4,162.1,,748812.46,4.58,0,apartamento,Sudeste,-1.2034,2,123.02
54363,36.1,35.5,14.3,123268.81,17.85,0,apartamento,Sudeste,-0.9918,1,185.17
55248,94.2,95.0,19.7,433660.99,10.08,0,casa,Sudeste,-0.6349,1,109.51
50113,75.0,75.5,53.2,310787.65,7.79,0,casa,Nordeste,-0.0565,2,667.52
51519,84.1,83.3,4.2,283758.58,8.35,0,apartamento,Sudeste,-0.0611,1,86.34
55135,164.3,163.7,2.1,560213.91,0.65,0,casa,Sudeste,-1.3454,2,73.58
52751,183.8,184.0,24.2,855746.07,,0,cobertura_duplex,Nordeste,-0.7385,2,261.78
50496,150.5,148.1,9.6,642441.8,2.14,0,casa,Sul,0.8225,2,1051.41
54153,144.1,139.8,2.2,731426.11,1.24,0,casa,Sul,0.4171,2,90.9
51442,93.4,91.7,2.5,401592.22,2.52,0,casa,Nordeste,-0.8049,3,106.9
51369,57.5,57.4,5.2,251286.33,6.92,1,kitnet,Sudeste,-1.2655,3,1314.54
55483,70.3,69.1,1.7,247941.57,6.25,1,kitnet,Sudeste,0.5722,2,683.14
54617,258.8,264.9,5.1,995033.13,3.94,1,casa,Nordeste,0.2015,2,1244.67
53104,134.3,133.4,4.4,623831.34,19.45,0,kitnet,Nordeste,0.2064,0,66.65
54145,189.3,185.6,33.7,890253.98,1.72,0,casa,Sudeste,-2.0699,3,1119.95
51281,123.5,121.2,22.1,735671.46,9.63,0,casa,Sudeste,1.3339,2,565.09
54974,114.9,112.7,1.4,307750.72,0.48,0,casa,Centro-Oeste,1.4723,0,213.07
54076,98.9,101.5,8.8,360310.01,9.86,0,sobrado,Sudeste,1.0645,0,212.24
52641,160.5,156.8,12.0,808400.23,15.02,0,sobrado,Sudeste,-0.4299,2,124.71
50125,204.5,202.6,15.3,771228.99,2.97,0,casa,Sul,0.0206,1,471.91
53364,157.0,155.1,14.6,525692.31,,0,apartamento,Sul,-0.5908,0,354.17
53255,123.8,121.7,17.4,471043.85,1.11,0,apartamento,Sudeste,1.2545,1,980.2
50678,140.1,136.4,22.2,621442.31,0.71,0,casa,Sudeste,1.1103,1,671.03
52460,153.3,154.8,20.6,586445.28,27.85,0,sobrado,Sudeste,0.7499,2,487.7
55558,130.3,127.7,13.9,443433.77,7.08,0,casa,Sudeste,0.7231,2,351.66
50452,161.4,159.4,9.4,545505.91,1.19,0,sobrado,Centro-Oeste,1.96,1,279.45
52223,135.7,137.2,5.0,5244253.29,0.2,0,casa,Norte,-1.8289,3,444.29
54857,108.7,110.3,44.9,275402.42,1.99,1,apartamento,Sudeste,-0.0407,2,1181.24
54797,243.2,240.6,0.1,924429.75,1.85,0,casa,Nordeste,2.6063,3,216.03
52175,46.8,45.9,0.5,172814.65,3.89,2,apartamento,Sudeste,-1.1225,1,1097.54
54538,137.3,135.5,0.7,515348.6,4.74,0,apartamento,Sudeste,0.8831,2,49.04
54250,126.5,129.7,27.7,568061.22,0.2,0,sobrado,Centro-Oeste,-0.6402,2,632.37
51180,75.6,77.1,10.4,322606.12,1.77,0,casa,Sudeste,0.4315,2,207.57
55459,209.5,212.5,26.0,549950.61,2.56,0,apartamento,Nordeste,0.4269,0,1321.67
53110,99.8,101.4,,356226.27,11.93,0,apartamento,Sul,-1.0999,0,51.38
54188,112.1,110.5,5.7,478484.6,14.58,0,cobertura_duplex,Sudeste,-1.1392,2,92.5
52260,63.7,62.7,26.2,180762.16,5.59,0,casa,Nordeste,-0.2739,1,350.27
55622,113.9,117.2,17.7,463763.63,1.44,0,apartamento,Centro-Oeste,-1.2439,2,441.57
52088,112.5,113.5,0.1,327832.63,4.2,0,sobrado,Sul,0.1062,2,82.05
53904,138.8,138.6,73.2,524759.66,7.18,0,casa,Sudeste,0.0271,3,771.56
50282,191.9,195.0,5.2,657888.76,0.47,0,apartamento,Sudeste,0.354,2,140.04
54532,45.5,44.5,17.4,146470.74,4.97,0,sobrado,Nordeste,0.2754,2,245.58
54941,64.7,63.2,2.9,201412.87,25.45,0,casa,Sul,-0.7476,1,48.12
55657,128.0,126.7,1.9,513559.66,2.27,0,kitnet,Sudeste,0.269,3,165.19
50861,163.9,163.1,2.2,846247.33,0.31,0,kitnet,Norte,0.5017,1,284.4
50895,34.6,34.3,1.9,135524.88,2.4,0,apartamento,Sudeste,-0.6288,2,53.07
53151,142.8,140.6,16.9,538323.28,9.55,0,sobrado,Sul,-1.3438,1,218.32
52300,147.0,143.8,7.6,570943.24,1.37,0,apartamento,Sul,-0.2763,3,121.97
52764,130.3,129.2,4.5,413621.81,15.68,0,casa,Sul,0.3837,1,60.49
50582,182.8,178.9,20.8,623222.14,5.63,1,apartamento,Sudeste,0.2453,0,3741.64
50137,138.3,135.3,18.3,422019.45,3.05,0,casa,Sul,-1.1259,0,268.87
54400,149.4,149.7,3.6,643682.4,3.89,0,kitnet,Sudeste,-0.3697,2,191.23
53164,244.5,247.5,,1123373.88,4.1,0,apartamento,Sudeste,-2.1568,3,363.03
54150,77.4,78.4,6.9,253804.41,0.72,1,casa,Sudeste,0.8099,3,845.56
53108,133.5,131.8,20.8,473362.51,9.09,0,casa,Norte,-0.7119,3,255.94
52505,220.2,218.7,31.8,950145.32,3.67,0,casa,Nordeste,-0.869,1,369.02
50704,70.9,72.0,20.8,252902.88,10.04,0,casa,Sul,0.5204,0,335.05
55267,142.0,144.9,,521790.49,9.09,0,casa,Sudeste,0.1113,2,104.69
54665,115.9,117.7,22.0,392918.21,2.98,1,apartamento,Nordeste,0.4668,0,963.46
52433,193.0,193.7,3.9,358552.27,4.21,0,apartamento,Sudeste,0.3639,0,651.43
55811,35.9,35.9,1.8,141822.42,1.3,0,apartamento,Sudeste,0.7573,0,351.44
50167,74.3,75.1,9.8,242651.72,8.13,0,casa,Sudeste,-1.9063,0,172.32
50888,80.4,78.3,5.1,270935.12,0.67,1,apartamento,Sul,-1.7854,1,1737.15
54804,126.1,123.7,,487817.57,7.07,0,apartamento,Nordeste,-0.7583,0,319.92
53810,162.4,157.8,47.4,388840.07,0.73,0,casa,Sul,0.3451,3,709.52
50944,30.8,31.2,2.4,97031.88,0.51,0,casa,Norte,-1.3303,1,165.44
54609,89.2,88.3,13.3,306160.2,9.38,0,apartamento,Sudeste,0.6987,2,228.39
53786,73.3,74.1,6.3,230712.03,15.05,0,apartamento,Sul,-1.3164,1,143.46
54693,65.0,65.6,3.7,170851.12,3.55,0,apartamento,Sul,-0.2636,0,117.13
52812,105.8,106.0,23.6,376892.08,1.47,0,casa,Nordeste,-0.6956,3,611.77
54235,45.5,44.8,9.3,180697.14,4.63,1,apartamento,Sudeste,0.0618,2,921.46
51754,100.8,100.2,1.4,446770.75,6.04,0,casa,Sul,0.6364,1,138.57
51302,152.8,153.1,40.5,535765.14,0.64,0,casa,Norte,-0.7908,2,696.7
51290,101.0,99.9,11.1,282129.66,7.53,0,casa,Sul,-0.8505,2,113.99
55950,200.5,198.4,,622476.04,17.88,1,casa,Centro-Oeste,-0.1691,3,1163.76
54633,70.3,68.4,15.1,215288.46,1.25,1,casa,Sudeste,-0.2343,0,468.23
54477,156.3,155.3,1.4,687358.92,2.21,0,casa,Norte,1.4735,2,72.84
53321,152.2,156.5,7.1,518497.88,4.56,0,apartamento,Nordeste,-1.3981,2,151.33
52902,115.7,115.4,14.1,380404.51,2.71,1,apartamento,Sudeste,-0.1342,2,945.94
54661,357.1,347.8,46.7,1894213.24,12.03,1,apartamento,Sudeste,-0.3889,1,1820.61
51595,129.6,126.5,0.4,402897.41,11.79,2,casa,Sul,-1.174,2,2029.62
51556,159.4,156.8,35.6,765446.85,8.21,1,casa,Sudeste,0.2158,2,1673.37
51427,136.2,132.2,6.2,737023.94,,1,cobertura_duplex,Nordeste,-0.2339,0,885.77
51008,97.5,100.2,2.3,355283.96,8.13,0,apartamento,Nordeste,0.543,2,132.38
54507,171.2,171.9,6.9,5660798.09,5.09,0,apartamento,Sudeste,-2.2117,3,284.53
50852,142.7,141.2,10.3,458083.0,3.08,1,apartamento,Centro-Oeste,0.9755,3,738.24
55621,66.0,64.8,45.0,241081.87,3.64,1,casa,Sudeste,-0.2812,2,2157.51
54971,197.2,194.6,0.4,607448.58,2.42,0,casa,Nordeste,2.0281,2,96.47
54381,142.8,138.8,26.9,662039.24,,2,apartamento,Sul,-0.4001,1,1495.76
53517,51.6,52.1,16.5,236991.56,17.3,0,casa,Centro-Oeste,1.4139,3,216.58
54357,144.0,141.1,19.7,406400.59,11.23,0,casa,Norte,0.307,3,123.06
52843,122.6,120.7,27.2,597004.48,5.78,0,casa,Norte,0.3386,0,435.48
51586,101.7,103.6,2.0,298489.46,11.16,0,apartamento,Centro-Oeste,-0.8318,1,80.46
54898,159.4,160.3,4.0,353631.19,7.78,0,casa,Sul,-0.0989,0,64.36
55007,166.9,167.3,5.0,683455.53,5.46,0,casa,Centro-Oeste,-0.7143,2,101.18
52976,125.9,124.6,8.3,490459.32,11.28,1,casa,Norte,-0.0441,2,466.33
54021,37.2,36.3,7.1,93925.22,11.51,0,sobrado,Sul,-1.1147,2,138.22
55051,90.8,91.8,23.2,386228.1,0.2,0,apartamento,Nordeste,-2.0427,3,1432.25
52100,157.7,157.5,5.4,505864.04,1.09,1,casa,Centro-Oeste,1.8556,2,1514.07
53326,40.2,39.1,34.5,171280.91,0.62,0,apartamento,Sudeste,-0.5123,3,527.14
54606,98.1,100.3,34.2,302028.93,4.26,0,casa,Centro-Oeste,0.5057,0,523.76
50124,83.4,81.8,0.5,332864.24,8.81,0,casa,Nordeste,0.0065,0,80.92
53385,233.3,236.8,23.0,509122.58,22.32,1,apartamento,Nordeste,-0.2866,3,2016.77
51189,126.3,126.3,17.9,444115.56,0.2,0,casa,Sudeste,0.1571,3,170.59
53916,78.9,78.9,51.3,298389.52,2.97,0,casa,Nordeste,-1.1486,0,737.83
50159,57.1,55.7,2.4,201910.26,18.06,0,apartamento,Nordeste,0.1969,1,30.0
53324,69.4,69.4,51.2,259112.48,4.53,1,casa,Norte,-0.9885,0,685.88
51840,158.4,160.8,24.2,421439.11,18.55,0,apartamento,Sul,0.0132,2,983.45
51826,30.0,29.6,0.5,108169.14,7.97,0,apartamento,Sul,0.2617,3,118.44
50994,144.5,144.5,14.3,673708.88,11.29,0,casa,Sudeste,-1.0003,1,162.93
51066,54.4,53.7,20.5,121487.95,7.01,0,apartamento,Nordeste,0.8403,2,633.49
55523,146.9,147.4,24.9,674886.17,5.99,0,casa,Sudeste,-1.0291,2,647.41
52799,100.4,98.9,9.0,384720.28,3.94,2,apartamento,Sudeste,1.7558,3,3016.25
50223,151.4,151.3,1.8,358741.68,3.47,1,apartamento,Sudeste,1.0543,1,1515.51
53045,194.7,191.9,72.7,734256.95,1.27,0,apartamento,Sudeste,0.2416,0,1354.29
53873,83.0,81.2,2.5,302860.45,1.6,2,apartamento,Nordeste,-0.9067,0,7733.14
52869,163.9,160.7,5.4,647460.65,6.24,0,casa,Nordeste,-0.6005,0,140.53
50398,85.2,85.4,6.3,301183.58,1.26,0,apartamento,Sudeste,0.3538,2,55.59
55506,65.5,66.2,27.7,3092271.93,2.07,1,apartamento,Sudeste,0.05,0,1072.71
51314,113.8,110.5,8.5,489943.23,2.02,0,kitnet,Sudeste,0.6759,1,166.61
55210,162.0,162.3,3.2,594547.52,13.76,1,sobrado,Nordeste,-1.8764,0,892.41
55449,113.8,110.9,23.8,375282.31,21.05,0,apartamento,Sudeste,-1.5874,0,630.64
53171,70.3,70.3,11.7,303020.01,4.18,0,sobrado,Centro-Oeste,-0.2021,3,358.69
53287,107.9,105.9,13.8,440707.97,8.92,0,apartamento,Sul,0.2856,2,480.46
55431,49.4,50.2,1.2,191350.91,1.07,0,casa,Sul,0.5755,1,85.3
55524,78.1,75.8,10.4,254342.66,7.99,1,apartamento,Nordeste,0.257,1,1304.41
55904,175.2,179.1,48.8,529469.48,2.81,0,casa,Nordeste,0.9531,1,1524.12
51163,176.3,179.1,60.1,770094.07,10.9,0,kitnet,Sul,0.1913,3,1098.74
54618,174.8,180.0,10.8,596585.53,9.05,0,apartamento,Nordeste,0.7231,1,281.96
54472,76.1,76.9,12.8,254162.49,1.86,1,casa,Sul,-1.1552,2,994.9
53663,145.6,146.4,17.6,674973.29,3.22,0,apartamento,Sul,-0.0084,0,222.92
53992,120.0,122.6,19.3,476931.55,4.78,1,sobrado,Nordeste,0.8734,1,809.03
52651,127.7,131.3,13.7,410909.48,19.13,1,apartamento,Sudeste,0.5762,2,303.18
55797,71.2,70.6,13.6,262201.23,1.84,0,casa,Centro-Oeste,0.4727,0,231.77
55469,126.1,124.6,24.2,568094.82,4.7,0,casa,Norte,0.2378,0,1994.16
54383,59.0,60.4,13.1,220775.82,2.72,0,sobrado,Sudeste,-0.369,2,257.06
54774,122.3,124.3,25.6,536017.25,0.27,0,apartamento,Nordeste,0.0311,0,711.47
52207,75.9,75.6,12.0,259488.66,7.93,0,casa,Nordeste,1.6982,3,197.28
54937,186.9,187.8,13.6,641357.12,0.95,0,apartamento,Sul,0.1608,0,204.34
54577,164.1,161.4,4.0,557135.74,0.66,0,casa,Sudeste,0.5934,1,148.48
52373,65.7,64.6,22.5,272279.15,4.35,0,apartamento,Sudeste,-0.9674,1,1034.39
50867,84.4,84.3,12.1,266755.34,1.21,1,apartamento,Nordeste,0.1705,2,2090.75
50593,116.4,115.9,2.7,452147.19,0.22,1,apartamento,Sudeste,-0.1354,3,725.72
54055,84.1,85.0,5.2,266916.18,2.96,0,sobrado,Sudeste,-0.6503,0,153.89
53953,111.4,111.2,2.7,326046.91,1.51,1,apartamento,Sudeste,-0.3687,2,170.89
55339,279.4,272.5,54.2,1081589.88,7.08,2,sobrado,Norte,-0.6057,3,3780.28
51455,58.2,57.7,13.8,283700.77,3.83,0,apartamento,Sudeste,0.4867,3,237.47
55384,97.1,94.5,31.1,358874.61,2.24,0,casa,Nordeste,1.2145,1,378.85
52011,133.0,131.2,15.2,411323.56,9.38,0,apartamento,Sul,0.6491,0,251.08
51014,86.8,86.7,0.3,339006.81,1.76,0,casa,Sul,0.3289,2,69.72
53741,79.2,80.4,23.2,378343.92,8.43,0,apartamento,Centro-Oeste,1.7475,1,367.87
50194,99.3,99.1,5.9,297574.08,8.17,0,apartamento,Sudeste,0.446,1,68.44
54310,110.8,113.4,6.4,530211.56,3.49,1,casa,Sudeste,-1.3792,2,2016.72
55757,131.5,130.6,12.5,4103175.61,2.48,0,apartamento,Sul,-0.6976,3,367.51
55434,130.9,130.3,,437132.54,,1,apartamento,Sul,-0.3958,1,542.56
52700,51.9,52.7,11.0,189947.08,25.13,0,apartamento,Norte,0.5955,0,145.6
55256,51.5,52.2,20.2,268481.68,6.47,0,cobertura_duplex,Centro-Oeste,0.3445,1,223.26
54351,75.2,74.0,1.0,264359.35,10.89,0,casa,Centro-Oeste,-0.3108,2,30.0
52647,129.1,130.5,50.1,640726.9,1.81,0,casa,Sudeste,1.163,1,1229.65
51524,146.3,146.7,24.6,601097.81,10.13,0,sobrado,Sudeste,0.7816,3,772.54
55760,47.4,47.6,0.3,84622.16,4.35,0,apartamento,Sudeste,-1.0264,1,50.57
50878,107.8,109.8,4.6,321154.72,8.59,1,casa,Sudeste,-0.503,2,748.75
52369,147.3,144.3,36.0,519892.73,12.18,0,apartamento,Sudeste,0.8551,0,651.11
51936,142.2,143.0,23.8,411538.89,3.71,0,casa,Norte,-0.032,2,291.3
55516,204.7,200.3,16.9,934294.43,10.8,1,casa,Sul,-0.3472,2,1885.96
50189,64.9,65.6,23.3,226139.51,1.47,0,casa,Sul,-0.7148,0,373.81
54544,124.4,124.9,21.3,566606.76,3.16,0,casa,Norte,-0.7631,1,396.53
52731,158.3,157.7,21.0,649590.8,10.05,1,sobrado,Centro-Oeste,0.221,2,775.24
50825,107.9,105.5,34.2,476059.13,8.01,0,sobrado,Nordeste,-2.6328,1,511.87
53378,91.1,91.1,29.9,234314.79,3.58,2,apartamento,Nordeste,1.082,3,2044.9
51086,212.3,216.5,36.0,761948.54,3.49,1,casa,Centro-Oeste,-0.3814,3,1103.37
54694,211.2,208.8,2.9,846941.59,2.26,0,apartamento,Nordeste,-1.6529,1,97.04
53188,134.7,131.8,4.4,505488.73,7.45,0,apartamento,Centro-Oeste,-0.0374,1,175.05
53955,196.2,199.4,9.9,790916.77,9.7,1,casa,Nordeste,0.5681,3,1260.82
54555,61.5,62.2,9.5,284365.63,3.37,0,casa,Sul,-0.0462,0,200.14
53132,51.3,51.2,6.4,176093.99,7.68,0,apartamento,Sudeste,0.6809,3,188.69
50863,132.3,133.7,4.9,548791.17,0.93,0,apartamento,Sudeste,-0.5032,1,190.97
52942,86.1,85.0,4.3,310855.57,0.2,0,cobertura_duplex,Sudeste,0.1721,0,168.6
55668,78.1,79.2,19.0,345750.08,1.83,0,casa,Sul,0.9756,3,457.66
52758,114.5,117.6,3.4,364691.73,0.25,0,apartamento,Centro-Oeste,-1.5448,3,119.47
53135,80.6,81.9,13.8,357520.13,0.63,0,casa,Norte,0.924,1,449.1
55388,78.6,79.0,8.2,392803.78,6.75,0,casa,Sul,-1.25,1,230.7
54001,133.3,134.0,26.7,692357.72,9.59,0,casa,Centro-Oeste,-1.5924,0,601.09
52657,113.8,115.9,1.1,486458.0,1.3,0,sobrado,Sudeste,0.2337,0,63.81
54084,103.8,106.8,24.4,218264.5,7.84,0,apartamento,Sudeste,1.3374,2,353.21
52201,125.8,125.4,3.9,470980.62,0.22,1,casa,Sul,0.6241,1,703.23
52969,158.7,160.1,26.7,630959.84,6.03,1,apartamento,Sul,0.5447,0,1212.69
53140,100.0,99.2,16.3,421789.34,17.29,0,casa,Sudeste,-1.0012,3,260.63
54401,129.9,132.6,4.3,243365.82,2.57,0,apartamento,Nordeste,1.9095,3,344.79
50140,102.7,103.8,13.9,524112.79,1.86,0,apartamento,Sudeste,0.4967,1,206.12
54486,118.8,116.8,9.7,477405.01,7.95,1,kitnet,Sul,-0.0681,1,1349.62
53376,66.7,66.7,15.4,221107.16,4.06,2,casa,Sul,-0.1225,3,1287.0
50534,32.9,32.9,,102070.38,3.16,0,casa,Nordeste,-1.7559,0,94.96
52529,290.3,287.4,81.9,1301431.39,0.92,0,apartamento,Sul,1.5987,3,1236.03
52887,91.5,93.3,23.5,218945.15,,0,sobrado,Sudeste,-1.0757,0,299.97
50152,99.0,98.6,11.2,378110.28,18.6,1,sobrado,Sudeste,0.9567,1,681.27
54301,49.5,50.3,7.0,162248.07,6.15,1,apartamento,Sul,-1.3024,1,991.29
50322,104.2,102.5,21.3,424797.92,2.97,0,casa,Sudeste,-1.7052,1,598.69
55044,105.1,106.5,24.0,390887.31,1.53,0,apartamento,Sudeste,0.2744,3,536.34
50276,47.9,47.8,13.3,219154.32,5.24,0,casa,Sul,-0.2499,1,104.09
55004,223.5,223.4,7.2,883740.46,23.42,1,casa,Sudeste,-0.1021,1,1257.71
53234,128.8,128.3,23.5,515505.2,5.1,0,apartamento,Sul,0.3439,0,143.04
50584,73.5,75.3,34.7,298098.63,3.13,0,casa,Sul,-1.5722,0,357.37
53008,65.7,67.1,9.6,296505.1,15.22,0,casa,Sul,-0.6949,2,80.63
54780,110.8,113.2,,478557.1,10.99,1,apartamento,Sudeste,-1.6916,3,657.45
55110,87.2,86.7,6.8,311658.42,1.07,0,apartamento,Sudeste,0.2517,2,422.81
50992,155.4,159.3,,660140.23,10.77,0,sobrado,Sudeste,-0.8194,2,132.75
55397,104.6,103.7,13.9,339715.81,8.4,0,apartamento,Centro-Oeste,-0.956,3,249.97
55234,156.9,155.0,35.0,610615.86,2.69,2,casa,Centro-Oeste,-0.1034,0,5066.73
55401,48.8,48.2,9.6,214869.42,8.96,1,casa,Sudeste,-1.8181,3,1593.9
54065,323.2,327.0,28.7,1017199.71,2.53,0,casa,Sul,-0.0644,3,273.38
54264,125.1,127.1,1.1,577767.08,0.89,0,casa,Sudeste,-0.0991,2,214.79
52266,87.9,89.7,12.0,361833.44,0.3,0,sobrado,Nordeste,-0.471,3,229.39
53184,193.8,190.1,5.6,633214.81,0.29,0,casa,Sudeste,1.7866,1,658.49
52033,123.1,126.2,10.5,364896.39,17.73,1,casa,Sudeste,-0.0072,0,1825.19
52962,118.1,114.7,13.9,559797.71,4.46,0,casa,Sudeste,-0.5579,1,210.19
50780,216.3,215.3,5.0,884769.33,2.96,1,apartamento,Sul,0.443,2,1672.56
51514,160.5,155.9,31.3,745299.54,3.67,0,apartamento,Sudeste,-0.9144,1,868.38
50265,116.4,115.2,3.1,578520.57,15.23,0,cobertura_duplex,Nordeste,1.089,2,76.28
53086,106.0,105.2,32.5,375869.66,2.39,1,apartamento,Sul,1.8963,3,1020.0
50402,154.2,151.1,18.3,555366.02,5.95,1,apartamento,Sul,-0.8846,0,2677.88
51568,109.4,110.7,16.0,425559.65,0.54,0,casa,Nordeste,0.7663,1,523.85
55810,259.5,258.7,,865523.59,3.58,0,apartamento,Nordeste,2.1274,1,324.53
52585,106.4,103.3,9.7,352901.75,4.16,0,casa,Nordeste,1.3048,3,214.17
55180,93.5,91.2,14.7,371582.61,6.34,0,kitnet,Sudeste,-0.9103,3,309.78
54712,37.4,37.7,1.3,150703.83,4.78,1,casa,Norte,0.3459,0,1181.08
50716,159.0,163.7,4.5,715345.22,26.38,0,apartamento,Centro-Oeste,-0.3587,2,58.65
55078,97.8,100.6,23.0,390223.65,6.35,0,apartamento,Sul,-0.8669,0,202.61
52966,122.9,125.4,7.2,420627.22,16.93,0,apartamento,Nordeste,1.3767,3,106.47
54218,108.2,107.9,3.9,371504.32,9.49,0,sobrado,Sudeste,-0.7508,1,127.12
52824,120.1,117.5,6.4,445435.43,1.59,0,apartamento,Sul,-0.0673,2,126.65
50898,64.7,66.1,26.1,302480.25,7.58,1,casa,Sudeste,0.4568,0,1749.26
52044,90.5,91.0,0.3,452554.66,0.51,0,apartamento,Nordeste,-0.4141,3,130.37
50794,156.6,154.5,34.5,486235.33,0.44,0,casa,Nordeste,0.2386,1,477.76
55183,100.7,99.0,3.8,457350.79,2.22,3,casa,Nordeste,-0.7761,1,2741.57
51525,130.7,132.5,23.8,578575.61,5.17,0,casa,Norte,0.5688,0,324.03
53843,101.3,103.7,4.4,527741.34,0.52,0,casa,Sudeste,0.3952,1,142.46
53903,111.9,111.3,42.1,422835.35,11.05,0,sobrado,Nordeste,1.271,0,764.08
50575,124.4,126.5,20.7,509157.06,15.24,0,casa,Sudeste,0.8053,0,179.82
51906,37.3,36.3,6.9,176151.84,1.51,0,sobrado,Centro-Oeste,0.5562,2,33.6
50004,92.1,91.2,28.6,367517.53,5.8,0,sobrado,Sudeste,-1.3549,2,588.35
51722,114.3,113.1,5.7,442726.01,0.2,0,casa,Sudeste,-0.4697,2,516.33
53044,111.4,112.7,8.8,442962.57,3.2,1,apartamento,Sul,-0.3606,2,1840.68
53192,46.5,47.6,30.0,196410.68,1.23,0,casa,Nordeste,-0.4955,2,369.72
51521,64.1,65.8,32.4,335271.97,4.42,0,casa,Nordeste,0.1344,2,650.38
51783,99.8,100.4,21.6,374731.11,14.73,0,casa,Sudeste,1.3057,1,285.36
54667,168.6,171.0,1.2,574306.17,5.86,0,casa,Nordeste,0.0302,1,63.09
55683,97.6,100.2,0.6,387347.81,0.71,2,kitnet,Nordeste,-0.1007,1,4531.28
53719,67.0,65.0,28.6,261847.47,25.79,0,kitnet,Norte,-1.2526,3,513.89
55923,181.8,179.6,4.3,909920.32,22.93,0,apartamento,Sudeste,0.5902,1,90.65
51529,68.6,69.2,5.0,294329.49,5.68,0,casa,Sudeste,0.7296,2,169.86
50352,235.5,232.0,9.0,802670.59,11.6,1,casa,Nordeste,-0.563,1,637.65
53512,88.3,88.1,3.1,368740.21,3.67,1,casa,Norte,-0.6465,3,1306.3
52179,78.4,79.4,37.1,352095.1,4.34,0,apartamento,Sudeste,0.8746,3,350.85
53892,148.0,148.1,7.6,680728.05,5.6,1,apartamento,Centro-Oeste,2.4993,0,635.79
55762,134.3,137.0,25.5,254859.47,1.92,0,sobrado,Sudeste,-1.1833,1,413.58
52372,140.3,136.2,7.7,436945.49,11.0,0,apartamento,Sul,0.9921,2,140.26
54156,116.8,118.4,58.3,496823.28,0.79,0,casa,Nordeste,-0.8559,2,761.74
50546,82.2,82.5,3.2,312395.85,0.46,1,apartamento,Centro-Oeste,-0.5612,0,1513.0
52892,49.6,50.7,20.4,196967.71,0.2,0,sobrado,Sul,0.2001,2,350.65
55968,51.0,49.6,73.6,199450.87,6.65,0,casa,Sudeste,0.7947,1,713.75
51029,115.6,112.4,24.8,420423.09,3.94,0,apartamento,Sul,0.6741,2,536.15
53013,156.3,154.0,29.7,628991.52,4.36,0,sobrado,Sudeste,0.2045,2,148.19
52594,180.0,183.3,,682219.73,3.44,0,apartamento,Sudeste,-0.1868,1,214.86
54312,36.8,35.8,44.2,180750.05,27.32,1,apartamento,Sudeste,1.182,3,1020.49
54348,151.0,150.6,,316653.51,4.0,0,sobrado,Sul,-0.4034,1,80.26
55891,122.2,119.1,9.9,559617.16,1.08,0,casa,Sudeste,-0.5124,0,295.37
55573,221.1,218.4,7.8,780792.59,7.57,0,apartamento,Centro-Oeste,1.4057,2,162.04
53493,69.4,68.0,9.8,128243.16,4.61,0,sobrado,Sudeste,1.1671,3,596.39
51848,212.7,216.6,24.6,891079.5,7.78,0,sobrado,Norte,-0.7303,3,458.75
53032,173.5,174.8,5.3,830855.76,4.21,0,casa,Nordeste,1.6237,0,89.67
53638,119.0,118.5,24.7,478297.52,2.91,0,sobrado,Centro-Oeste,-0.4003,2,419.61
51319,75.5,73.8,9.4,292272.86,3.49,0,sobrado,Nordeste,0.7134,3,261.42
51606,225.4,230.0,29.4,1186837.0,2.38,2,kitnet,Nordeste,-0.4095,2,6628.95
52578,53.4,54.0,5.5,181656.59,0.2,0,apartamento,Sul,-0.3876,3,94.73
53914,179.5,176.4,10.3,676331.37,5.91,0,apartamento,Sudeste,0.5491,3,197.58
52841,71.3,72.6,16.0,274282.41,0.2,0,casa,Nordeste,-0.1181,0,368.23
54815,120.7,120.9,3.7,482835.62,32.97,0,casa,Centro-Oeste,0.6773,1,32.29
50933,111.0,109.5,3.2,325129.46,10.81,0,apartamento,Sudeste,1.0424,0,80.94
51700,39.3,39.0,5.5,109093.43,0.2,1,casa,Sudeste,0.0553,3,1070.56
53305,237.6,240.5,13.7,863045.3,8.47,2,sobrado,Sul,-0.8483,1,5919.03
52682,101.2,101.9,26.1,383698.38,0.36,0,kitnet,Sudeste,-1.1972,3,1244.44
55407,161.5,163.4,12.8,694166.56,11.62,0,casa,Nordeste,-0.6103,0,703.46
54059,94.8,97.3,15.8,274853.26,1.09,1,casa,Centro-Oeste,-0.0361,2,786.68
53862,206.3,206.0,2.7,893224.15,9.41,1,kitnet,Sul,-0.9416,0,643.28
54024,74.1,75.8,34.0,256247.88,8.71,2,kitnet,Sul,0.7441,0,2655.35
54074,94.3,92.8,7.9,275346.02,1.48,0,sobrado,Sudeste,1.2554,2,172.23
51692,82.2,81.7,18.0,329857.49,5.26,0,sobrado,Sudeste,0.0783,2,343.53
51790,123.2,126.0,3.2,415479.82,4.21,1,casa,Nordeste,-1.1435,0,535.38
50096,164.2,164.1,4.4,591521.51,5.43,0,casa,Sul,-0.5196,2,233.09
54162,259.7,261.7,15.8,775286.87,1.95,0,apartamento,Nordeste,-1.0836,3,166.63
53440,285.9,280.5,0.2,1009003.81,9.95,0,apartamento,Sul,0.3786,1,30.0
51571,136.2,137.6,9.3,498234.89,2.48,0,apartamento,Centro-Oeste,0.6016,1,443.33
52450,356.1,358.5,27.7,1686830.93,0.72,1,casa,Sul,-0.1822,3,782.34
52653,65.6,63.7,7.5,302142.22,2.44,0,apartamento,Sudeste,0.4281,3,282.29
50939,70.5,69.4,11.8,185727.58,3.01,0,sobrado,Sudeste,1.7985,3,150.47
55585,193.4,191.2,19.6,720634.44,5.19,0,apartamento,Sul,0.5907,1,190.24
50333,110.1,111.3,14.5,2560533.32,7.76,0,casa,Sudeste,-0.2476,0,276.86
54434,132.5,128.8,40.3,643173.47,16.27,0,casa,Nordeste,-0.4838,2,1101.52
50690,35.1,34.5,7.4,90183.61,6.91,1,apartamento,Nordeste,0.6109,0,1108.87
52347,86.8,86.5,10.7,379891.53,2.89,1,apartamento,Sul,-2.0848,1,2561.7
50854,79.3,79.8,3.4,356614.13,4.06,1,casa,Centro-Oeste,2.053,1,1020.26
55945,125.8,122.6,2.1,413123.81,0.33,0,apartamento,Sudeste,0.3961,2,122.15
52448,78.8,78.4,2.7,361717.39,2.22,2,apartamento,Sudeste,-0.0837,0,2046.08
50613,202.3,198.8,30.3,692905.34,0.33,0,casa,Sul,0.6265,0,548.41
52574,70.7,71.0,4.5,318993.53,20.76,1,casa,Sul,-0.7093,3,752.95
52625,75.4,77.3,6.1,315341.2,4.05,2,casa,Sudeste,0.8317,2,1722.57
51875,117.0,114.9,5.4,448638.59,21.54,0,casa,Sudeste,-0.2114,2,58.84
53040,183.2,178.9,5.3,480562.68,9.41,2,apartamento,Centro-Oeste,-1.193,1,3469.44
50480,166.0,162.3,36.2,547501.7,13.9,2,apartamento,Sudeste,-1.5054,1,1907.15
50621,109.7,112.1,2.0,481830.69,11.65,1,apartamento,Sudeste,-0.1043,1,607.75
55034,243.1,242.6,8.1,628249.46,3.91,0,apartamento,Sudeste,-0.4022,3,178.14
55572,102.8,103.0,3.4,411646.74,1.1,0,casa,Sudeste,-0.3179,0,90.1
50446,115.5,115.2,2.5,420885.24,31.32,1,apartamento,Sudeste,-0.803,2,407.04
53428,153.8,155.7,19.4,343779.84,11.51,0,casa,Sudeste,-0.5911,3,345.8
53568,192.5,197.1,24.9,687232.52,0.44,1,apartamento,Nordeste,0.518,0,2656.85
52932,90.5,92.4,16.7,312370.01,1.48,1,apartamento,Sudeste,0.4291,1,800.1
54231,47.6,47.4,,146674.43,1.17,0,apartamento,Nordeste,-0.7726,1,558.98
55769,98.7,97.6,36.6,404427.17,2.57,0,casa,Norte,1.4762,2,1017.24
52983,128.4,130.8,,421148.23,3.28,0,casa,Sudeste,-0.305,3,247.49
55503,113.2,112.7,,345043.73,2.03,0,kitnet,Sudeste,1.1239,3,990.03
55922,134.2,135.7,6.1,567628.83,8.72,0,sobrado,Nordeste,-0.013,0,108.61
52913,57.7,57.9,30.1,178384.96,,0,cobertura_duplex,Sudeste,0.1376,2,887.59
55289,93.9,95.0,5.3,280712.09,,0,apartamento,Centro-Oeste,2.1088,1,42.8
51934,91.5,92.7,21.5,429050.13,5.74,1,sobrado,Nordeste,-2.0397,2,1371.48
50549,136.6,135.6,6.5,603939.33,,2,apartamento,Sudeste,-0.4271,2,2844.09
51363,60.5,59.8,11.0,222049.48,11.45,0,casa,Sudeste,-0.919,3,232.89
51958,92.7,89.9,17.3,313019.64,,0,casa,Norte,0.8331,3,470.51
52423,92.7,91.6,7.5,328936.3,0.73,0,kitnet,Nordeste,-0.2179,3,237.62
52972,61.6,62.3,5.1,147931.52,4.91,0,apartamento,Sul,1.9759,3,130.05
53000,101.8,99.3,6.7,353429.26,10.39,0,apartamento,Sudeste,-0.2424,2,171.22
52624,43.9,44.2,3.5,194050.07,10.49,1,apartamento,Nordeste,-1.9245,3,353.37
55615,177.0,178.6,9.5,531525.78,3.4,0,sobrado,Sudeste,0.3956,1,204.4
51411,114.2,115.3,38.5,591956.25,5.47,0,casa,Sudeste,0.3285,3,846.0
52672,94.0,94.7,5.3,354781.13,0.38,2,apartamento,Nordeste,-0.5697,2,1589.51
53524,209.0,210.5,1.3,847748.8,1.82,0,casa,Centro-Oeste,-0.1284,3,92.06
52590,105.1,104.0,4.0,532487.64,1.04,0,casa,Sudeste,1.5618,2,85.48
54979,138.7,138.9,5.4,440804.28,0.48,1,sobrado,Centro-Oeste,0.3534,2,992.23
55174,115.6,118.6,8.7,342853.57,12.5,0,casa,Sudeste,-0.0673,1,209.89
55998,109.6,107.1,,423112.71,7.29,0,sobrado,Sudeste,-0.4142,0,163.66
54698,176.3,171.7,19.0,569785.46,16.69,0,sobrado,Sudeste,0.0997,1,1126.95
55724,160.6,157.0,1.9,590332.48,6.31,0,casa,Sudeste,0.9217,3,88.32
50298,150.9,147.4,26.0,623874.36,2.47,0,casa,Sudeste,-0.1997,1,400.97
52293,287.4,295.7,8.3,869959.12,2.28,0,casa,Sudeste,-1.4173,0,77.56
52212,186.9,188.4,21.7,628415.19,3.73,1,casa,Sudeste,1.0079,0,591.85
55601,52.1,52.8,13.1,203049.73,2.97,1,apartamento,Centro-Oeste,-1.1074,0,1389.51
50728,217.8,215.9,81.7,705358.98,17.04,0,casa,Sudeste,0.6978,0,992.64
53753,111.6,111.6,1.5,374654.79,3.4,0,apartamento,Sudeste,1.0986,3,77.38
53757,100.0,102.8,14.9,3108958.71,12.28,0,sobrado,Sudeste,-1.6593,0,582.25
52421,140.0,137.5,14.1,447334.79,0.39,0,casa,Sudeste,-0.4454,3,226.81
52518,133.1,134.7,13.8,499557.31,16.41,0,casa,Nordeste,-0.1335,1,184.5
52844,181.4,176.1,9.8,799376.08,0.9,0,casa,Sudeste,0.0473,2,183.0
53947,78.3,79.9,4.6,372809.47,1.49,1,sobrado,Norte,0.843,3,1004.28
51916,61.2,62.3,5.5,182031.79,2.83,0,apartamento,Sul,0.8733,3,124.19
50036,158.0,155.5,7.7,480974.32,2.82,2,apartamento,Sul,-1.2962,2,12415.54
50806,90.5,92.5,1.6,337918.11,2.7,1,casa,Sudeste,-0.1674,3,940.51
55126,131.4,130.6,22.7,761968.63,4.5,0,sobrado,Sudeste,-1.2968,2,246.35
54977,78.1,76.8,12.2,262669.08,4.01,1,casa,Centro-Oeste,-1.0467,3,1219.3
51624,143.4,144.9,0.5,558763.28,12.33,1,casa,Sul,-1.1451,1,1233.06
54754,66.1,64.9,4.8,253457.58,2.35,0,apartamento,Nordeste,-1.5408,0,137.8
53381,121.5,121.8,10.2,523773.8,9.23,0,sobrado,Sul,0.7324,1,174.55
50031,106.4,107.8,16.4,437196.43,9.79,0,apartamento,Sul,-0.3021,0,542.41
51596,155.6,159.0,15.3,633947.82,13.41,0,sobrado,Nordeste,-1.6266,2,274.29
51386,118.9,118.6,28.1,345378.06,4.6,1,apartamento,Sudeste,0.7951,2,786.53
54237,115.1,118.3,3.6,453921.33,20.21,0,casa,Sul,0.2903,2,69.82
53688,38.3,38.5,1.6,163744.29,17.19,0,apartamento,Sul,0.7311,2,33.08
54632,90.1,90.8,7.3,436066.86,2.23,0,casa,Sudeste,-0.2182,0,208.96
55125,98.4,95.5,4.7,310853.35,0.2,0,apartamento,Sudeste,0.1521,1,258.01
54593,88.8,86.5,8.8,293305.37,10.74,0,casa,Sudeste,2.3768,0,206.29
51197,172.8,172.3,22.1,685197.67,2.21,0,apartamento,Sul,2.0784,3,346.16
51391,119.4,120.5,15.0,468199.3,9.39,1,apartamento,Sul,-0.7974,2,669.27
50896,81.8,83.1,12.4,289466.05,4.0,1,casa,Sudeste,-0.4681,3,1176.0
51523,186.8,186.9,10.5,770753.52,2.2,1,casa,Sudeste,1.0913,1,734.92
51766,140.0,143.3,9.8,497866.35,7.33,0,casa,Sudeste,-1.5933,2,73.65
53443,128.1,126.9,7.5,715574.03,0.29,0,casa,Sul,-0.6863,0,509.15
53025,106.1,107.3,18.1,387335.2,3.14,0,casa,Centro-Oeste,0.9891,1,301.42
53594,128.8,128.0,,463250.08,0.42,1,casa,Sudeste,2.3609,1,764.02
55457,107.2,105.6,1.4,398064.53,0.98,1,apartamento,Sudeste,-0.4502,1,1190.38
53053,223.5,221.0,16.5,982489.41,5.0,0,apartamento,Sudeste,-0.4561,3,533.06
53826,119.7,123.2,7.2,442662.23,4.24,1,sobrado,Sudeste,1.0437,0,521.85
55130,116.2,117.6,0.8,476365.06,2.23,0,apartamento,Centro-Oeste,2.2841,1,98.42
52334,100.0,102.6,9.6,460549.89,4.57,0,sobrado,Sudeste,-0.7575,0,148.83
51367,149.7,147.2,60.5,614006.87,2.65,0,sobrado,Sudeste,-1.0756,1,1157.12
54951,131.7,130.0,19.3,371660.89,2.5,0,casa,Sudeste,-1.7521,2,475.73
53228,113.8,110.8,4.9,403316.08,0.32,0,apartamento,Nordeste,1.4715,0,123.47
50567,79.3,78.1,17.1,291088.13,4.13,0,casa,Nordeste,-0.0868,1,438.93
52229,70.5,70.0,15.8,173941.74,4.17,2,kitnet,Nordeste,-0.2224,3,4189.99
53009,266.4,268.3,25.0,465198.96,0.25,1,apartamento,Sudeste,-0.4986,3,995.7
55544,177.3,176.7,54.0,589095.31,4.16,0,casa,Nordeste,0.3418,3,1396.82
51855,73.3,72.7,2.8,278535.14,9.62,0,apartamento,Nordeste,-1.4339,1,70.76
52998,216.3,210.2,3.9,893185.11,3.39,1,sobrado,Sudeste,0.583,3,1106.66
50666,105.2,102.5,13.2,463125.66,0.88,0,apartamento,Norte,0.4888,3,200.73
53735,105.3,104.6,20.6,561504.54,10.24,0,apartamento,Norte,-0.5771,1,351.49
55236,116.5,118.6,14.6,415290.11,1.14,0,sobrado,Sul,1.179,3,703.15
54026,126.2,129.4,15.4,361587.45,8.2,0,casa,Sul,1.2772,3,374.58
53427,112.6,111.9,12.2,294415.83,3.41,0,sobrado,Nordeste,0.1214,1,470.74
53182,99.0,98.0,17.7,374900.72,7.75,0,casa,Norte,-0.657,0,676.83
54068,142.4,139.7,6.1,560311.58,1.39,1,apartamento,Sudeste,-0.9904,0,344.42
55016,57.1,56.2,23.1,167362.34,1.81,0,apartamento,Norte,0.3417,0,173.62
50295,184.6,179.3,33.0,608680.94,16.24,1,casa,Centro-Oeste,-0.8909,0,1553.32
52242,157.9,153.8,3.8,644999.18,0.89,0,casa,Sudeste,0.5209,3,139.12
52036,176.5,178.6,33.9,823281.02,1.69,1,apartamento,Sul,-1.0818,3,926.69
54902,134.9,138.3,14.2,504619.32,1.22,0,casa,Sudeste,-0.1174,0,816.5
55502,36.2,36.7,24.7,139892.34,4.18,0,kitnet,Centro-Oeste,0.209,3,457.79
51804,55.2,54.1,,199951.45,23.93,0,casa,Nordeste,1.339,0,560.88
52580,122.9,119.3,5.7,547475.33,0.42,0,apartamento,Nordeste,0.0622,1,255.58
51270,188.4,187.4,23.7,558531.6,1.42,1,apartamento,Nordeste,-0.4128,0,748.2
54643,62.3,62.5,27.1,204562.46,2.57,0,casa,Centro-Oeste,0.9523,3,468.02
52323,56.5,55.1,10.8,259889.92,0.2,1,sobrado,Sudeste,1.3586,2,1224.47
54436,91.4,91.6,4.2,486297.91,4.77,0,casa,Sul,-0.0779,0,172.54
53870,101.5,102.9,44.3,453472.69,7.37,1,sobrado,Centro-Oeste,-0.5851,1,682.2
50378,288.3,280.1,5.4,1014883.85,11.56,0,casa,Sul,0.4964,3,69.45
52268,94.8,94.9,,448539.9,14.74,1,sobrado,Nordeste,0.2715,2,2841.21
52385,48.7,49.4,22.5,176014.96,12.27,0,apartamento,Sul,-0.9811,3,399.72
50829,54.8,56.0,15.9,223395.55,4.52,0,apartamento,Sudeste,-0.6674,0,214.66
54506,57.9,57.1,2.3,208999.59,11.81,0,apartamento,Sul,-0.4917,2,60.59
51460,82.6,82.1,6.0,364936.77,3.15,0,kitnet,Sul,-0.7159,1,165.37
50453,122.3,123.7,3.4,283303.3,1.04,0,apartamento,Sudeste,-0.1973,2,170.44
54922,57.4,57.6,28.6,267355.05,15.04,1,apartamento,Sudeste,-0.3442,1,859.57
53728,157.3,158.9,31.0,454608.37,12.34,1,casa,Nordeste,0.7413,1,1285.78
54358,119.2,122.4,15.7,376007.51,4.36,0,casa,Sudeste,-1.2846,2,275.15
50291,141.2,143.1,7.7,659082.34,4.04,0,apartamento,Sudeste,-1.0418,2,175.98
55878,58.7,57.4,80.9,210695.46,9.47,0,casa,Sudeste,-0.0755,3,1668.48
50841,164.3,164.1,26.9,443087.1,1.69,0,apartamento,Nordeste,-0.3879,3,850.4
51961,91.6,90.3,15.5,467960.42,1.71,0,casa,Norte,-0.5526,3,523.86
51749,173.3,174.6,,797350.55,7.29,1,casa,Sul,0.8484,0,1557.1
55105,222.7,224.1,32.2,1032300.79,1.82,0,apartamento,Norte,0.4952,3,358.97
51259,35.0,34.2,3.4,140458.98,2.42,0,casa,Sul,1.159,0,141.16
54798,146.2,150.1,55.0,428130.84,7.24,0,apartamento,Norte,1.405,1,1252.26
51815,76.7,76.3,38.5,353451.49,0.86,0,casa,Sudeste,-0.9088,0,895.28
53658,129.1,126.2,,467931.12,14.21,0,casa,Centro-Oeste,-0.6111,1,85.51
50862,155.4,151.2,1.8,457747.05,6.87,0,apartamento,Centro-Oeste,-2.4468,1,55.67
53711,142.9,144.2,21.9,564124.91,17.51,1,sobrado,Nordeste,-0.0604,1,1453.49
52986,131.8,135.0,29.3,411320.59,5.37,0,apartamento,Sudeste,0.0541,2,533.4
50598,174.0,170.8,24.1,621402.69,3.2,1,casa,Sul,0.2881,1,1689.66
53567,111.6,111.5,,382146.42,1.39,2,sobrado,Sul,-1.4098,0,3368.83
53817,30.0,30.0,0.2,135824.64,5.18,0,apartamento,Sudeste,-0.5819,2,59.12
51865,67.8,69.7,8.3,180905.84,0.25,0,kitnet,Sul,0.1579,0,222.04
53733,149.8,150.5,21.8,575668.94,0.99,0,kitnet,Norte,-0.4239,2,989.57
51216,125.9,126.0,1.1,310356.05,15.24,0,sobrado,Nordeste,-1.3824,3,30.0
54597,101.7,98.9,2.1,367780.79,21.92,0,apartamento,Centro-Oeste,-2.2909,1,30.0
50866,30.0,30.2,15.2,146737.05,16.7,0,sobrado,Norte,0.4358,3,241.52
53121,79.6,78.9,20.5,406930.21,1.17,0,casa,Sudeste,0.1172,0,411.05
50038,219.8,219.9,38.4,805201.35,13.98,2,apartamento,Centro-Oeste,-0.3633,1,7575.08
50158,79.8,78.6,0.4,287613.19,0.44,0,apartamento,Sudeste,-1.3601,2,52.57
54273,96.9,94.5,11.1,265172.79,10.86,0,apartamento,Sudeste,-0.5306,3,233.01
55205,84.1,82.9,0.6,278566.13,1.51,0,apartamento,Sudeste,-1.3153,2,104.89
53027,106.0,105.8,8.2,497797.42,12.02,0,sobrado,Sudeste,-0.3848,0,163.13
53563,161.5,163.8,13.5,592119.12,6.43,1,casa,Sul,-1.6799,2,547.33
55006,85.0,86.0,26.6,315018.77,2.1,1,casa,Nordeste,-0.2287,1,913.26
55645,140.0,141.9,13.8,381234.31,2.81,1,sobrado,Sudeste,0.4975,1,1455.51
53166,56.9,56.7,4.6,221102.16,8.03,0,apartamento,Sul,1.398,2,70.16
54298,223.8,217.2,31.4,836084.85,5.54,0,sobrado,Sudeste,-2.284,1,302.7
54855,165.7,168.9,1.6,406990.79,15.55,0,casa,Sudeste,-0.5447,0,61.18
52239,94.9,92.1,,235348.74,17.53,0,apartamento,Centro-Oeste,0.7308,0,237.1
54921,125.7,125.7,0.3,504920.48,6.76,0,apartamento,Nordeste,-2.4083,0,32.91
53332,165.9,161.8,17.7,514044.3,1.14,0,casa,Sudeste,-0.3439,0,176.33
54806,83.0,84.6,5.7,301859.86,0.2,0,casa,Sudeste,-1.1014,3,203.68
52831,190.7,188.8,7.2,837407.35,10.87,0,casa,Norte,0.9881,0,247.63
51223,131.2,129.1,2.4,461821.3,7.33,0,casa,Nordeste,-0.6403,1,49.35
52407,269.7,266.1,3.9,857951.57,8.71,1,sobrado,Sudeste,0.3345,2,1309.8
50064,164.0,167.3,3.9,546787.83,20.18,0,casa,Sudeste,0.379,3,42.13
52124,30.0,29.3,0.8,120916.95,1.69,0,apartamento,Sudeste,-0.166,1,32.5
51741,43.1,44.0,40.0,168678.37,4.94,0,casa,Sudeste,0.6121,3,505.87
52615,171.1,172.1,22.8,691302.56,0.47,1,apartamento,Norte,0.9522,3,609.66
51593,115.0,116.8,0.6,346391.9,32.52,0,apartamento,Centro-Oeste,-1.0726,1,30.0
51573,135.0,135.1,1.4,575512.54,4.77,0,casa,Sudeste,1.6663,2,111.24
51763,256.9,257.9,19.0,930790.94,4.41,0,casa,Norte,-0.5844,0,311.5
51272,67.4,68.3,10.4,286854.3,11.31,0,casa,Nordeste,-1.8629,0,77.68
51377,137.0,136.0,11.5,456759.98,5.76,0,kitnet,Sudeste,0.2345,2,132.85
52429,98.2,100.7,52.4,441286.98,1.29,0,apartamento,Nordeste,-1.0081,1,1160.04
54392,126.0,123.0,7.4,507085.62,3.3,0,sobrado,Nordeste,-0.9178,3,733.9
51433,148.1,147.3,15.4,554466.14,4.91,0,casa,Sudeste,0.2094,0,566.67
54767,168.3,167.9,1.7,524880.04,2.66,1,apartamento,Sul,-0.3287,2,415.74
50635,73.6,73.0,5.2,239765.19,2.72,0,kitnet,Sudeste,0.8314,1,300.73
52357,97.2,94.9,36.2,239010.66,2.28,1,sobrado,Sudeste,1.1659,1,901.21
51789,116.2,115.4,21.6,514136.36,31.8,0,casa,Nordeste,0.0764,2,186.79
51696,105.0,104.7,9.1,364240.19,4.3,0,casa,Centro-Oeste,2.4824,1,114.23
54449,123.1,121.1,5.2,556443.64,9.06,1,apartamento,Sudeste,0.5457,0,890.43
51816,173.3,170.9,49.6,597976.14,1.53,0,sobrado,Sudeste,-1.1393,3,634.94
54603,128.4,128.2,3.4,542989.7,4.01,2,apartamento,Sul,-1.5697,2,2432.74
50491,74.0,76.1,8.6,256813.84,14.29,0,casa,Nordeste,1.1177,3,50.49
50192,92.9,91.3,7.1,278333.22,1.26,1,sobrado,Sul,0.8682,3,1628.55
52058,158.3,156.0,21.2,532633.93,16.78,0,casa,Sudeste,0.1333,2,463.66
55866,130.6,127.8,2.0,377291.67,1.64,1,casa,Sudeste,-1.3488,3,936.02
53925,119.0,119.7,3.3,457659.19,1.83,1,casa,Sul,-1.0819,3,1038.8
53895,129.5,129.8,31.9,477705.25,3.91,0,apartamento,Sudeste,-0.0552,3,508.0
51003,74.9,76.6,18.0,260396.51,3.02,0,casa,Nordeste,0.5596,0,192.86
50463,82.5,83.1,10.9,309998.69,14.56,0,casa,Sudeste,0.7786,0,127.22
50541,30.0,30.5,1.9,125643.47,11.18,0,casa,Sudeste,-0.8885,3,78.19
51547,254.3,260.6,12.9,1046772.14,22.15,0,apartamento,Sudeste,-1.2476,2,201.55
53497,83.1,83.7,3.0,259039.32,0.45,0,casa,Sudeste,2.1543,3,190.57
52133,72.4,71.2,9.3,313903.58,0.73,0,sobrado,Nordeste,-0.1688,3,250.03
55168,94.5,93.0,15.6,394469.47,19.63,0,apartamento,Norte,1.1669,2,457.29
53816,118.3,120.4,34.4,378927.58,5.44,1,casa,Sudeste,-1.0469,0,2038.52
53718,150.0,153.9,6.1,568914.8,8.2,0,casa,Sudeste,-1.5375,1,61.29
54219,49.8,50.0,5.9,224239.74,3.2,0,casa,Sudeste,-2.6858,3,160.32
53112,132.0,135.8,14.8,511944.61,9.01,0,sobrado,Sudeste,-2.0887,2,145.92
55845,76.8,77.5,1.5,174348.76,2.5,0,kitnet,Sudeste,0.4753,0,58.51
50899,137.8,136.4,19.0,504604.01,0.97,0,casa,Sul,0.3699,3,545.3
54750,228.4,222.6,2.2,858088.29,3.63,0,sobrado,Centro-Oeste,-0.9043,3,198.07
54425,178.7,176.0,12.2,316783.57,6.78,0,casa,Sul,0.5182,1,222.08
54739,44.6,45.2,7.1,115701.25,18.13,0,apartamento,Nordeste,-0.3328,2,71.69
54778,157.4,158.6,22.3,790042.15,7.13,0,apartamento,Sudeste,0.2178,1,551.48
52655,200.0,197.9,2.9,1017941.51,2.94,0,casa,Nordeste,-1.0991,2,41.76
53338,182.3,180.2,6.4,579163.62,5.25,0,casa,Sudeste,0.9608,3,88.04
51203,94.9,96.1,36.3,273559.51,16.57,0,apartamento,Nordeste,-0.8144,0,1054.51
54493,121.2,118.2,3.8,467099.72,0.56,0,apartamento,Nordeste,0.955,0,103.25
52847,143.7,147.9,1.7,532377.39,,0,casa,Sudeste,1.2352,3,118.6
51261,295.1,299.9,3.2,762227.67,1.09,0,apartamento,Nordeste,1.2261,1,105.49
55942,199.8,198.2,7.8,681302.71,26.84,1,apartamento,Sudeste,-1.3955,1,1368.93
55437,61.6,62.9,15.0,233635.32,1.22,0,casa,Sudeste,-0.0085,2,169.81
53410,205.4,210.7,40.4,593504.67,19.88,0,kitnet,Sudeste,0.0207,3,446.65
53667,124.2,123.6,5.7,494986.42,4.8,0,apartamento,Sul,-0.4772,0,176.33
54054,98.0,100.8,1.9,354714.85,14.35,0,casa,Norte,-0.8426,0,31.98
51087,103.8,105.0,0.1,476166.18,14.77,0,casa,Sudeste,-0.5442,3,30.0
54764,35.8,36.5,,58181.15,11.63,0,casa,Sudeste,2.6122,2,93.38
50218,116.9,116.4,15.1,544882.77,11.55,0,kitnet,Centro-Oeste,-0.4546,1,102.87
51828,102.0,103.4,5.0,503967.25,2.23,0,apartamento,Centro-Oeste,0.4454,2,171.65
53583,166.3,167.2,2.8,560910.83,10.23,0,apartamento,Sudeste,-0.206,2,45.92
54995,128.8,132.6,5.0,601946.23,1.83,1,apartamento,Sul,-0.4275,0,380.3
54952,98.9,97.9,9.9,388352.91,1.18,0,casa,Sul,1.1588,3,146.86
53856,159.9,160.6,2.1,494771.07,1.64,0,casa,Sudeste,-0.3657,2,164.92
53254,167.0,164.3,5.9,785786.53,9.9,3,apartamento,Sudeste,-0.2936,2,12748.62
52717,96.5,94.3,8.7,364461.52,0.21,0,cobertura_duplex,Nordeste,-0.6969,1,118.46
50763,193.0,198.2,37.8,591741.76,2.08,0,apartamento,Nordeste,0.4804,2,2035.76
54719,77.3,76.6,17.9,307122.08,6.57,0,casa,Sul,-2.408,2,265.93
54668,134.2,134.2,,314177.09,1.07,0,casa,Sudeste,0.1278,1,124.88
51642,181.6,177.2,9.1,747785.71,1.92,0,apartamento,Sudeste,-1.5125,1,219.02
55018,87.5,86.6,35.6,264968.2,0.2,0,sobrado,Sudeste,0.1284,2,702.24
52080,143.1,144.2,2.5,522999.02,1.97,0,apartamento,Sudeste,0.8275,2,75.21
54127,273.3,272.0,8.3,960391.34,7.49,0,apartamento,Sul,-0.4592,1,107.66
51461,114.3,116.4,4.0,394818.55,5.32,0,apartamento,Sul,1.3364,0,52.3
53541,126.8,127.0,1.3,479463.94,6.3,0,sobrado,Sul,1.1131,3,69.29
51013,133.4,131.8,1.3,508777.14,4.36,2,sobrado,Sudeste,0.209,1,6578.76
54833,54.6,55.4,16.6,220067.82,4.53,2,casa,Sudeste,-0.3089,2,2715.46
53411,94.3,95.6,6.7,294983.47,0.3,0,kitnet,Sul,1.6152,3,161.27
52664,63.8,63.0,18.9,238396.6,8.91,0,kitnet,Centro-Oeste,-0.5295,3,283.01
53414,92.0,91.6,31.9,341001.22,11.05,1,sobrado,Sudeste,-1.669,1,835.37
50428,191.1,193.7,10.3,745941.35,9.08,2,sobrado,Sudeste,0.2724,0,2545.73
50891,140.1,139.3,10.9,537137.38,4.22,1,apartamento,Sudeste,-0.5664,3,910.07
53060,111.8,115.0,4.1,394425.1,11.38,0,apartamento,Nordeste,1.4884,3,135.52
52228,189.5,193.4,53.0,657670.94,5.31,0,casa,Nordeste,1.3059,0,1229.92
50727,215.0,221.4,27.0,1032889.7,5.31,0,apartamento,Sudeste,1.0526,2,617.23
51837,97.3,95.8,1.5,432515.83,4.87,0,apartamento,Norte,0.9805,3,49.72
55846,78.6,77.9,13.6,434630.16,1.4,0,casa,Nordeste,-1.5675,2,274.19
55450,142.4,145.1,86.2,442070.11,3.42,1,casa,Sudeste,0.0766,0,3624.64
51986,65.2,65.6,34.9,272424.42,1.88,0,apartamento,Norte,1.3534,3,1436.57
53196,82.8,83.7,41.3,398071.64,1.17,0,casa,Sudeste,-1.1302,3,1252.22
54169,125.2,124.3,0.6,587790.51,0.58,0,kitnet,Sudeste,-0.0241,1,99.26
54894,124.9,122.1,33.3,469868.38,2.76,0,kitnet,Sudeste,-0.544,2,502.03
53939,170.7,170.7,10.4,694404.64,7.12,1,sobrado,Norte,0.4486,2,898.82
50242,70.1,68.7,27.9,185709.59,0.82,0,apartamento,Nordeste,-1.1335,2,479.74
54105,162.9,162.1,13.2,455322.07,3.29,0,apartamento,Nordeste,0.653,3,253.12
54832,69.9,69.1,4.6,282347.52,7.31,0,casa,Nordeste,1.063,2,62.84
53006,75.3,77.1,,184606.71,0.34,0,casa,Sudeste,-1.0611,3,520.62
54945,189.8,189.4,3.8,450596.49,7.91,0,kitnet,Norte,0.1453,1,149.83
50651,179.7,182.2,13.3,703801.32,0.4,0,apartamento,Norte,-0.6419,0,581.3
52081,156.6,156.6,7.2,539945.73,0.34,1,casa,Centro-Oeste,-0.706,2,1119.65
55859,207.2,203.2,15.9,780280.86,0.57,1,kitnet,Sudeste,0.7619,2,939.44
50799,38.0,38.9,18.0,154802.12,9.08,0,casa,Sudeste,0.4935,3,254.74
52060,163.4,161.5,13.2,575692.43,27.29,1,casa,Sul,-0.0291,3,1091.55
54121,161.6,160.9,25.2,628012.56,0.2,0,casa,Sudeste,-1.3848,3,254.61
51043,73.1,71.1,1.1,121560.39,4.28,1,apartamento,Sul,0.6229,2,511.36
53357,94.1,94.1,1.0,379995.39,,0,apartamento,Centro-Oeste,1.1394,0,84.82
50562,162.7,158.3,2.6,575789.67,1.32,1,apartamento,Sudeste,-0.561,0,790.48
50095,109.2,106.3,14.3,368720.56,5.67,0,apartamento,Centro-Oeste,-0.1291,3,215.73
53712,30.0,29.9,6.3,94164.44,3.13,1,casa,Norte,-0.5964,2,1407.25
51050,99.3,99.0,,364554.24,19.84,1,casa,Sudeste,1.2936,1,566.83
53573,34.2,34.6,16.4,148038.44,7.22,0,sobrado,Sul,0.6351,2,446.18
52141,66.6,67.6,11.8,236458.75,11.22,0,casa,Norte,0.2578,1,149.3
55091,154.2,156.3,4.4,713074.64,22.29,0,apartamento,Sudeste,-0.7271,3,86.98
52994,180.6,178.3,2.7,789114.43,6.97,0,sobrado,Sudeste,-0.2982,0,52.58
52337,104.9,103.3,55.7,419502.3,2.38,0,cobertura_duplex,Sudeste,0.4316,1,3278.81
51564,105.3,105.2,16.0,283761.05,4.31,0,casa,Centro-Oeste,0.564,2,216.41
50461,124.9,125.8,12.1,460335.78,10.17,0,apartamento,Sul,-0.6515,3,135.36
50314,215.4,213.8,12.7,640266.83,7.83,0,apartamento,Nordeste,-0.6918,1,113.47
55849,214.5,213.5,11.1,502329.53,5.63,0,casa,Nordeste,-0.3028,2,115.34
51234,87.5,89.3,2.6,257133.26,2.7,0,sobrado,Sudeste,-1.5663,0,76.69
55590,114.8,114.0,6.7,274561.09,1.52,0,sobrado,Norte,0.4269,1,172.42
52262,99.9,97.8,2.3,471373.17,2.23,0,casa,Sudeste,0.5384,1,196.21
53480,195.5,197.1,14.7,830876.43,1.96,0,apartamento,Sudeste,-1.6,1,346.38
52951,153.7,154.1,5.8,548323.11,2.65,0,apartamento,Nordeste,0.7774,2,224.97
54675,144.0,145.4,29.0,343355.63,5.25,0,apartamento,Centro-Oeste,0.3755,1,383.35
50552,63.6,62.9,12.9,173380.93,9.76,1,casa,Sudeste,1.3863,0,1611.69
51177,54.4,53.2,15.4,239968.85,6.23,0,apartamento,Centro-Oeste,0.8515,0,288.15
55333,104.4,105.0,10.1,463058.75,3.55,0,casa,Sul,-1.4808,2,372.72
51715,159.5,162.8,1.8,487204.1,2.12,0,casa,Sul,1.7402,3,62.76
53956,54.5,53.4,3.0,185207.29,3.26,0,apartamento,Sudeste,1.2201,1,112.57
53462,62.5,60.6,22.8,255257.21,4.17,2,apartamento,Norte,0.1278,1,4714.42
54019,214.9,213.3,8.2,860385.32,12.69,1,apartamento,Sudeste,-0.8746,1,1256.73
55818,107.6,105.5,0.7,450324.76,3.82,1,apartamento,Sudeste,-0.1522,3,889.89
51864,68.8,67.4,7.0,261556.72,9.64,0,casa,Sudeste,0.2795,1,99.14
50117,111.9,112.8,38.8,580629.0,0.2,2,apartamento,Nordeste,-0.2258,0,3105.48
52858,153.1,153.9,10.5,788408.95,2.26,1,casa,Norte,-1.0047,0,1509.7
54247,60.8,59.6,26.6,200642.08,11.7,1,casa,Nordeste,-0.0396,2,1259.76
51643,55.9,54.3,15.6,193113.96,10.95,0,sobrado,Sul,-0.2183,0,140.65
55461,158.1,157.2,6.2,517995.19,2.88,1,apartamento,Sudeste,0.1819,3,1663.08
51067,309.3,304.4,21.7,1035638.58,1.44,0,casa,Sudeste,0.3915,3,543.59
55738,74.1,75.5,22.3,335966.26,0.77,0,casa,Nordeste,0.6556,2,303.81
54183,99.9,100.4,2.3,257594.9,1.09,0,apartamento,Sudeste,-2.1669,1,129.57
55786,95.0,93.5,0.1,422824.43,0.79,0,casa,Centro-Oeste,1.1246,0,199.87
50556,94.4,97.2,5.3,463602.61,4.94,0,casa,Centro-Oeste,0.1054,2,62.27
54707,66.5,67.8,9.0,216435.73,5.65,0,casa,Nordeste,-1.633,3,293.82
52434,175.9,181.1,32.4,641937.53,1.57,0,casa,Nordeste,0.9303,3,610.04
51002,136.1,137.8,10.7,423568.92,3.74,0,apartamento,Nordeste,-2.3329,3,342.69
51176,54.8,56.4,1.1,174791.56,4.03,0,casa,Centro-Oeste,-1.0318,2,140.51
51746,87.6,89.2,30.4,375879.26,17.66,0,apartamento,Sudeste,1.3324,1,630.32
51507,56.1,54.5,13.8,275922.71,11.08,1,casa,Nordeste,0.53,1,1382.84
53879,84.1,85.4,22.5,380510.98,5.3,0,sobrado,Nordeste,-0.6373,1,251.58
52747,77.6,79.6,1.3,284354.0,13.7,0,casa,Sul,2.1324,3,35.54
50543,125.9,127.7,,424370.5,2.24,0,apartamento,Nordeste,-1.3227,3,258.07
52896,228.7,224.1,4.6,1115944.33,7.51,0,kitnet,Sul,-1.1075,1,136.01
54288,127.1,128.6,5.9,523784.42,3.33,0,casa,Sudeste,1.3825,0,343.93
55519,101.1,101.3,6.6,405861.8,0.8,0,casa,Nordeste,0.0609,0,310.65
55568,71.7,70.5,15.0,343082.61,11.2,0,apartamento,Sul,-0.1609,2,279.13
51346,57.5,56.7,46.1,178183.82,3.61,0,apartamento,Nordeste,-0.1354,3,1358.52
53592,47.4,48.5,17.4,177230.75,4.73,0,apartamento,Norte,0.5182,2,642.53
54125,106.9,107.5,8.1,442049.97,10.39,1,casa,Centro-Oeste,-1.3888,1,718.44
50953,102.4,102.2,5.6,429564.73,3.28,0,apartamento,Sudeste,0.6631,2,180.75
52618,233.7,228.8,12.1,928887.05,6.3,0,apartamento,Sudeste,0.0832,0,287.36
55905,129.5,131.6,,320188.98,24.41,0,casa,Sudeste,1.9606,1,181.47
55598,125.1,124.7,7.4,454826.21,11.26,0,apartamento,Sudeste,-0.0152,0,241.22
53779,49.4,50.7,3.5,185920.14,7.33,0,apartamento,Sul,-0.1969,1,146.34
53991,57.4,58.1,11.6,225957.9,11.73,0,sobrado,Sul,-0.0141,1,337.21
51191,147.1,147.0,24.9,584214.3,1.06,0,casa,Sudeste,0.0382,1,349.38
51833,119.4,119.3,48.7,467074.73,3.63,0,casa,Sul,-0.9378,3,567.43
54784,200.8,199.1,15.9,900066.55,14.87,0,casa,Sudeste,0.5688,2,399.28
50203,41.2,42.3,10.3,152484.38,18.06,0,apartamento,Sul,0.1868,2,166.9
50578,72.6,70.9,26.0,236375.66,3.95,0,apartamento,Sul,0.2904,3,583.13
51245,188.4,188.8,1.3,708585.8,4.95,0,sobrado,Nordeste,0.1288,0,103.84
53117,158.1,153.8,,541454.3,0.55,0,casa,Sul,-0.0536,2,1304.97
55042,87.0,84.6,2.8,387819.47,0.45,0,apartamento,Sudeste,-0.4458,1,65.63
55547,116.7,117.2,43.3,377901.57,7.94,1,casa,Norte,-1.2136,0,869.46
51085,145.4,148.4,18.5,670332.18,2.77,0,apartamento,Sudeste,-0.0981,3,614.14
51005,56.9,55.9,1.6,186982.8,2.77,0,sobrado,Sul,0.8221,3,42.37
55128,187.6,193.2,31.0,396788.12,1.04,0,casa,Sudeste,-0.1353,2,773.17
51601,120.0,119.9,11.5,434449.99,3.97,0,apartamento,Sudeste,-1.7514,3,445.84
53647,191.1,191.0,0.5,581905.09,8.98,1,casa,Norte,0.7063,0,1165.99
50435,117.5,115.2,19.3,425979.04,0.98,0,casa,Sudeste,-0.0033,2,472.16
50269,125.0,125.2,44.3,481727.09,5.39,0,sobrado,Centro-Oeste,-1.5176,2,1171.78
54355,48.5,49.5,37.8,141915.95,4.86,0,apartamento,Sudeste,-0.2196,2,945.61
50817,73.9,72.0,9.5,209740.27,4.44,0,casa,Nordeste,-1.7167,3,80.79
55254,53.7,55.0,25.5,210990.01,10.42,1,casa,Sudeste,-1.3291,0,1613.72
55328,239.1,244.5,6.1,964723.18,1.98,0,apartamento,Nordeste,1.3243,0,115.73
55158,49.0,49.2,0.3,192161.68,15.82,0,casa,Norte,0.1723,3,30.0
51329,156.0,152.9,27.7,603929.88,1.37,0,casa,Sudeste,-1.5075,3,216.72
53915,142.4,144.7,2.1,480161.98,10.46,0,sobrado,Nordeste,-0.5934,1,58.74
50636,163.4,160.6,1.7,699310.89,6.86,0,casa,Centro-Oeste,-2.1454,2,57.27
50420,54.7,55.6,1.4,222349.03,6.79,0,casa,Sudeste,-0.4387,3,47.39
53930,213.9,217.4,16.5,815213.81,13.06,0,kitnet,Nordeste,-0.5932,0,148.47
50245,98.5,99.2,7.1,410457.49,18.58,2,casa,Sudeste,0.7353,2,2922.54
52925,132.7,133.2,58.4,465783.56,8.86,0,casa,Sudeste,0.1994,1,931.08
54120,208.8,210.4,0.5,1060154.17,2.31,0,casa,Sul,-0.0696,0,66.5
53724,114.2,111.9,0.4,458875.29,3.75,0,casa,Sudeste,0.348,0,73.13
53362,73.6,71.4,25.2,303507.88,2.14,1,casa,Centro-Oeste,-0.0787,2,1908.08
52846,115.5,118.1,28.2,360544.91,14.43,1,apartamento,Sudeste,0.8004,1,1234.85
51712,74.0,71.8,17.6,208749.32,6.97,0,kitnet,Norte,0.3385,1,186.83
54227,80.2,79.3,19.8,366565.7,2.58,0,apartamento,Sudeste,-1.5686,1,398.73
51806,53.5,54.8,3.8,223385.05,11.56,1,apartamento,Centro-Oeste,-1.1071,3,902.83
51824,188.9,183.9,4.5,934755.64,0.47,0,casa,Sul,-0.619,3,125.76
50253,115.0,114.5,4.8,540393.67,20.75,0,apartamento,Sul,2.1841,3,102.51
51114,180.4,183.0,5.3,722771.55,20.92,0,apartamento,Centro-Oeste,-1.4131,2,50.93
53220,212.1,209.6,18.9,796228.03,23.11,0,casa,Sudeste,-0.1444,0,284.92
52108,98.3,100.0,13.1,1786919.97,8.77,1,sobrado,Sudeste,0.9051,2,2222.97
52396,106.7,107.1,2.6,398053.14,1.68,0,casa,Nordeste,-0.4495,0,50.6
54412,61.2,61.1,25.3,260920.48,1.09,0,apartamento,Sudeste,-0.2138,0,240.62
51012,177.8,182.1,11.1,481808.44,5.37,0,casa,Sul,-0.9883,2,233.28
53460,203.4,202.0,6.2,374942.05,1.03,0,apartamento,Nordeste,-0.3891,1,87.9
54475,158.1,154.3,16.4,555978.3,0.2,1,casa,Sul,-0.6703,2,454.86
54456,157.8,160.6,15.5,512140.38,23.58,0,apartamento,Centro-Oeste,0.1893,3,311.25
55358,110.2,111.2,0.6,502035.5,2.57,0,apartamento,Sul,0.9859,0,93.22
52134,99.3,102.2,6.0,399336.1,13.13,0,casa,Sul,1.3143,2,106.7
50156,50.0,48.9,10.5,175242.53,1.45,0,casa,Centro-Oeste,-1.1696,3,183.62
50624,213.3,207.3,4.9,738155.7,1.08,0,casa,Nordeste,1.493,3,626.55
52616,113.9,116.1,2.5,538099.05,20.07,0,kitnet,Nordeste,0.9673,0,61.51
50500,96.4,93.5,0.3,281685.72,2.52,0,casa,Sul,1.3461,1,60.28
50726,169.0,170.1,4.4,813048.4,1.17,1,kitnet,Sudeste,-1.3661,1,850.48
53787,112.3,110.8,0.4,443709.93,7.63,0,casa,Norte,-1.5647,1,39.63
53565,142.6,145.3,32.1,617889.89,1.09,0,apartamento,Norte,-0.718,2,687.44
52500,153.2,156.0,42.6,723725.42,1.77,1,casa,Sul,-0.746,3,1761.4
53509,214.7,215.8,,812365.95,8.76,0,casa,Sudeste,1.3503,3,238.38
52234,95.2,92.7,15.3,265621.2,0.85,0,casa,Sudeste,0.0495,3,282.26
50018,110.7,110.8,10.2,277967.1,8.17,0,casa,Sudeste,-1.2948,2,66.39
52709,238.9,244.7,3.7,1190777.45,6.93,0,casa,Sudeste,0.1674,3,157.24
55975,33.2,32.3,45.5,94609.29,2.73,1,casa,Sul,-1.8636,0,734.76
55798,124.3,122.5,22.7,534058.6,19.58,0,apartamento,Sudeste,1.0317,3,92.73
53229,68.8,66.8,6.4,224220.66,0.58,0,casa,Sul,0.4178,2,239.25
54935,217.3,216.8,2.7,891099.37,8.5,0,kitnet,Sudeste,0.5962,1,74.15
53972,84.8,84.8,20.5,239606.69,10.88,1,sobrado,Sul,-0.4144,1,1029.74
54917,212.6,216.3,0.9,914990.3,6.31,1,casa,Sudeste,-1.492,1,1029.04
51237,150.7,146.9,6.0,505474.19,1.8,1,apartamento,Nordeste,0.9128,1,230.39
50507,119.4,117.6,37.4,400800.92,11.23,0,kitnet,Centro-Oeste,2.044,2,228.74
55498,139.6,136.9,29.3,590628.61,2.04,0,sobrado,Sudeste,0.7605,2,582.84
50088,114.9,116.1,6.1,443415.03,10.85,1,kitnet,Centro-Oeste,-1.0334,3,2062.1
51632,131.2,131.8,,588199.95,32.91,0,apartamento,Sudeste,0.0914,0,30.0
54341,112.6,110.1,6.6,297084.12,2.32,1,casa,Nordeste,-1.3531,1,1372.89
50470,193.6,191.0,11.2,774891.69,2.98,1,apartamento,Sudeste,0.0565,3,980.3
53933,171.0,169.0,9.8,453421.49,2.97,1,casa,Sudeste,0.6518,3,725.21
52091,272.0,264.3,30.4,705314.64,5.66,0,apartamento,Sul,0.9884,3,522.51
55607,109.2,107.5,5.7,370042.64,3.45,0,apartamento,Centro-Oeste,-0.0331,1,145.72
55070,87.9,87.7,19.0,471389.45,0.58,0,apartamento,Sul,0.387,2,325.21
51544,91.7,90.1,6.2,296240.35,12.46,1,casa,Sul,1.216,0,551.3
50009,42.8,43.5,11.5,189717.65,8.45,2,apartamento,Sudeste,-0.1594,3,4837.41
54083,120.7,123.5,21.1,414037.67,2.47,0,sobrado,Nordeste,0.61,3,205.98
54885,111.2,111.6,27.3,383332.55,4.39,1,casa,Centro-Oeste,-1.0294,0,996.38
54429,111.2,110.3,43.2,487470.25,15.52,0,apartamento,Nordeste,-0.1347,2,852.12
51082,103.1,105.8,10.9,449145.08,4.33,1,casa,Nordeste,1.2472,0,661.31
50034,38.8,38.7,32.9,156671.31,2.9,2,casa,Nordeste,0.5601,3,6116.97
51989,115.7,113.9,3.9,456690.43,1.49,0,casa,Sudeste,-0.6186,2,463.65
55351,37.2,36.8,13.9,156107.74,0.45,0,apartamento,Sul,-1.7272,1,136.83
55011,116.2,113.8,0.4,308885.71,1.51,1,sobrado,Sudeste,1.1999,2,668.98
50285,53.2,52.2,0.7,235986.15,0.66,0,kitnet,Norte,0.9679,3,57.94
55935,104.9,106.3,,430891.38,3.04,0,apartamento,Sudeste,-0.4451,1,755.33
53281,151.9,149.9,9.3,684400.56,3.4,0,apartamento,Norte,-0.9517,2,225.61
53118,142.4,143.1,5.6,753854.25,12.58,0,apartamento,Sul,2.0464,1,145.37
54391,127.7,130.4,30.6,562976.17,1.76,1,casa,Nordeste,0.7821,1,2379.72
50481,248.3,245.2,5.4,755589.6,5.39,0,apartamento,Nordeste,-0.6377,0,66.71
52617,233.5,234.4,13.5,665143.08,3.38,0,apartamento,Sudeste,1.8289,2,391.17
52883,181.0,180.4,2.0,571146.18,16.0,0,sobrado,Sudeste,-0.1063,0,35.85
53540,172.4,175.5,8.0,648285.08,6.54,0,casa,Nordeste,1.3282,0,145.57
50942,133.8,131.2,1.5,490352.73,4.21,1,casa,Sudeste,0.9896,0,813.37
50565,83.8,83.4,50.7,287626.61,10.38,0,apartamento,Nordeste,-0.214,0,1245.4
55920,30.0,29.6,15.5,123134.14,1.19,0,kitnet,Sudeste,-1.2387,2,295.97
53253,127.4,127.6,59.3,3896976.44,2.11,0,apartamento,Nordeste,0.7846,3,877.76
50104,168.1,164.4,3.7,579705.28,14.99,1,sobrado,Sudeste,0.992,2,1026.45
50188,113.7,111.0,28.7,408030.32,8.35,0,casa,Nordeste,-0.1416,1,603.18
50342,115.2,113.3,2.0,479745.22,7.95,0,casa,Sul,0.9477,2,42.95
51464,175.0,173.6,1.1,817794.57,14.3,0,apartamento,Nordeste,-0.8206,3,30.0
52140,84.6,82.8,15.5,281071.75,4.1,0,sobrado,Sul,0.3126,0,692.52
52826,104.3,104.0,42.9,405092.69,1.87,1,casa,Norte,1.1946,2,1041.8
52270,42.2,41.3,1.6,220793.68,2.32,1,apartamento,Sudeste,-1.7059,3,1761.15
50599,189.4,189.8,23.9,533742.5,1.37,0,casa,Sudeste,-1.3443,3,1140.55
52196,183.0,181.8,5.5,799432.24,7.29,0,apartamento,Nordeste,-0.3182,0,107.27
53936,61.6,60.8,,234407.02,18.72,0,casa,Nordeste,-0.1914,0,30.0
51666,127.4,125.9,4.6,494264.41,6.95,1,apartamento,Sudeste,0.7883,3,1251.04
50649,76.6,75.7,3.3,298128.5,3.48,1,apartamento,Sudeste,1.0599,1,664.54
51941,199.5,200.1,0.5,923206.18,11.49,2,casa,Sudeste,0.0488,3,2299.44
53548,147.3,149.4,0.9,516211.08,13.14,0,apartamento,Sudeste,-2.0508,0,90.42
50667,171.2,166.5,8.5,686287.97,0.33,0,sobrado,Centro-Oeste,-1.8632,2,218.55
51285,227.0,229.1,26.4,841456.08,2.92,1,kitnet,Sudeste,0.545,3,490.29
54144,119.6,117.9,0.3,355700.06,5.82,0,kitnet,Nordeste,-2.4976,0,122.61
55779,153.0,153.7,1.3,3369561.82,1.01,1,apartamento,Nordeste,0.8284,1,1302.9
50689,140.6,143.4,5.2,454619.22,2.57,0,apartamento,Sudeste,1.0504,1,198.89
53631,141.0,144.1,25.2,614998.39,0.66,0,sobrado,Sudeste,1.313,2,674.85
51119,121.6,120.0,,510666.4,0.54,1,apartamento,Nordeste,0.1774,3,927.67
54453,140.1,137.8,6.8,467129.01,2.75,1,sobrado,Sudeste,0.746,3,938.23
51670,111.1,110.5,14.3,406057.29,0.51,0,sobrado,Sudeste,0.5174,2,557.19
50538,191.0,189.5,15.3,681829.08,4.22,0,casa,Sudeste,0.4072,1,132.91
55785,179.8,183.1,18.1,568023.34,7.44,0,apartamento,Sul,-0.3628,2,236.98
53016,199.4,201.0,3.2,955163.69,10.66,2,casa,Sudeste,-1.0104,3,4382.46
53434,201.4,195.5,1.7,591389.22,3.37,0,sobrado,Nordeste,-1.449,1,84.59
50383,222.3,228.2,15.9,665085.88,14.61,0,apartamento,Centro-Oeste,0.5226,0,218.47
51949,109.1,106.3,14.6,483160.11,3.63,0,apartamento,Sudeste,-1.6953,2,345.57
53382,151.6,155.5,7.4,759176.38,5.69,0,apartamento,Sul,-0.6809,3,164.89
53389,61.3,60.0,16.8,279593.87,0.25,0,casa,Sudeste,1.4286,2,373.02
51358,70.8,68.9,14.0,160109.64,3.86,0,apartamento,Sudeste,0.9383,3,592.78
55719,132.0,129.2,37.6,561347.37,1.43,0,apartamento,Sul,-1.0426,2,516.41
51500,151.9,148.1,8.7,627288.13,2.01,0,kitnet,Sudeste,2.6184,0,220.55
51248,175.5,179.5,,583875.47,7.92,0,apartamento,Sudeste,-0.3044,3,401.54
52137,73.1,73.5,18.1,348686.03,0.7,1,casa,Sudeste,-0.0936,1,652.73
51542,112.6,111.6,0.7,453213.82,1.51,0,sobrado,Sudeste,2.4508,3,84.72
52749,166.8,164.7,7.7,726308.18,12.78,0,sobrado,Sudeste,0.064,1,124.19
52915,261.1,263.6,44.6,967396.55,0.22,0,apartamento,Centro-Oeste,0.9573,0,826.38
54986,158.3,154.3,8.0,596713.98,5.06,1,sobrado,Sudeste,1.7987,2,3544.24
53994,172.7,173.7,5.2,530117.57,1.7,0,casa,Sul,-2.505,0,245.18
54479,104.9,102.2,33.9,423176.25,8.75,0,casa,Nordeste,0.2742,2,926.74
53626,145.3,141.3,14.0,602029.13,1.8,0,apartamento,Centro-Oeste,1.0372,3,429.63
50296,100.7,101.2,56.1,387868.9,0.5,0,sobrado,Sul,0.6918,2,560.18
55300,48.6,48.4,1.6,166921.55,9.95,0,apartamento,Nordeste,0.0893,3,34.04
51123,270.9,270.8,12.2,1467668.49,4.44,1,sobrado,Norte,0.8553,0,1083.24
55552,66.9,67.6,29.1,297607.9,1.37,0,apartamento,Norte,-0.2517,3,556.52
51786,56.5,58.0,20.9,218082.72,8.29,0,apartamento,Norte,-1.0091,0,296.94
55882,142.9,142.4,3.1,601198.91,2.29,0,apartamento,Sudeste,-0.8974,0,100.69
51293,233.9,233.0,34.9,1082334.34,3.38,0,casa,Sul,-0.036,0,1062.03
55594,172.3,173.4,2.1,520251.06,9.63,0,apartamento,Sudeste,0.155,2,188.22
53370,83.4,84.4,22.5,319243.42,10.04,2,apartamento,Norte,-0.1163,3,2807.35
50639,208.5,209.4,23.8,768775.03,6.08,0,casa,Centro-Oeste,1.7274,2,366.9
53241,109.4,107.3,16.5,538330.0,16.5,0,casa,Norte,-0.4363,3,290.06
54695,37.8,38.3,24.9,141409.55,11.51,0,casa,Sudeste,1.8721,1,213.81
50893,89.4,88.2,37.3,362610.34,6.99,0,casa,Sul,0.075,3,955.82
55956,161.8,164.5,47.1,588001.26,1.16,0,sobrado,Sudeste,-0.6329,3,2737.38
52587,110.9,112.3,2.0,339020.8,3.1,3,casa,Sudeste,0.572,1,5871.21
51531,268.8,263.1,29.4,1172048.31,5.44,0,sobrado,Norte,0.178,1,296.14
52345,139.5,135.8,,525095.07,2.79,0,casa,Sudeste,1.7666,0,1070.81
55093,48.1,47.6,4.0,244675.17,1.35,0,casa,Norte,0.4399,1,160.97
51141,116.4,115.0,1.3,515678.24,0.38,1,apartamento,Centro-Oeste,0.2443,1,1007.32
50233,138.4,136.0,0.8,528319.78,3.14,0,sobrado,Norte,0.0224,0,202.04
52636,77.9,78.4,0.6,269684.67,2.29,0,apartamento,Sudeste,0.6253,3,94.26
50271,71.5,71.4,48.4,308669.26,6.36,0,casa,Centro-Oeste,0.6171,2,1094.42
55445,90.6,93.0,8.5,275563.14,9.18,0,casa,Sul,-2.2017,0,166.72
51456,136.1,134.1,14.8,411928.44,5.68,0,apartamento,Sudeste,0.2058,1,177.93
52364,64.2,64.3,41.0,243570.03,10.7,1,casa,Sudeste,1.4221,2,2445.97
53634,217.4,214.6,24.6,638455.9,19.71,0,apartamento,Centro-Oeste,0.1473,0,443.37
53269,35.2,34.3,3.3,130773.7,6.4,0,casa,Sudeste,2.0018,1,97.3
55222,108.2,106.6,,446474.64,1.94,0,casa,Sul,-0.4766,3,869.25
51275,58.2,58.5,36.9,199980.45,3.12,0,casa,Sul,0.5558,0,619.88
52079,191.6,195.3,35.4,856234.86,1.5,0,casa,Norte,-0.5827,0,1118.24
52602,113.0,115.4,2.0,337610.67,0.36,0,apartamento,Sudeste,-1.4114,2,279.92
54368,185.3,180.5,18.2,638928.69,5.36,0,apartamento,Sudeste,0.0355,1,289.8
51891,201.2,201.1,24.9,635695.79,8.07,1,sobrado,Sudeste,0.6349,1,1757.99
52550,76.8,78.2,15.4,367010.76,12.62,1,apartamento,Sul,-0.1719,3,593.56
51926,119.6,116.8,5.5,284748.3,7.16,0,casa,Norte,-0.5492,1,127.43
53853,203.4,202.6,4.7,741947.84,0.21,0,kitnet,Sudeste,-0.3259,0,348.4
54773,89.9,88.4,32.9,327349.1,6.81,2,apartamento,Sudeste,0.6799,3,3309.71
52374,146.2,143.7,11.0,477253.19,3.17,0,apartamento,Nordeste,0.8427,0,43.95
52177,146.5,149.0,6.4,604332.97,4.36,0,apartamento,Sudeste,0.3844,3,140.18
54010,129.7,126.8,26.3,418210.66,4.81,0,sobrado,Sudeste,1.8374,2,563.48
52644,181.5,177.5,4.9,758910.34,8.68,0,apartamento,Sul,0.3972,3,181.9
52172,88.8,87.4,,314555.21,3.44,1,apartamento,Sudeste,-0.3059,3,881.59
51419,105.4,105.0,1.2,352826.8,2.12,0,casa,Sul,-2.1947,3,167.6
51250,198.2,203.0,41.8,614947.87,14.72,1,apartamento,Sudeste,0.7512,0,1206.36
50261,111.1,108.8,18.1,437466.16,2.51,0,apartamento,Sul,0.271,2,869.97
54276,127.2,123.8,4.7,506609.39,8.69,1,casa,Sudeste,-0.578,1,461.39
54509,226.1,221.5,30.0,663989.27,2.58,0,apartamento,Norte,-0.9677,0,835.39
53635,126.1,126.9,32.1,472351.26,7.02,1,casa,Sudeste,-0.1619,1,1445.55
53601,99.0,99.8,5.5,397093.95,0.2,0,casa,Sudeste,-0.2546,3,142.19
53580,178.7,179.5,18.8,745707.64,4.47,0,kitnet,Sudeste,0.4832,2,531.27
50440,125.2,125.2,9.4,497819.74,4.06,0,casa,Sudeste,-0.8812,2,231.6
52543,131.9,128.3,29.3,486143.57,3.86,0,apartamento,Sudeste,0.9909,1,867.6
55079,95.5,94.9,31.1,387202.28,3.77,0,apartamento,Centro-Oeste,-0.0457,2,946.28
55423,96.9,97.2,20.3,290286.16,1.18,0,apartamento,Sul,-0.6051,3,97.83
50619,193.1,195.2,3.5,812460.63,4.25,1,casa,Sudeste,0.1862,1,1777.38
51288,130.3,130.2,19.3,615650.1,1.89,0,casa,Sul,-0.2696,3,377.85
53034,126.1,126.1,1.1,401370.96,0.63,0,casa,Sudeste,-0.1438,2,102.95
51247,147.1,148.2,16.7,448552.72,9.42,0,casa,Norte,-0.1259,2,223.77
50157,76.3,74.5,29.3,311824.26,3.7,2,casa,Sul,-0.0946,2,2571.84
54132,155.8,151.4,0.7,563315.63,6.03,1,sobrado,Sudeste,-0.2352,3,778.35
52308,64.8,63.4,9.1,271525.32,13.37,0,casa,Sudeste,-1.3483,3,171.27
54639,144.2,148.4,4.6,474351.92,2.5,0,kitnet,Sul,1.1477,0,211.74
51075,113.9,113.2,12.9,444443.36,26.46,0,sobrado,Norte,0.0127,3,253.74
52329,101.5,102.6,3.5,423707.16,5.87,0,casa,Sudeste,-0.3643,1,41.05
55308,130.2,133.7,12.0,529557.49,7.68,0,apartamento,Sudeste,0.5891,2,109.55
50252,41.4,40.7,26.9,136711.62,2.64,1,casa,Sudeste,0.5467,2,2111.19
54991,83.6,84.5,13.7,252216.17,25.49,0,apartamento,Sul,1.79,3,217.38
52447,195.6,189.8,2.9,976915.14,3.19,1,apartamento,Norte,0.1486,0,1349.3
55576,88.4,89.3,15.5,295685.66,6.31,0,kitnet,Sudeste,1.1616,1,247.38
51165,143.5,143.6,10.5,433593.94,4.44,0,sobrado,Nordeste,1.6936,2,360.32
51520,109.2,109.8,42.0,474598.68,1.36,1,sobrado,Norte,1.151,3,1393.61
51892,30.0,30.0,1.4,107720.62,6.27,0,casa,Sul,1.5952,0,85.08
54489,47.2,48.0,40.2,150298.55,2.17,0,casa,Sudeste,-0.5164,2,488.61
52523,223.1,220.8,22.8,759258.21,1.16,0,casa,Sudeste,-0.8007,0,193.42
50729,224.3,229.0,7.2,1089858.6,,1,apartamento,Sudeste,-2.1894,0,651.91
51213,123.5,124.5,40.7,423367.76,2.1,0,casa,Sul,-2.4266,2,1179.62
55422,92.2,93.6,25.9,295858.74,8.6,0,apartamento,Nordeste,-0.7053,1,1072.97
50173,72.8,72.6,26.6,280130.95,43.67,0,apartamento,Centro-Oeste,1.3181,0,235.06
53909,66.5,65.4,14.3,1702292.54,1.91,0,casa,Nordeste,1.057,2,236.12
50371,247.4,253.9,7.2,1191491.39,15.63,0,casa,Nordeste,-0.2674,3,53.8
54195,93.2,90.6,22.4,252726.63,5.78,1,apartamento,Sul,0.5368,2,768.05
53039,118.7,120.4,6.3,472319.76,10.69,0,apartamento,Sul,-0.1545,3,127.84
51379,70.3,72.1,24.1,271069.48,3.44,1,apartamento,Sul,-0.869,0,1708.38
53758,96.2,96.6,6.2,355106.99,6.87,1,apartamento,Sul,0.2333,2,512.71
55479,84.5,82.3,8.5,441899.35,2.87,0,casa,Sudeste,-0.1246,1,162.16
53874,148.4,152.2,60.1,575356.52,3.85,0,casa,Sudeste,-0.7811,2,1243.25
51516,106.9,103.8,7.9,462227.62,3.89,0,apartamento,Sul,0.1584,1,163.05
51881,97.7,100.4,1.6,429403.77,8.61,0,apartamento,Nordeste,0.6895,1,144.77
51979,176.6,174.6,3.9,606647.33,7.87,1,sobrado,Centro-Oeste,0.0213,0,791.44
55466,234.9,227.9,3.7,886950.85,4.99,0,kitnet,Sudeste,0.7192,0,182.84
53197,56.8,57.7,4.4,221952.16,8.14,1,apartamento,Nordeste,-1.0807,1,952.81
52165,183.7,181.9,45.7,646202.37,0.76,0,casa,Sudeste,0.2227,2,543.88
55420,126.3,126.3,3.3,449558.83,6.0,0,apartamento,Centro-Oeste,0.1508,2,75.4
50628,93.7,93.2,2.8,419210.79,7.2,0,apartamento,Sudeste,-0.4997,2,168.43
54662,84.4,84.4,17.3,378272.0,0.35,1,apartamento,Centro-Oeste,-0.0483,1,2001.21
50410,111.9,111.7,34.4,467789.52,3.55,1,sobrado,Nordeste,-0.9222,1,1232.44
50346,313.8,322.2,24.8,1413998.33,2.58,0,kitnet,Nordeste,0.235,2,1130.85
54062,173.2,176.3,10.6,588772.97,0.22,1,casa,Nordeste,0.0172,2,1148.29
51482,106.6,108.3,0.5,434388.98,2.26,0,casa,Sudeste,-0.6008,3,57.76
50883,144.9,146.9,13.2,697599.08,0.2,0,apartamento,Nordeste,-0.4233,1,226.29
55020,81.5,81.1,5.8,386596.65,0.2,0,apartamento,Sul,0.0762,1,180.43
53910,106.8,108.0,2.3,510358.88,9.62,0,casa,Nordeste,-0.2027,2,57.25
51065,30.0,29.6,23.5,435478.3,2.82,0,apartamento,Sul,1.1203,3,324.94
52265,107.9,110.4,13.6,521857.59,2.49,0,apartamento,Sudeste,0.1882,2,331.71
55826,91.8,93.3,22.9,245920.25,4.17,0,casa,Centro-Oeste,-0.255,3,464.52
50718,132.4,133.9,32.0,569358.2,2.82,2,apartamento,Sul,-1.1458,0,1472.94
50906,180.0,180.3,21.5,856538.13,6.81,1,casa,Sul,0.7522,0,1116.61
51084,97.2,97.2,17.6,365581.69,1.25,0,casa,Nordeste,-1.6546,1,327.73
54523,67.1,67.7,21.8,238093.48,2.45,0,casa,Norte,-0.2408,3,270.74
55247,61.7,62.8,7.0,188103.61,4.28,0,casa,Sul,1.5888,2,92.02
55781,66.4,68.2,7.7,260895.99,13.76,1,casa,Nordeste,2.2149,3,3477.17
51559,82.8,83.1,8.5,224546.65,5.45,0,casa,Sudeste,-0.456,2,131.99
53296,77.1,75.0,7.9,267488.87,2.37,1,casa,Nordeste,-1.2357,3,1011.01
52542,80.8,80.3,10.9,320250.05,8.48,0,sobrado,Sudeste,-2.1758,0,123.27
51854,66.0,67.2,1.0,252119.7,20.81,0,casa,Nordeste,0.2642,3,30.0
55045,198.1,193.3,40.4,2713093.25,13.34,0,casa,Sudeste,0.907,0,252.07
55008,152.8,156.5,3.8,652313.46,0.25,0,apartamento,Sudeste,0.9977,2,130.26
50345,69.1,68.2,30.8,274607.91,3.38,0,apartamento,Sudeste,2.2599,3,487.47
50771,218.0,214.7,,1048693.09,0.76,0,kitnet,Nordeste,-0.6376,2,122.42
53697,105.0,104.9,37.8,355840.76,5.81,1,sobrado,Sudeste,-0.5695,3,646.64
52009,69.6,67.6,12.7,308395.92,2.24,1,casa,Sul,-0.0596,3,1024.12
55511,81.0,82.5,,291038.09,0.76,0,casa,Sul,-0.0744,1,214.64
52652,96.2,95.2,11.7,371586.17,0.99,0,apartamento,Centro-Oeste,-2.8623,3,385.91
50220,90.9,91.2,7.6,249760.32,2.1,0,sobrado,Sudeste,1.7064,2,159.8
52661,93.4,91.6,38.4,505470.51,0.64,0,sobrado,Sudeste,0.3763,3,753.94
55470,132.2,136.1,23.1,489345.01,10.19,0,sobrado,Sudeste,0.6929,0,279.07
52949,186.2,186.3,2.7,677215.12,22.49,0,apartamento,Sul,0.022,3,128.66
53239,149.2,153.3,9.6,230231.9,16.71,2,apartamento,Nordeste,-0.3652,0,5052.77
54587,176.2,172.8,2.9,612252.33,6.79,0,sobrado,Sul,-0.5092,0,100.47
50792,166.9,164.8,21.1,576355.91,4.64,0,casa,Sudeste,1.6567,3,645.33
52796,71.8,73.2,34.3,217820.1,0.78,1,sobrado,Sudeste,-0.9778,1,1840.12
52426,153.9,154.4,3.2,368594.7,12.06,0,apartamento,Sudeste,-0.6065,0,99.97
53503,114.1,112.1,30.3,416132.45,1.63,1,sobrado,Nordeste,0.5308,1,2284.04
51772,64.3,65.4,26.6,254352.49,4.54,1,casa,Sul,-2.0951,3,2057.1
50045,183.2,179.2,6.7,815786.79,2.71,0,casa,Norte,-1.1368,3,314.81
55684,102.5,102.1,27.0,357541.7,7.78,0,casa,Sudeste,0.0188,3,338.64
50087,91.4,90.2,13.3,484904.67,8.8,1,casa,Nordeste,0.0303,0,1261.12
51744,90.1,89.0,11.5,310641.06,2.44,0,casa,Sul,-0.1556,2,236.85
54570,124.0,120.5,1.5,235119.01,2.36,0,casa,Norte,0.1644,0,260.98
52328,56.8,56.2,2.8,213412.55,8.32,0,kitnet,Sudeste,0.6562,0,53.38
50479,287.3,294.8,9.9,1202465.9,0.2,1,apartamento,Sudeste,-1.1035,3,445.96
54418,90.1,87.9,14.9,330850.12,1.9,0,sobrado,Sudeste,0.6377,1,192.23
54964,124.5,127.9,7.1,419059.54,7.15,0,apartamento,Sudeste,-0.9362,2,81.7
52839,123.5,121.7,2.6,368118.29,12.18,0,casa,Sul,2.3455,2,50.48
55274,126.0,127.4,1.9,555574.39,12.78,0,kitnet,Norte,2.3053,0,44.74
53157,148.6,152.3,,638738.88,6.86,0,apartamento,Sudeste,-0.275,0,258.9
54013,132.4,130.0,6.3,424615.72,1.65,0,apartamento,Nordeste,-1.5977,3,121.64
53891,78.2,76.3,16.0,275817.98,1.38,0,apartamento,Nordeste,-0.033,1,242.36
52940,277.5,277.6,14.5,1131999.81,11.01,0,kitnet,Centro-Oeste,0.8203,1,82.64
55231,102.1,101.6,4.4,513925.84,2.15,0,apartamento,Sul,-2.18,1,208.11
53261,124.1,127.6,4.1,514036.15,2.51,2,casa,Nordeste,-1.8172,0,1763.47
54540,82.8,84.1,18.8,285496.83,6.43,0,casa,Sudeste,0.3952,3,84.63
51505,115.5,114.2,14.7,510210.54,1.49,0,apartamento,Sul,0.5944,0,293.43
53476,126.4,128.4,0.3,418363.92,3.78,0,casa,Sudeste,-0.2061,1,73.24
54734,120.6,123.6,13.4,388546.2,0.2,0,kitnet,Centro-Oeste,-1.8404,1,421.76
50811,75.4,76.1,6.8,270401.47,10.1,0,casa,Centro-Oeste,-0.8638,1,63.6
55985,120.0,117.7,28.0,472786.98,2.11,0,apartamento,Nordeste,0.7866,0,365.29
52279,175.9,174.1,16.2,793992.93,5.49,0,casa,Sul,0.2197,3,435.0
53302,174.4,173.3,3.7,558713.52,0.82,0,kitnet,Sul,-0.579,1,248.47
54838,63.6,65.4,1.4,216295.18,4.8,0,apartamento,Centro-Oeste,-0.3623,2,197.4
51284,217.8,214.6,8.1,1023093.37,10.59,0,apartamento,Sudeste,-0.4663,1,160.31
50162,70.8,71.5,17.1,213031.31,6.02,0,apartamento,Sudeste,1.1011,0,187.49
54141,170.4,171.0,9.4,769630.75,6.12,0,casa,Sudeste,-1.7751,2,534.34
52104,219.1,223.2,2.7,1173551.98,1.69,1,kitnet,Centro-Oeste,1.4802,3,535.19
54136,84.5,85.4,8.9,407193.67,3.93,0,apartamento,Sudeste,0.7412,0,152.6
50985,91.8,94.5,,358224.95,10.97,0,sobrado,Sudeste,1.2346,3,210.65
51069,136.7,138.9,9.6,603066.57,13.94,0,casa,Sul,-0.2621,0,78.05
51755,235.8,232.1,10.9,887942.72,0.2,0,casa,Sul,-0.3083,0,209.33
55139,77.2,78.2,0.8,235102.32,2.35,1,apartamento,Sudeste,-0.1751,2,1041.74
53052,70.0,68.0,0.3,173764.24,13.1,0,apartamento,Norte,-1.488,0,30.0
52953,186.1,188.5,,907096.31,0.58,0,apartamento,Nordeste,-1.9262,2,807.49
54929,72.0,71.2,47.4,255354.44,2.64,0,casa,Norte,-0.6963,2,244.48
54238,59.1,60.1,16.1,219628.23,1.68,1,apartamento,Nordeste,-0.0101,1,2247.99
54716,106.6,106.2,14.4,642299.03,15.69,0,casa,Sudeste,-0.2745,0,264.26
52807,70.5,69.4,6.2,309620.63,,0,casa,Sudeste,1.3514,2,127.1
55281,102.4,101.0,11.2,378997.95,1.42,0,casa,Nordeste,0.1294,3,874.97
51109,88.1,87.1,6.2,369199.68,23.17,1,casa,Sudeste,0.1179,2,598.59
54642,217.1,213.0,9.2,848598.4,2.59,1,apartamento,Sul,0.1936,0,786.79
52190,125.1,127.4,4.0,507956.94,13.34,0,apartamento,Sul,0.421,2,100.82
52877,149.1,146.3,41.1,553344.09,1.21,0,sobrado,Norte,1.3558,3,508.36
55403,212.3,207.8,2.6,981834.28,1.87,0,sobrado,Sudeste,-0.0293,2,87.33
54853,169.5,171.0,2.3,774908.7,1.61,0,sobrado,Nordeste,-0.1842,0,47.91
50996,111.9,110.5,27.7,353857.78,3.93,0,sobrado,Nordeste,-0.0464,0,307.91
52875,135.2,132.1,33.9,529611.56,10.54,0,kitnet,Sul,-0.0169,1,656.38
55744,89.1,88.8,22.4,361941.98,7.84,1,sobrado,Nordeste,-0.6241,1,1892.08
55617,61.7,60.2,8.8,342604.53,3.4,0,apartamento,Sul,-0.3251,0,130.11
55291,195.7,190.7,1.8,845218.91,6.94,1,apartamento,Nordeste,0.2684,2,764.64
51698,38.1,36.9,14.5,116255.54,0.31,1,sobrado,Sudeste,-0.1905,3,1085.55
50976,158.5,162.4,29.3,505640.88,19.49,0,casa,Sul,1.9751,1,964.44
52294,143.5,147.3,8.3,589598.6,2.1,0,casa,Sudeste,-0.2231,0,169.11
50892,143.1,141.2,16.6,538210.1,9.06,1,kitnet,Norte,0.4573,2,1181.99
54086,262.6,259.9,10.0,973000.06,9.77,1,apartamento,Sudeste,1.1687,2,2071.63
54831,261.7,261.3,2.4,1024182.98,10.65,1,casa,Norte,-1.0712,1,921.62
54646,98.9,101.5,33.0,444048.18,1.02,0,apartamento,Norte,1.8852,1,793.29
52154,120.0,123.4,1.0,413242.69,14.32,0,apartamento,Sudeste,-0.2531,2,32.3
51581,203.7,209.6,12.8,795732.23,1.56,0,kitnet,Sudeste,-0.8873,1,559.93
50135,236.6,232.4,16.7,805865.3,12.45,1,casa,Sudeste,-1.5502,3,3324.77
53101,115.9,116.0,6.7,517971.98,6.67,0,casa,Sudeste,0.2204,3,79.97
52472,104.2,104.0,57.5,379644.73,2.88,0,casa,Sudeste,-0.9791,2,2335.31
50384,121.2,118.9,5.7,431442.51,10.22,0,apartamento,Norte,0.0508,3,134.54
52132,58.4,58.8,36.8,152540.5,5.83,0,apartamento,Sudeste,0.8922,3,644.28
52038,172.7,168.2,8.8,557302.52,,0,casa,Sudeste,2.0533,2,146.96
54763,210.9,211.3,34.3,748467.55,6.59,0,casa,Sudeste,-0.6085,0,372.01
52259,119.0,117.5,13.6,459712.57,8.58,1,apartamento,Sudeste,-1.2701,1,649.39
51471,193.2,193.9,25.2,834078.43,1.66,0,casa,Norte,0.1315,3,424.3
50658,163.6,164.8,10.1,662793.96,10.92,1,sobrado,Sul,-0.4589,2,2626.81
52048,105.2,108.2,64.0,344888.85,11.8,0,casa,Sudeste,0.6527,1,1002.46
55728,196.1,199.7,7.7,673572.36,4.31,0,casa,Nordeste,0.1703,3,121.6
52235,75.3,74.1,8.1,249988.51,4.3,1,sobrado,Nordeste,0.177,0,856.24
53755,152.1,149.6,4.4,668393.05,10.71,0,casa,Sudeste,-0.1133,2,129.43
55770,76.6,74.7,11.5,239783.48,1.32,0,apartamento,Sudeste,-0.7079,1,349.72
52303,70.1,69.2,17.9,315383.34,21.4,0,casa,Sul,-0.0963,2,367.2
55722,183.4,179.3,10.3,807570.92,0.2,0,casa,Sudeste,-0.9167,2,265.54
55996,150.2,151.7,4.0,597804.64,11.81,1,apartamento,Sudeste,-0.799,2,1508.87
53864,115.2,117.8,15.5,463310.98,0.81,0,kitnet,Sul,-0.8269,1,355.18
51298,77.8,78.0,9.5,281829.56,2.71,0,casa,Sudeste,-0.9321,0,195.35
55195,78.8,78.4,16.1,276448.08,7.13,2,apartamento,Centro-Oeste,1.9079,0,1850.27
50849,116.0,112.7,10.0,386234.76,7.08,0,apartamento,Nordeste,0.3898,2,402.39
53267,161.0,163.4,0.8,867006.7,1.54,0,casa,Norte,1.767,2,74.27
54908,56.5,55.7,1.1,203546.21,2.5,1,kitnet,Centro-Oeste,0.5121,0,696.2
52528,141.5,142.7,10.8,706168.5,6.91,0,casa,Nordeste,-0.9304,3,281.57
53449,127.1,125.5,0.5,449523.35,3.11,0,casa,Sul,-1.047,1,96.03
54308,174.9,172.1,2.6,517494.56,0.74,0,sobrado,Sudeste,0.8627,0,129.18
51946,246.5,250.5,9.7,821096.61,5.66,0,sobrado,Sudeste,2.071,0,164.62
54571,130.2,128.5,10.2,487738.16,4.35,0,casa,Sudeste,0.5819,2,201.08
53570,67.9,68.5,2.4,217573.33,10.21,0,apartamento,Sul,0.2356,0,60.03
51785,109.7,108.9,14.0,425077.55,14.41,1,apartamento,Sul,0.6729,3,668.43
55952,122.4,120.5,5.5,500183.26,2.81,0,apartamento,Nordeste,1.2525,1,190.06
51922,94.7,92.2,2.1,428360.75,4.36,0,casa,Sudeste,-0.3993,3,138.77
55438,124.3,124.8,3.8,589468.01,1.75,0,kitnet,Sul,-1.2135,0,104.2
53692,48.6,48.2,4.9,164735.34,9.29,2,sobrado,Sudeste,0.9063,0,3163.37
52784,53.5,53.8,3.8,177049.28,1.6,0,apartamento,Sudeste,0.3509,2,105.47
54123,30.0,30.0,,96415.37,15.77,0,casa,Nordeste,-0.7108,2,321.42
53262,78.3,78.5,22.8,303774.58,1.53,0,apartamento,Sul,0.6972,3,325.25
50210,178.3,178.7,15.1,481036.44,2.02,0,apartamento,Centro-Oeste,1.6182,3,203.17
53838,164.8,163.2,1.5,549900.03,1.65,0,casa,Centro-Oeste,1.6191,0,89.93
52730,85.7,84.5,18.6,301822.53,,0,apartamento,Sudeste,0.3726,3,284.86
53746,137.9,141.8,3.0,604158.73,3.69,0,casa,Sul,-1.1412,1,200.45
52493,103.0,100.9,14.7,401348.26,7.52,1,apartamento,Sul,0.8619,0,1150.63
52314,138.2,135.4,0.9,425780.2,11.11,1,apartamento,Sudeste,-0.2891,1,496.48
54584,93.4,95.2,0.9,422639.39,1.26,0,casa,Sudeste,-0.054,0,116.0
52571,74.7,74.8,6.0,216590.6,5.9,0,kitnet,Sudeste,-0.973,0,203.64
55169,84.2,84.0,11.9,403323.81,7.05,0,kitnet,Norte,0.0578,3,229.51
53542,177.9,179.2,4.0,812048.65,0.2,1,apartamento,Sul,-0.8598,2,752.74
51567,308.0,299.1,45.7,885051.58,2.23,0,casa,Nordeste,0.8662,2,471.64
53693,108.1,110.4,9.4,358912.27,2.88,1,apartamento,Norte,-1.8425,1,2596.0
50646,219.2,217.2,15.5,706172.31,10.17,0,apartamento,Sudeste,-1.2917,1,151.22
53037,152.5,155.7,5.2,358367.11,1.0,0,sobrado,Nordeste,0.4437,3,118.64
55456,107.0,104.0,9.7,370539.12,7.3,0,sobrado,Sul,-0.5701,3,226.15
54304,155.5,152.9,2.8,611744.29,0.35,0,apartamento,Centro-Oeste,-0.5969,3,115.48
52029,289.9,288.1,38.4,1123285.66,2.06,0,casa,Sudeste,0.5443,2,696.63
53553,103.4,106.3,5.8,241994.37,10.24,0,apartamento,Nordeste,0.4502,3,146.91
53690,47.9,47.3,5.0,208932.73,4.48,0,apartamento,Sudeste,0.421,2,439.28
54209,76.7,75.5,15.6,248192.27,19.22,0,apartamento,Sudeste,1.424,0,121.1
55293,180.2,177.5,1.9,587169.33,7.56,0,apartamento,Sul,0.7482,1,194.56
52707,161.5,161.6,0.4,532244.56,9.87,0,cobertura_duplex,Sudeste,-0.1609,3,44.55
52539,135.1,137.0,3.8,427259.74,6.54,0,casa,Sudeste,1.2903,0,166.13
54376,186.4,187.2,2.7,613801.08,2.11,0,apartamento,Sudeste,0.6547,0,74.95
53174,49.8,48.9,35.2,194147.03,,1,apartamento,Centro-Oeste,-0.6339,0,1325.97
54220,86.0,85.6,8.1,272955.33,9.72,0,casa,Sul,0.4318,2,185.67
55173,72.5,71.3,37.4,279612.7,1.04,0,sobrado,Nordeste,-0.0061,0,354.48
52876,125.2,126.2,5.5,424745.2,0.58,0,casa,Nordeste,-0.2106,3,133.85
51691,70.6,72.2,14.1,276701.16,11.74,0,apartamento,Sudeste,-0.5675,1,228.72
54399,309.6,305.9,66.6,1227981.9,11.39,0,casa,Sul,1.2073,3,1264.7
50668,159.8,157.0,10.7,469419.05,4.1,0,casa,Sul,0.9914,3,362.91
53885,87.7,86.1,0.0,312250.89,0.45,0,apartamento,Sudeste,0.0351,3,62.81
54664,133.3,131.7,16.5,440634.38,3.63,0,apartamento,Sudeste,-0.7729,3,460.14
51721,106.3,108.4,7.9,317874.68,1.05,0,apartamento,Sudeste,1.3246,0,87.38
53650,146.8,142.8,6.4,606362.22,8.45,0,apartamento,Sul,-0.0922,1,167.97
51282,94.4,93.7,7.8,390618.41,16.88,0,sobrado,Nordeste,-0.6427,1,108.51
51206,93.7,91.3,3.3,268827.23,0.99,0,kitnet,Centro-Oeste,0.926,1,360.09
50872,82.5,84.9,0.8,319404.97,0.2,1,apartamento,Sul,-0.722,1,946.5
51475,80.9,80.2,30.4,295953.17,15.71,1,casa,Centro-Oeste,0.7254,3,471.79
50831,34.7,33.8,,127112.18,8.9,0,casa,Sudeste,0.8499,2,235.35
51273,72.8,73.1,3.5,272824.19,1.44,0,apartamento,Sudeste,-0.2264,2,90.72
55233,207.5,201.7,5.0,801567.84,2.89,0,casa,Sudeste,-1.0825,1,139.08
53322,39.4,38.6,11.5,185390.56,2.7,2,sobrado,Sudeste,-0.2439,0,2215.18
52106,145.0,145.2,25.0,511144.44,1.66,0,casa,Centro-Oeste,0.0687,0,1229.76
50561,109.9,106.9,12.0,472394.45,6.57,0,apartamento,Nordeste,-1.9729,1,354.31
51132,71.0,71.5,4.7,182066.22,0.92,1,apartamento,Sudeste,-1.1571,1,233.52
53829,221.0,220.8,11.4,1066831.5,0.56,1,apartamento,Sudeste,0.2445,1,764.69
55638,123.5,125.0,10.4,370086.5,14.32,0,sobrado,Sudeste,-1.59,0,241.21
55426,146.9,148.0,1.6,467987.12,8.16,0,sobrado,Sul,1.2052,1,54.04
51380,90.7,92.5,18.6,332111.18,7.37,0,apartamento,Sudeste,-0.3814,3,704.37
50526,56.9,56.2,1.9,192741.01,0.71,0,cobertura_duplex,Centro-Oeste,-1.9316,1,139.16
51465,201.2,206.5,29.6,547851.54,0.77,0,apartamento,Centro-Oeste,-1.0432,2,274.22
52842,80.0,79.2,48.3,257168.38,3.61,0,casa,Sudeste,-2.4892,3,1149.5
52551,97.3,94.5,3.2,307168.66,0.75,1,sobrado,Sudeste,0.5879,0,1779.5
50641,171.9,173.6,2.6,580899.64,5.2,0,apartamento,Nordeste,-0.0849,2,203.96
54819,104.4,103.0,4.0,373178.43,3.38,1,apartamento,Sudeste,1.1933,3,537.89
54095,92.3,94.8,4.2,306144.88,11.1,0,apartamento,Centro-Oeste,0.8777,3,77.38
55452,114.5,116.3,5.6,520079.9,4.89,0,apartamento,Sul,-0.8907,2,70.71
53931,145.1,146.9,11.4,629606.09,9.04,2,apartamento,Sudeste,0.2297,0,1546.26
51813,94.9,92.5,11.2,374553.55,12.63,0,casa,Sudeste,0.2862,2,180.87
51485,176.6,171.8,3.0,489754.82,5.77,0,casa,Sudeste,0.9837,3,79.22
51996,133.2,136.2,11.0,529454.13,1.36,0,apartamento,Sudeste,-0.0316,3,315.68
53875,63.0,62.0,2.2,293399.66,0.95,0,kitnet,Nordeste,-0.2076,3,60.22
52217,54.0,55.2,16.7,186351.91,5.94,0,apartamento,Centro-Oeste,-0.0524,0,174.07
52378,77.7,79.1,0.6,242400.31,5.55,0,casa,Sudeste,2.2383,3,33.99
55348,97.8,98.8,9.2,367998.31,8.78,2,sobrado,Sudeste,-0.0446,2,2383.26
50325,157.1,155.3,2.1,516282.53,14.33,1,kitnet,Sul,1.3279,1,1354.45
52355,98.9,97.1,5.5,365092.66,2.08,0,casa,Nordeste,-0.3274,2,146.95
51115,110.4,111.6,7.7,547379.61,9.99,0,casa,Sul,-0.1803,2,93.61
52131,66.3,66.8,0.7,230655.49,2.52,0,apartamento,Sudeste,-1.4064,1,294.39
55534,76.9,76.2,,209782.31,12.38,1,casa,Sul,-0.0021,3,349.79
55959,97.6,98.3,1.4,330143.8,10.2,0,kitnet,Centro-Oeste,2.0618,1,48.61
50070,78.9,77.0,1.0,275096.39,0.72,1,apartamento,Sudeste,0.636,2,320.41
52194,50.6,49.4,7.3,205837.68,8.03,0,apartamento,Nordeste,-0.9257,3,107.49
51752,134.5,133.6,11.0,626769.87,1.41,0,casa,Norte,-1.4673,3,237.14
53288,76.5,74.7,18.7,280748.14,4.5,0,sobrado,Sudeste,-0.7494,0,580.48
52250,176.0,180.7,,781184.82,1.41,0,casa,Sudeste,2.6736,1,150.41
54005,165.1,161.9,4.0,481484.59,1.04,1,apartamento,Sudeste,-0.3233,2,1196.95
54799,101.5,101.5,0.2,381780.88,1.26,0,apartamento,Sul,0.3398,0,200.31
55513,215.5,213.5,4.4,892812.21,0.2,0,casa,Sul,0.2678,1,338.57
50834,140.1,136.8,,272670.37,4.79,1,apartamento,Sudeste,0.4888,0,729.07
55816,108.3,109.9,1.6,616387.87,2.07,0,apartamento,Nordeste,0.3784,0,293.1
54529,171.9,175.0,0.6,676053.27,0.2,0,casa,Sudeste,-0.2593,1,74.65
52586,239.2,244.9,11.9,817433.35,0.49,0,apartamento,Sudeste,-0.2885,2,196.8
50057,76.2,77.1,4.7,266158.7,11.79,0,casa,Sudeste,0.3921,3,68.23
52939,121.5,120.0,17.1,439259.65,1.42,0,apartamento,Norte,-0.2411,0,132.83
54056,120.9,120.3,2.1,426696.89,0.55,0,apartamento,Sul,0.231,1,160.06
54860,92.5,95.1,31.7,312350.39,2.45,0,apartamento,Norte,-1.1401,2,699.99
53074,129.9,128.6,4.1,606003.62,0.85,0,casa,Sul,-0.7617,0,173.69
50246,30.0,30.0,22.0,102357.5,4.09,0,casa,Sul,1.348,0,204.12
55372,147.3,149.1,,516123.0,0.2,1,sobrado,Sudeste,0.7861,2,953.85
53842,123.0,120.1,2.5,501297.18,0.74,0,casa,Nordeste,-0.9125,1,143.18
52755,150.6,154.0,2.3,569235.41,1.82,1,apartamento,Sul,-0.4857,1,958.01
52211,142.8,142.3,5.2,665708.96,3.81,0,sobrado,Sudeste,0.4881,0,145.6
55884,94.9,96.1,3.6,417069.71,2.29,0,apartamento,Sudeste,-0.5431,0,134.87
54904,96.1,93.7,5.6,468522.71,3.46,0,kitnet,Sul,0.4792,1,153.8
51974,83.8,85.1,30.0,237134.77,4.48,1,sobrado,Nordeste,0.0364,0,1025.71
51295,98.6,97.1,12.5,322676.66,2.77,0,casa,Norte,0.8164,0,140.35
51965,77.8,76.5,64.9,308256.25,8.7,0,apartamento,Sudeste,1.5198,1,1426.89
54849,83.7,85.9,29.4,314994.95,3.54,0,casa,Sudeste,-1.8788,1,403.62
55647,191.2,194.6,13.6,588730.05,0.35,0,casa,Nordeste,-0.092,3,235.64
50294,160.8,165.3,4.0,484587.75,4.21,0,apartamento,Sudeste,0.3376,2,130.78
52872,138.7,138.9,16.0,660071.75,8.55,1,casa,Centro-Oeste,0.2883,3,696.61
52958,174.1,173.0,75.2,526210.9,1.25,0,apartamento,Nordeste,1.5289,1,933.9
55032,163.2,166.1,27.1,484944.45,6.87,0,apartamento,Sul,-2.3433,3,269.53
52818,99.8,101.8,51.5,388401.67,,0,casa,Centro-Oeste,-0.8093,0,1719.7
54424,94.2,94.9,5.6,409926.97,13.16,0,casa,Sul,0.3563,3,45.46
52026,134.1,135.9,18.5,588475.35,11.1,0,casa,Sudeste,0.6364,0,489.97
55699,145.5,144.5,1.0,567643.58,0.87,0,casa,Sudeste,-0.6914,3,136.45
50514,71.9,72.0,14.0,190790.87,3.17,0,casa,Sudeste,-0.0417,3,153.97
51678,63.0,62.2,2.4,247540.94,0.24,0,casa,Sul,-0.9725,3,124.35
51011,45.2,44.3,2.3,174699.15,5.41,1,casa,Norte,-2.8091,1,585.45
54740,185.0,180.7,31.6,737455.4,2.6,0,casa,Sul,-0.1788,2,1195.49
52043,71.1,69.8,10.2,251807.53,5.98,0,casa,Nordeste,1.2075,3,172.76
53941,179.6,184.1,3.6,868791.65,0.2,2,apartamento,Nordeste,0.4723,3,1768.5
55550,132.9,134.4,3.8,576396.55,10.34,1,apartamento,Nordeste,-0.4544,2,681.69
54017,85.3,84.3,1.8,301696.85,11.13,1,sobrado,Sudeste,0.4522,2,507.02
50406,103.2,101.3,12.2,423670.76,13.76,0,apartamento,Sul,-1.1763,0,266.09
50450,189.3,188.1,12.4,784881.76,0.96,0,casa,Nordeste,2.0385,2,296.92
50032,190.1,194.5,69.0,644891.23,,0,casa,Sudeste,-0.4155,3,2536.04
52065,77.5,79.4,3.9,305774.33,0.56,0,apartamento,Sudeste,1.5515,2,152.88
53605,114.7,117.2,14.1,483317.17,2.5,0,casa,Sudeste,2.3214,0,674.56
52478,178.9,174.4,34.9,762332.98,10.07,1,apartamento,Nordeste,0.1077,1,1057.13
53490,53.1,52.3,0.3,193907.53,4.92,0,casa,Nordeste,0.1458,2,79.0
53522,265.7,260.3,1.9,927522.83,3.94,1,apartamento,Sul,-2.2067,1,551.14
55280,74.3,72.8,0.6,308676.64,2.21,0,casa,Sul,-1.1231,3,262.95
55718,244.6,244.1,6.5,856808.0,2.84,0,apartamento,Nordeste,0.5935,0,532.34
53345,73.7,73.3,3.7,297522.48,6.05,0,apartamento,Sul,0.3872,3,93.36
55001,116.5,118.8,26.5,534564.62,23.5,0,casa,Nordeste,1.5625,1,541.94
54337,95.5,95.5,58.6,242533.01,5.28,0,kitnet,Sudeste,-0.7064,1,3366.29
50630,92.4,93.8,37.6,408664.37,13.59,2,casa,Sul,0.1958,0,3819.16
51399,82.2,81.4,30.7,300424.07,,0,apartamento,Centro-Oeste,-0.2404,0,296.87
54792,135.8,136.7,4.4,618051.49,2.58,0,apartamento,Nordeste,0.8094,0,106.68
52379,94.6,93.8,0.9,420339.31,10.09,0,sobrado,Norte,-0.0294,0,75.6
53485,60.7,59.7,13.1,164926.49,19.6,1,casa,Norte,-0.6132,1,1167.32
52425,66.5,66.6,11.5,363433.3,31.47,0,casa,Sudeste,-0.7387,3,127.17
52640,86.4,85.7,30.4,338910.23,14.96,0,casa,Sudeste,0.7274,1,276.39
51545,108.5,108.1,6.6,544042.63,1.24,0,kitnet,Nordeste,-1.3354,1,118.62
54647,109.5,108.5,1.7,446684.24,1.73,2,casa,Sudeste,-0.5614,0,1838.81
50633,141.2,137.0,21.0,464038.98,11.15,0,apartamento,Sudeste,-0.3613,1,317.66
51458,84.6,82.9,5.2,353932.51,18.81,2,casa,Sul,-0.8928,2,2640.8
54110,88.8,88.7,1.9,409417.56,8.39,0,casa,Sudeste,-1.41,1,92.91
55315,128.4,128.2,25.8,474680.52,2.25,0,sobrado,Nordeste,-0.9049,0,1568.16
52782,111.2,111.0,17.5,574760.78,2.6,0,apartamento,Nordeste,-1.9112,1,499.12
55230,41.2,40.8,12.4,139189.37,29.61,1,apartamento,Sul,1.2034,2,743.98
53907,69.4,71.2,13.6,321149.08,1.78,1,apartamento,Centro-Oeste,-0.8288,1,778.67
53065,160.2,161.0,29.6,709009.88,3.55,0,apartamento,Norte,-0.8576,3,416.33
51931,57.1,58.4,25.3,265264.52,2.99,0,casa,Nordeste,-0.3251,3,402.58
55192,109.8,111.7,8.0,423338.06,1.87,0,casa,Sudeste,-0.9325,2,222.95
50037,97.9,96.0,27.3,296474.27,0.49,0,casa,Sudeste,-0.5287,3,198.32
52090,60.9,62.1,2.5,212346.41,6.51,0,apartamento,Nordeste,-0.2187,2,136.95
52501,122.3,122.6,6.4,401659.98,3.28,1,casa,Sudeste,1.4351,0,939.24
50462,182.1,178.0,15.7,808086.73,20.11,0,casa,Sudeste,0.1205,1,164.89
52849,53.3,53.8,9.0,152390.7,5.69,1,casa,Sudeste,1.4661,0,567.79
55639,92.1,91.3,6.6,370459.19,8.17,0,casa,Sudeste,1.8905,0,64.93
54614,124.3,121.6,0.3,536579.97,12.53,0,apartamento,Sudeste,-0.0002,0,91.14
55652,108.0,108.9,16.8,502974.62,24.96,0,casa,Nordeste,0.2813,1,265.29
55137,105.4,107.1,59.3,469765.23,3.28,1,apartamento,Sul,-0.7689,0,1331.38
53225,160.2,156.4,11.6,597631.19,9.21,0,casa,Nordeste,-0.1552,3,309.41
52601,97.5,96.9,7.2,275343.63,33.37,1,casa,Centro-Oeste,1.6699,0,1752.6
51765,64.0,65.8,14.4,214886.26,4.7,0,cobertura_duplex,Norte,0.5536,3,247.76
53351,87.3,88.8,24.9,279304.81,10.75,0,casa,Sudeste,-0.022,3,308.48
51277,110.3,108.3,8.8,543382.85,28.31,1,apartamento,Centro-Oeste,0.3922,0,990.22
52464,97.0,98.6,12.0,441148.26,,0,cobertura_duplex,Sul,0.2273,1,193.06
51361,63.1,61.4,32.3,181522.23,7.48,0,apartamento,Sudeste,-0.7667,1,875.18
55096,115.8,115.7,6.8,418018.15,1.99,0,apartamento,Sudeste,0.487,2,226.46
52481,33.3,33.8,2.7,157147.12,9.69,0,casa,Nordeste,1.5804,1,40.09
53756,130.4,131.9,60.6,525346.8,3.39,2,casa,Sudeste,0.683,3,1584.89
50720,46.2,47.4,12.2,159764.95,0.2,1,casa,Sudeste,-1.8642,3,1238.89
50938,128.2,125.7,10.0,414752.07,12.72,0,kitnet,Sudeste,0.3143,3,101.37
50122,33.6,33.3,5.4,103519.88,6.48,0,casa,Sudeste,1.1803,2,70.99
54854,205.3,201.2,6.2,781796.1,0.36,0,casa,Nordeste,1.0001,1,256.37
55727,63.7,64.3,13.0,149352.28,14.64,0,kitnet,Sudeste,0.1398,3,91.59
51850,175.8,178.9,53.7,507219.27,9.24,0,apartamento,Centro-Oeste,-0.9093,0,440.05
51853,173.8,170.1,15.4,658428.76,7.26,0,apartamento,Sudeste,-1.631,2,148.99
55152,145.2,149.1,1.6,556433.44,8.3,1,casa,Sudeste,1.1693,2,1293.09
52484,226.9,225.6,2.8,738927.34,0.43,0,apartamento,Sudeste,0.9134,3,163.6
55843,115.2,118.7,29.8,479886.73,2.98,0,casa,Norte,0.4139,0,580.01
54574,149.5,148.9,5.4,528296.18,5.16,0,apartamento,Nordeste,0.3337,1,87.15
55219,148.6,152.3,8.1,508571.99,0.29,0,kitnet,Sul,0.9106,2,274.38
54360,224.9,225.2,0.0,1029166.88,0.77,2,kitnet,Sudeste,-0.3425,0,3632.73
50161,127.3,128.7,25.6,542161.05,2.51,0,apartamento,Sul,0.5613,2,561.13
50576,153.3,153.4,14.8,547245.14,3.56,1,kitnet,Nordeste,0.436,3,605.17
54613,185.1,180.7,13.0,761655.27,6.87,0,casa,Centro-Oeste,-0.7628,3,381.11
50545,35.1,34.4,26.4,114841.47,4.46,0,apartamento,Sul,-0.938,3,433.65
52285,157.8,160.1,6.8,502779.34,0.93,2,casa,Sudeste,0.4579,0,1845.7
55392,48.1,48.9,10.7,232812.58,1.78,1,apartamento,Centro-Oeste,-0.8295,2,1540.32
54596,130.4,128.9,58.0,546017.56,2.61,0,apartamento,Centro-Oeste,-1.0827,2,1279.15
55484,182.6,183.2,8.9,688869.62,1.7,1,casa,Sudeste,0.3165,3,1447.89
55586,75.4,74.2,0.2,296943.16,5.02,1,apartamento,Nordeste,-1.55,2,541.21
50263,72.6,72.9,27.9,270664.49,,0,cobertura_duplex,Nordeste,1.0233,0,436.36
53844,65.1,64.6,3.0,164630.69,16.5,0,kitnet,Sul,-1.7616,2,61.65
50788,92.1,93.4,15.1,392754.72,3.18,0,apartamento,Sudeste,1.1746,2,638.12
51047,270.4,277.4,25.7,740372.76,7.09,0,sobrado,Sudeste,0.4906,2,654.62
51902,182.7,179.7,6.4,663997.57,2.6,1,casa,Nordeste,-0.801,0,714.12
53161,32.7,33.7,2.0,78863.74,10.43,1,kitnet,Sudeste,-0.0419,1,1693.42
53691,109.9,109.5,19.2,493060.26,0.5,0,casa,Sul,-0.1762,3,624.09
50890,159.3,159.2,11.9,809857.74,1.59,0,kitnet,Sudeste,0.1488,3,280.67
55164,60.6,59.9,,261715.96,0.21,0,casa,Nordeste,0.5004,3,570.06
55854,99.5,98.7,26.5,438310.35,4.76,1,casa,Norte,1.2274,1,1973.75
51709,137.3,139.3,17.7,493266.28,1.5,1,apartamento,Sul,1.1007,1,1429.79
52193,38.9,39.8,7.7,163688.29,2.45,0,casa,Sudeste,1.4954,0,180.0
50118,54.6,54.5,5.5,225792.83,3.5,2,casa,Sudeste,1.0574,2,2703.25
52465,183.1,178.3,4.5,722880.93,6.59,0,apartamento,Sudeste,-1.2539,3,179.88
50847,95.8,95.1,11.8,383559.61,0.57,0,casa,Sudeste,1.1458,1,271.74
52793,179.5,184.0,18.6,887893.44,4.89,0,apartamento,Sudeste,0.0219,2,359.21
51708,136.2,139.3,10.6,489302.43,12.62,0,apartamento,Norte,1.7404,1,205.74
54389,30.0,29.3,33.3,120307.3,5.99,0,apartamento,Sul,0.3169,1,521.41
52718,82.3,83.7,17.1,259485.86,16.11,0,sobrado,Sudeste,0.2752,2,224.36
50471,140.0,138.0,3.3,552834.98,11.88,2,casa,Sudeste,0.1849,0,3169.99
55153,237.3,231.7,7.9,972528.41,2.08,1,casa,Centro-Oeste,-0.1546,1,1340.94
51349,156.7,154.8,1.0,900544.29,4.51,0,casa,Sudeste,-0.7,1,300.21
52752,116.7,114.7,2.3,573791.94,6.19,0,kitnet,Norte,-1.0134,3,121.85
54275,110.1,113.0,15.9,359627.68,8.69,1,casa,Sul,-0.1739,3,847.37
55548,46.5,45.6,1.7,207568.92,0.36,1,casa,Norte,1.4453,2,2427.66
51410,125.1,125.9,6.1,481010.81,1.09,2,apartamento,Sudeste,-1.3552,0,3512.05
55533,235.1,233.7,11.8,863642.76,5.24,0,sobrado,Sudeste,0.1999,0,281.69
54457,101.6,104.2,2.5,453448.12,2.62,0,casa,Nordeste,1.076,1,235.12
51276,80.0,78.8,39.8,351075.12,,0,kitnet,Centro-Oeste,0.0313,2,749.58
55263,176.9,179.4,22.0,722267.8,5.71,0,casa,Sudeste,-0.4269,2,325.22
52147,84.1,84.1,19.0,329674.39,6.06,0,apartamento,Centro-Oeste,-1.222,1,258.63
52070,240.4,239.9,5.8,935063.69,1.0,0,casa,Nordeste,0.59,0,115.99
53603,148.1,144.0,,539761.06,4.73,1,casa,Sul,0.5667,1,631.8
51309,168.0,167.6,8.1,482788.03,4.51,0,casa,Sudeste,1.0724,0,184.76
50775,60.1,60.2,9.3,158468.73,1.61,0,casa,Sul,-1.5637,2,167.94
52178,85.2,86.0,1.2,304688.32,5.39,0,casa,Centro-Oeste,0.3171,1,67.32
51480,265.5,265.1,5.6,895526.62,9.08,0,apartamento,Sudeste,-0.2516,2,163.82
55666,102.7,103.1,36.8,478135.95,6.58,0,sobrado,Sudeste,1.0318,1,1216.65
53130,99.7,101.6,36.6,419623.58,4.86,0,kitnet,Centro-Oeste,-0.0686,2,840.18
53407,56.6,55.0,1.2,170952.17,2.68,0,apartamento,Sul,2.2835,1,49.38
55056,132.1,135.5,24.0,539129.7,2.89,0,kitnet,Sul,-0.1432,1,373.39
54741,87.8,87.5,21.5,479613.12,7.81,0,casa,Nordeste,-0.2964,2,323.42
55002,158.7,162.7,7.7,589995.4,4.96,1,sobrado,Norte,1.6933,1,1469.56
50569,114.5,114.8,6.7,396394.51,15.89,0,sobrado,Sudeste,-0.3454,1,101.67
51509,101.1,99.1,,368714.0,0.37,0,sobrado,Sudeste,1.8508,1,111.13
50022,123.2,120.9,7.7,487477.25,6.84,0,casa,Nordeste,-0.3953,1,194.61
55616,161.0,164.3,3.5,549562.97,6.71,0,casa,Nordeste,1.5904,2,66.52
54889,64.5,64.2,29.6,208691.42,13.54,0,casa,Nordeste,-1.2094,3,292.77
52975,188.3,183.9,1.1,618811.0,6.66,0,apartamento,Sudeste,-0.104,0,31.57
54602,143.7,145.8,2.6,390952.66,4.45,0,apartamento,Sul,-0.089,3,77.29
55370,169.2,166.7,5.6,729370.81,4.11,0,apartamento,Sul,-2.0296,1,219.64
51406,64.9,64.7,7.3,246348.45,7.51,1,apartamento,Sul,-2.4955,1,3951.84
51491,132.0,134.0,2.1,485226.39,4.18,0,casa,Sul,-1.4173,1,58.92
54607,113.8,115.0,8.3,394539.26,14.9,1,casa,Norte,-1.0005,0,602.54
54811,110.4,107.6,6.3,442665.76,0.2,0,casa,Sudeste,-0.1625,3,387.13
51658,112.2,113.0,5.3,590670.27,1.18,1,sobrado,Sudeste,-0.557,3,942.49
54416,153.0,151.2,0.8,633493.34,3.82,0,sobrado,Sul,-1.2126,3,150.66
52457,30.0,30.7,24.1,85374.9,1.97,0,casa,Centro-Oeste,-0.7418,1,435.48
55992,80.4,78.4,24.8,356849.63,1.19,0,apartamento,Nordeste,2.0421,3,482.96
52840,125.7,126.2,2.0,605755.84,0.2,2,cobertura_duplex,Sudeste,-0.7096,3,1917.05
52325,95.7,98.3,2.7,312059.49,3.44,0,casa,Nordeste,-1.6549,2,133.49
55262,104.7,105.4,0.6,318303.72,0.53,0,casa,Sudeste,1.6048,2,178.79
53038,98.2,99.8,5.7,2496752.07,18.4,0,casa,Nordeste,-0.0965,0,137.91
52216,123.7,124.8,4.3,480013.72,1.58,2,casa,Sudeste,1.2391,1,6473.69
53092,131.8,131.4,9.9,488108.05,1.42,0,apartamento,Centro-Oeste,-0.9602,1,285.49
50581,108.0,109.3,1.5,429830.93,3.33,0,apartamento,Centro-Oeste,0.9264,2,53.27
55499,217.1,220.3,2.3,637024.85,4.75,1,casa,Sul,0.6464,1,936.45
50844,91.0,89.1,12.0,372823.24,5.09,0,sobrado,Sul,-0.7207,2,866.67
55058,68.2,70.0,1.0,242815.27,1.25,0,apartamento,Sul,1.0461,0,132.61
55867,105.7,107.6,17.8,376300.46,14.96,0,kitnet,Nordeste,1.0105,1,233.42
53176,120.4,119.1,0.5,446762.6,3.97,0,casa,Sudeste,0.6475,0,46.85
55235,148.0,143.7,45.1,588096.74,10.03,0,apartamento,Sudeste,0.0081,1,989.28
50468,111.5,112.3,1.5,469085.72,15.18,1,casa,Sul,1.6933,3,819.84
54033,92.4,92.2,12.3,442748.77,11.63,0,sobrado,Sudeste,-2.1193,2,120.02
53985,121.0,124.6,,471232.66,17.05,1,casa,Sul,0.9,2,1416.3
51839,270.4,277.2,13.0,931903.93,0.84,0,sobrado,Sudeste,-0.5558,2,176.16
53035,138.7,141.9,3.3,520543.26,1.03,0,apartamento,Sul,1.1074,1,97.66
55808,94.0,96.6,0.2,309224.26,0.45,0,apartamento,Nordeste,-1.0986,3,188.8
55197,51.3,52.7,3.0,160717.77,1.89,0,apartamento,Nordeste,0.2807,2,100.8
55569,117.8,116.9,16.7,510510.18,8.3,1,apartamento,Norte,-0.1472,1,654.32
51683,66.8,68.1,1.0,270667.66,2.43,0,casa,Sul,-0.5744,3,103.43
53461,96.1,95.8,13.7,330360.75,9.91,3,casa,Nordeste,-0.1233,3,6060.75
53209,139.3,136.1,9.0,632978.61,4.91,0,casa,Sudeste,0.281,0,393.78
53365,125.1,128.3,0.1,353293.75,0.57,0,casa,Sudeste,0.4809,0,43.46
51089,89.7,92.0,25.3,337537.26,23.92,0,kitnet,Sudeste,0.1375,2,678.68
52443,71.1,73.0,38.7,233568.73,0.99,0,casa,Sul,1.7376,2,476.46
53471,217.8,220.3,52.4,899137.61,10.69,0,sobrado,Nordeste,2.192,1,749.07
53566,206.6,207.5,16.0,821555.94,6.6,0,apartamento,Norte,-1.1609,2,344.65
52527,76.7,77.9,23.3,325147.68,6.94,0,casa,Sudeste,1.2595,1,276.57
51279,87.5,86.2,13.7,278109.18,0.55,1,casa,Sudeste,-0.1895,1,832.96
55972,70.7,72.3,14.6,254750.65,25.91,2,sobrado,Sudeste,-0.9561,1,2682.16
54101,93.4,92.6,12.4,470481.49,4.99,0,casa,Sudeste,0.5275,3,210.85
54094,157.1,156.3,2.1,726862.2,2.33,1,kitnet,Sudeste,-0.4669,2,892.39
53350,145.5,145.6,11.7,642854.17,6.57,0,casa,Nordeste,0.3605,0,240.58
54447,62.5,62.3,6.9,250463.8,3.53,0,casa,Nordeste,-0.6328,1,134.9
54683,164.8,167.5,6.6,539961.97,5.98,1,apartamento,Sul,-0.3168,1,935.68
52340,46.6,47.4,58.6,212911.18,4.49,0,sobrado,Sul,1.4574,0,2453.06
54385,60.1,58.3,23.0,204986.86,10.6,0,casa,Sudeste,-0.1779,0,240.57
52604,136.4,137.9,11.7,418421.79,0.88,1,apartamento,Nordeste,-0.8749,3,1038.5
52013,116.9,118.8,28.2,355814.06,5.99,0,sobrado,Centro-Oeste,-0.0569,0,689.62
52164,111.3,114.3,15.1,416960.98,,0,kitnet,Nordeste,-1.4847,0,565.98
53975,124.0,126.2,8.9,480751.86,11.7,0,apartamento,Sul,-0.1687,3,175.0
55626,139.9,138.2,0.6,587985.38,6.35,0,casa,Norte,0.357,0,36.91
52894,43.2,44.4,9.2,155744.98,1.82,1,apartamento,Sudeste,-0.5867,3,437.8
55528,140.0,141.9,1.0,582042.57,1.62,0,casa,Centro-Oeste,-0.0874,1,39.61
51274,143.0,140.9,11.4,641959.37,1.99,0,casa,Sudeste,1.1661,3,230.6
54670,78.4,76.8,,333118.72,6.74,3,kitnet,Sudeste,0.2777,3,3973.65
51951,64.7,64.6,4.5,264419.35,4.99,0,apartamento,Sudeste,1.0815,1,212.25
52724,51.4,51.2,13.3,194193.6,4.94,0,casa,Sudeste,-0.0768,1,716.2
51753,116.8,114.7,,484974.22,2.05,1,casa,Sudeste,2.2719,0,609.43
51499,47.2,48.5,0.2,150916.02,25.76,0,apartamento,Centro-Oeste,-0.3165,0,30.0
51761,71.9,70.9,6.7,243129.83,14.03,1,sobrado,Sudeste,0.281,0,1176.26
54805,75.4,77.5,0.9,231237.69,5.85,0,apartamento,Centro-Oeste,0.9583,1,99.63
52857,76.0,73.9,17.0,254157.87,0.38,0,casa,Sul,-0.3736,2,632.99
54537,47.0,45.7,20.9,181954.61,0.39,1,casa,Sul,1.6222,2,2705.13
51649,145.1,146.1,30.9,653376.68,3.38,0,apartamento,Sudeste,-0.4591,3,734.04
52804,37.1,37.5,89.3,137011.93,5.63,0,casa,Sudeste,-0.0389,2,702.15
51265,44.3,43.6,3.7,118600.52,0.85,0,apartamento,Sudeste,-0.1737,3,282.91
55204,197.6,191.9,15.8,883177.27,2.31,0,casa,Norte,-0.8314,0,817.33
51636,211.5,210.2,20.6,785650.58,7.49,0,sobrado,Centro-Oeste,-0.6757,3,255.25
52214,124.3,126.7,30.2,400845.51,27.09,0,casa,Centro-Oeste,-0.0332,0,551.19
55287,124.9,127.7,29.4,427853.2,12.71,0,apartamento,Norte,0.1051,1,1592.0
53646,168.2,166.2,0.9,666137.2,,1,apartamento,Norte,-0.2658,1,1068.47
54994,33.6,34.2,29.9,143190.1,1.4,0,casa,Sudeste,0.2694,3,673.88
53585,106.2,104.0,7.6,329780.58,,0,casa,Centro-Oeste,0.9467,2,154.54
50230,113.5,116.1,27.2,374002.44,5.96,0,casa,Sudeste,0.4682,0,508.01
51389,123.1,120.3,13.5,465777.12,5.13,0,apartamento,Sudeste,0.3841,0,183.67
55900,97.5,99.2,1.5,402757.75,0.55,0,casa,Sudeste,-0.5746,2,126.39
53033,171.1,167.7,5.8,353763.44,4.25,0,apartamento,Nordeste,1.9749,0,151.09
55549,114.4,112.7,10.2,551408.04,11.44,1,cobertura_duplex,Sul,-0.348,0,1420.54
51470,134.1,133.8,1.0,400736.39,0.39,0,kitnet,Sudeste,-0.7962,1,105.33
55700,144.7,144.4,29.3,544206.94,4.06,1,sobrado,Sudeste,-0.4527,1,680.02
55723,136.9,135.8,59.6,622893.97,3.99,0,casa,Sudeste,-1.5873,0,961.34
51665,77.3,79.1,23.2,265539.78,4.76,0,apartamento,Sudeste,-0.3078,0,391.98
54872,82.0,81.0,,239436.94,3.86,0,apartamento,Sudeste,1.0673,2,76.82
55815,137.5,136.9,8.6,546323.01,14.87,0,apartamento,Nordeste,-0.2298,2,151.48
50760,85.8,86.3,70.9,305501.4,5.41,0,sobrado,Sudeste,-0.2718,3,1344.77
52838,93.4,90.8,40.6,327257.66,4.24,0,sobrado,Nordeste,-0.4511,1,1688.95
55419,106.3,106.3,6.7,373207.67,1.15,1,casa,Sudeste,1.2385,0,503.1
53169,141.8,137.6,2.3,477727.0,6.07,0,casa,Sudeste,-0.5457,3,34.3
52284,244.7,241.6,17.7,528651.94,12.43,0,casa,Sudeste,0.4683,0,549.58
53657,110.1,111.7,15.0,421582.02,1.75,0,apartamento,Nordeste,-0.1285,3,321.57
54628,99.3,97.2,4.1,213183.01,8.37,0,casa,Nordeste,0.5207,2,211.17
51368,69.6,70.7,6.7,205615.23,1.59,0,casa,Centro-Oeste,0.4156,0,152.0
55527,95.0,97.5,12.4,389050.8,11.07,0,casa,Norte,0.3495,2,76.96
53071,66.7,65.3,18.6,186401.23,0.42,1,apartamento,Nordeste,0.2511,3,702.33
51489,98.2,99.3,7.7,366757.54,11.5,0,kitnet,Nordeste,0.621,3,99.09
53297,102.7,104.4,9.8,423491.43,6.98,0,apartamento,Centro-Oeste,0.7217,2,154.7
53582,185.5,190.2,4.7,709771.08,13.93,0,casa,Sul,0.4688,0,83.4
51852,85.5,87.3,12.0,350031.26,0.54,0,apartamento,Sudeste,1.6497,1,289.77
55121,152.4,153.3,3.1,828593.3,1.94,0,apartamento,Sudeste,-1.5232,2,128.58
50648,55.0,53.8,6.1,188314.14,5.84,0,casa,Sudeste,-0.4008,1,220.65
50995,207.6,213.0,0.8,790852.08,18.5,0,apartamento,Sudeste,-0.6895,1,30.0
54887,223.0,217.1,10.8,823542.96,4.18,0,sobrado,Sudeste,1.3124,3,151.3
55509,89.5,89.5,21.8,384337.02,4.76,1,apartamento,Centro-Oeste,1.4765,3,1436.11
51972,44.3,44.1,6.5,208155.68,7.91,0,casa,Sudeste,0.4229,2,107.6
51118,41.0,40.1,2.5,146882.53,0.51,0,sobrado,Nordeste,0.6286,1,148.09
54070,222.8,225.9,35.9,1019205.46,13.29,0,apartamento,Sudeste,-0.5106,1,661.66
51432,181.2,186.0,15.6,619160.45,6.0,0,casa,Centro-Oeste,0.7003,1,289.6
51240,79.2,81.6,3.9,200049.83,4.6,0,sobrado,Nordeste,0.4776,1,239.13
55679,210.4,211.6,6.0,794075.39,6.19,1,apartamento,Nordeste,-0.4192,1,1289.23
54676,83.2,82.4,14.7,320633.54,8.16,2,casa,Centro-Oeste,0.7249,2,5664.41
55175,166.0,161.6,12.7,580265.1,0.63,0,kitnet,Sul,-1.1401,2,242.75
51803,163.5,159.0,4.2,688944.79,18.59,0,sobrado,Nordeste,1.7782,0,50.56
53578,115.3,118.6,46.2,462008.13,2.29,0,casa,Sudeste,0.468,0,637.74
52388,192.0,192.7,1.1,672214.45,7.53,0,sobrado,Nordeste,-1.5484,0,49.16
51791,143.2,144.8,,496997.68,4.13,0,casa,Sudeste,0.5463,0,401.81
53149,76.9,74.9,24.0,330086.98,5.31,0,kitnet,Nordeste,-0.4315,2,901.9
50900,162.2,166.1,3.5,775628.02,0.75,0,apartamento,Sudeste,-0.7179,3,110.59
55743,130.4,132.4,16.9,426182.37,3.45,0,apartamento,Sudeste,0.5025,1,642.95
55147,158.5,161.4,59.7,470074.94,8.33,0,apartamento,Nordeste,0.2082,3,1479.81
54328,77.1,75.9,17.5,261409.65,0.7,0,casa,Sudeste,0.676,1,118.46
52743,121.8,118.8,10.1,444243.97,12.83,0,sobrado,Norte,-0.6907,3,176.21
53641,115.0,113.9,24.0,402519.87,10.94,1,cobertura_duplex,Nordeste,-0.0642,2,456.58
54956,172.2,167.7,34.5,573172.7,,0,casa,Sul,1.7085,3,352.37
51800,382.9,373.6,30.2,925728.58,3.02,1,apartamento,Sudeste,-0.4964,3,2858.58
52401,147.7,145.0,12.4,614732.9,10.31,0,apartamento,Sul,0.5326,2,311.03
51478,53.7,54.7,54.5,148836.2,5.58,0,casa,Nordeste,0.533,0,799.18
53391,61.3,62.9,4.8,203908.74,9.71,0,apartamento,Norte,1.8161,2,179.69
55366,151.7,149.9,19.2,660258.72,2.74,0,apartamento,Sudeste,-1.2824,2,274.61
50498,108.2,111.3,18.1,380004.13,10.98,0,apartamento,Sul,-0.9361,3,368.25
53315,59.3,58.9,73.5,188240.98,16.19,0,sobrado,Sul,-0.8332,1,2143.31
51104,176.0,174.2,13.8,674302.13,5.06,0,apartamento,Nordeste,-1.7982,1,359.63
51942,100.9,103.3,,429280.74,1.41,0,kitnet,Sudeste,1.5573,1,1000.56
53950,33.7,34.1,1.0,145784.4,2.15,0,apartamento,Sudeste,-1.1511,0,68.36
50023,261.5,268.1,0.9,8766488.39,16.67,0,casa,Centro-Oeste,0.2999,1,141.26
52049,52.3,51.9,24.4,214282.9,3.91,1,apartamento,Nordeste,-0.3247,1,2682.73
54450,74.3,72.5,12.6,320088.72,9.7,1,apartamento,Sudeste,-0.8885,2,503.98
54137,150.3,152.6,75.0,544857.01,0.93,1,apartamento,Sul,-0.0059,1,1300.18
50708,99.4,96.5,4.4,383443.77,1.92,0,apartamento,Centro-Oeste,-1.5737,1,165.95
50983,211.3,206.7,13.2,844940.66,6.88,0,casa,Nordeste,-0.6436,0,325.05
51497,54.4,53.5,,223921.51,7.66,1,cobertura_duplex,Sudeste,-0.4034,0,869.58
55563,151.5,148.7,31.3,479049.99,0.2,2,kitnet,Norte,-0.0734,1,3109.02
55352,50.7,51.6,2.3,189073.07,3.11,0,casa,Sul,-0.2767,2,64.04
53595,243.9,240.6,9.9,936197.84,8.88,1,apartamento,Sul,-2.7093,2,1793.04
52974,121.2,119.2,4.6,544844.49,11.02,0,apartamento,Nordeste,0.2693,0,99.11
53099,86.8,85.5,8.4,337394.22,1.07,0,casa,Sul,-0.5548,2,261.38
55033,91.2,89.7,9.9,249494.13,14.9,0,apartamento,Sul,0.0956,2,146.3
53447,130.0,129.4,,592399.0,0.34,0,casa,Sudeste,1.865,3,93.54
53354,83.4,83.9,0.6,333112.46,6.84,0,casa,Sudeste,-0.1502,1,48.79
52381,184.7,185.9,21.1,622932.01,0.3,0,apartamento,Centro-Oeste,-0.3983,3,328.62
55705,72.3,71.7,15.5,235657.5,15.72,0,casa,Sul,0.394,2,266.32
53111,262.7,256.1,,903132.62,4.5,1,casa,Centro-Oeste,0.1241,2,571.36
54549,127.5,124.8,3.7,552756.82,13.99,1,apartamento,Nordeste,0.0731,2,680.76
51338,148.8,146.8,7.5,544667.95,0.83,0,apartamento,Sudeste,-0.1719,3,175.33
51738,88.1,89.5,,390188.16,0.61,1,casa,Sudeste,1.111,3,391.32
53672,136.0,136.3,2.0,510934.51,1.75,1,apartamento,Nordeste,-0.0112,1,603.21
53656,211.2,212.1,14.1,628453.96,0.51,0,casa,Norte,-0.7604,0,575.03
50927,188.5,192.3,1.4,895755.79,4.83,0,apartamento,Centro-Oeste,1.4661,1,71.58
55213,109.7,109.8,0.9,409757.97,4.11,1,apartamento,Sudeste,-0.7478,2,709.7
54440,190.5,188.7,23.5,767267.15,10.25,0,apartamento,Sudeste,0.3818,3,257.13
51490,31.5,31.9,6.0,148434.56,0.2,1,casa,Sul,-1.4355,0,378.18
50868,42.8,44.0,2.3,184904.34,3.45,0,sobrado,Centro-Oeste,0.0962,1,63.8
53523,210.5,205.3,6.0,805571.42,1.91,0,casa,Sudeste,-1.2112,3,202.17
53927,55.2,55.3,32.3,1469408.08,11.19,0,apartamento,Centro-Oeste,0.0525,3,894.31
50803,64.3,63.6,19.7,244848.92,1.91,0,sobrado,Nordeste,0.5217,2,1054.4
50536,249.5,252.5,18.6,974602.82,3.09,0,casa,Sudeste,0.2078,1,224.59
54480,69.8,69.1,15.6,216904.41,9.19,1,casa,Sudeste,0.2722,1,833.71
53160,181.3,176.6,3.2,491396.77,0.75,0,apartamento,Norte,0.4,1,175.58
54925,35.0,34.8,20.1,144696.46,0.59,0,casa,Centro-Oeste,0.0206,1,149.1
50774,73.2,71.2,9.5,288806.62,2.7,1,apartamento,Sul,1.1134,2,1049.6
52959,115.0,112.5,1.4,525774.42,5.01,1,sobrado,Centro-Oeste,-0.9601,2,423.01
54871,97.4,96.5,3.4,366307.81,0.2,0,casa,Nordeste,-0.433,2,111.1
51239,138.6,142.7,53.0,653078.21,5.92,0,apartamento,Sul,0.2132,0,1371.88
51960,149.8,146.6,66.7,582079.14,3.02,0,apartamento,Sudeste,-1.5492,2,831.56
53507,123.3,123.1,4.8,446202.46,4.59,0,casa,Norte,-0.5557,1,173.81
51474,62.8,63.6,14.9,267638.9,6.09,0,casa,Sul,-0.7002,3,177.62
50390,84.3,85.6,18.2,387265.72,0.94,0,apartamento,Sudeste,-1.0747,0,253.82
50787,250.3,253.8,2.7,822349.67,9.31,0,sobrado,Nordeste,0.2272,1,97.89
55211,53.5,52.6,0.2,187441.14,3.48,0,casa,Centro-Oeste,-0.3672,0,32.8
55288,87.2,85.4,2.7,260374.62,17.04,0,sobrado,Sudeste,0.062,1,115.24
50638,345.3,339.3,24.4,1153780.64,2.65,0,casa,Nordeste,0.3744,1,1074.55
53088,119.4,116.8,1.1,429749.48,4.08,0,casa,Centro-Oeste,0.2321,0,145.96
50185,83.7,86.0,10.7,339438.31,14.64,0,casa,Centro-Oeste,1.1485,2,164.89
54443,52.5,51.9,3.2,249338.16,0.51,1,apartamento,Sudeste,0.4905,2,1846.59
55252,178.8,176.8,12.5,787959.47,0.59,0,sobrado,Centro-Oeste,-0.3248,3,556.99
53173,56.6,56.6,18.8,228871.53,0.37,1,apartamento,Sul,0.6613,0,2588.98
50680,173.2,177.2,33.6,855685.54,0.34,0,apartamento,Sudeste,-0.9516,2,387.99
52377,169.3,172.5,2.8,428796.8,0.2,0,apartamento,Sudeste,-0.6954,2,154.34
54878,151.6,150.0,0.3,515227.3,9.87,0,casa,Sudeste,1.7738,2,76.16
52306,41.8,42.1,14.8,160159.41,6.27,0,casa,Sudeste,-0.7325,2,281.47
52230,96.1,96.9,5.6,236576.51,0.74,0,apartamento,Sul,0.6761,2,153.01
50485,143.0,141.3,27.3,625834.28,0.2,0,casa,Sul,-2.6459,3,453.54
54626,154.4,156.8,10.6,572418.95,5.1,0,sobrado,Sudeste,1.2902,1,173.9
54322,143.5,139.8,10.2,636388.12,3.6,0,casa,Sudeste,-0.8993,2,512.2
51814,85.8,87.5,63.3,437259.91,1.94,1,casa,Sudeste,1.2881,0,1757.97
52533,217.0,214.8,7.2,720396.63,13.31,0,apartamento,Sudeste,0.4319,1,234.12
54088,141.6,143.2,50.8,557406.74,,0,apartamento,Sul,-0.2179,1,906.92
50904,130.5,131.0,41.4,675341.43,2.41,1,casa,Sudeste,-1.5448,0,3252.48
52635,92.4,92.1,13.6,383600.2,11.28,0,apartamento,Nordeste,-0.4347,0,126.01
53119,141.5,139.0,7.0,576388.17,0.2,0,apartamento,Sudeste,0.4907,0,227.67
50053,105.9,105.2,20.9,509025.24,1.34,1,apartamento,Nordeste,-0.4826,0,1190.99
51266,98.8,96.6,43.3,336257.27,5.68,1,sobrado,Sul,0.0843,3,1061.01
53714,152.0,150.4,19.0,551324.28,14.93,0,casa,Sudeste,-0.1344,2,234.72
53944,100.7,101.4,2.8,458619.88,0.66,0,casa,Sudeste,-0.4949,1,148.73
52255,94.2,95.3,1.4,285614.8,,0,casa,Nordeste,0.3276,0,73.7
51420,85.9,86.9,,361942.71,9.14,1,apartamento,Nordeste,1.7536,1,1116.27
51919,149.2,149.2,1.8,746776.25,0.85,0,apartamento,Centro-Oeste,1.7156,0,346.21
54944,77.1,78.3,0.3,310539.75,2.89,0,apartamento,Nordeste,1.3338,3,54.51
55612,159.6,162.7,37.6,700288.94,0.67,0,sobrado,Norte,1.9213,3,802.98
54428,44.2,43.7,12.2,211913.4,3.47,0,apartamento,Centro-Oeste,-1.0449,2,380.01
50553,105.8,105.5,2.0,303266.52,0.61,0,apartamento,Norte,-0.5915,0,99.83
55013,106.0,103.3,24.8,334370.41,0.83,0,sobrado,Sudeste,-1.1934,1,263.7
53836,137.7,136.0,,513834.52,0.33,1,casa,Nordeste,2.0133,3,1563.71
50354,82.0,81.9,35.2,303641.55,3.87,0,sobrado,Sul,0.4656,0,817.6
53067,60.5,59.8,26.4,249557.77,2.41,0,casa,Sudeste,0.2923,2,188.05
52701,131.7,128.9,5.0,529326.22,1.9,0,casa,Sudeste,1.3051,1,249.48
53559,102.6,104.4,14.3,410351.27,0.85,0,apartamento,Nordeste,-1.4166,2,125.82
53814,134.7,136.8,1.0,487663.38,4.48,0,casa,Sul,-2.258,1,48.31
53055,138.7,137.2,28.0,306369.06,2.11,1,apartamento,Sudeste,-0.679,2,840.62
51105,66.7,66.7,5.0,266045.58,7.54,0,sobrado,Nordeste,0.2009,3,119.25
52720,201.7,203.6,0.4,505420.76,4.07,1,casa,Sudeste,-0.4099,1,839.12
53363,109.6,109.7,8.7,409546.15,8.98,0,apartamento,Sudeste,-0.0742,2,227.06
54822,88.7,89.5,16.3,421285.19,2.73,0,casa,Sudeste,1.6143,1,321.45
51202,104.2,105.9,49.2,313970.18,5.52,0,casa,Sudeste,-0.5968,0,678.67
55414,65.2,65.5,11.6,135193.56,3.65,0,apartamento,Sudeste,0.2301,3,117.57
50622,97.2,95.1,36.4,498216.47,4.66,0,apartamento,Sudeste,1.4137,1,369.89
55557,192.3,190.6,10.9,291154.22,4.51,0,kitnet,Sudeste,0.4456,3,232.98
53990,181.7,178.8,4.6,584974.71,6.13,0,casa,Sul,-0.5221,0,106.39
51759,133.0,132.7,7.4,586410.4,1.24,0,apartamento,Sul,-0.3028,3,637.82
52873,48.3,49.6,10.1,167821.73,1.28,0,apartamento,Sul,-0.21,3,148.85
52663,91.5,90.4,22.2,456815.16,2.6,0,apartamento,Sudeste,-0.9202,0,349.12
53335,130.9,133.3,25.4,631986.06,,1,casa,Sul,0.0633,0,1209.48
55848,167.2,171.1,4.3,376069.67,1.63,1,apartamento,Sudeste,-0.2765,3,587.0
53766,92.5,90.1,,347906.72,4.84,0,sobrado,Sudeste,-0.4776,1,1004.58
54178,133.2,135.2,23.6,548969.78,2.71,0,sobrado,Norte,-0.6837,3,571.29
54408,111.3,109.9,9.6,397306.03,19.44,0,casa,Sul,-0.4728,1,188.36
51727,116.9,118.1,22.5,439432.27,6.13,0,sobrado,Sudeste,2.1626,2,174.83
52753,242.3,246.6,9.2,1166994.33,3.64,0,casa,Sudeste,1.4393,2,378.11
50408,122.4,121.0,28.0,449542.46,12.67,1,casa,Sudeste,-0.8152,3,1949.22
55696,64.9,63.8,35.1,216553.63,9.66,1,casa,Norte,1.4735,0,4674.05
51428,99.8,97.9,17.9,335423.63,2.03,1,apartamento,Sudeste,-1.3376,1,835.8
54046,122.0,125.2,2.6,477278.7,0.2,1,sobrado,Centro-Oeste,-1.2177,2,1119.43
54198,104.8,107.5,12.7,401199.56,2.18,2,casa,Sudeste,-1.3505,2,1163.43
51077,152.8,154.4,25.5,510308.41,2.0,1,apartamento,Nordeste,1.6038,2,1857.08
52669,203.2,203.6,2.5,1002288.11,5.96,0,casa,Sudeste,0.9446,2,80.09
54291,115.1,112.5,18.0,557187.73,3.98,0,apartamento,Nordeste,0.2081,1,266.24
51912,173.8,174.7,1.4,761854.71,0.25,0,apartamento,Sul,-1.298,2,103.7
54265,115.9,116.9,17.5,514291.44,10.13,0,casa,Sudeste,0.4835,0,170.8
51256,253.8,248.6,6.7,1028149.46,3.41,0,casa,Sudeste,-0.062,0,123.59
55877,131.4,128.4,11.8,603649.74,12.38,1,sobrado,Sudeste,1.5275,2,563.27
51999,62.8,61.7,5.9,186073.42,12.31,0,casa,Sudeste,-0.4257,1,138.88
53029,194.9,195.2,5.2,650238.96,19.05,0,casa,Nordeste,1.4987,0,48.68
53926,127.6,127.4,3.7,490901.92,1.86,0,sobrado,Centro-Oeste,1.4748,0,119.41
55520,155.7,152.5,13.7,782112.09,0.95,1,apartamento,Sul,-0.6025,0,1418.96
51127,120.5,121.7,4.3,481465.13,0.77,0,casa,Nordeste,1.2647,0,408.18
51387,83.9,83.2,3.7,356069.43,11.26,1,apartamento,Sudeste,-1.2898,2,2070.57
52521,97.4,97.0,42.3,391130.01,8.08,0,kitnet,Sudeste,1.5725,2,284.79
52400,138.1,141.3,33.0,325382.98,0.75,1,casa,Sul,0.2645,0,1306.81
54581,198.3,199.8,13.6,736461.68,15.86,0,casa,Nordeste,0.6501,0,112.97
51760,81.3,79.9,26.0,266562.09,18.01,0,sobrado,Nordeste,-0.38,2,411.92
50067,102.5,105.1,,442035.6,4.8,0,apartamento,Sudeste,0.6173,1,284.41
53080,95.8,97.6,23.5,422520.74,0.74,0,apartamento,Sudeste,-1.7678,1,521.43
54685,100.3,101.8,2.5,272603.37,4.94,1,casa,Nordeste,-1.9564,1,620.54
51366,44.0,44.3,4.4,172124.4,2.95,0,casa,Sudeste,0.9385,3,278.16
53964,81.7,81.9,14.6,321241.37,0.68,1,apartamento,Sudeste,1.4062,2,1014.35
51376,92.6,90.2,1.1,507254.07,10.15,0,casa,Norte,1.0003,0,30.0
55474,70.4,68.4,10.1,233080.98,4.52,1,casa,Nordeste,-0.0777,1,873.26
52619,119.5,122.5,9.1,435207.52,13.74,1,casa,Sudeste,-0.4841,3,742.09
55342,194.3,195.3,29.6,547766.09,11.85,0,apartamento,Sudeste,0.2273,0,606.19
50085,109.1,106.4,5.7,319087.12,2.42,0,kitnet,Sudeste,-0.3337,1,151.44
55595,149.8,152.7,1.7,418716.65,16.01,0,kitnet,Centro-Oeste,-0.1528,2,83.43
50248,67.6,66.7,12.9,312386.27,4.22,0,casa,Norte,1.3315,1,277.47
53917,146.2,150.5,2.2,597009.32,1.56,0,casa,Centro-Oeste,-0.1059,3,86.17
53655,120.6,119.9,0.4,486536.53,7.14,0,casa,Nordeste,1.5307,1,47.88
54514,84.0,82.9,,320809.87,0.79,0,kitnet,Sudeste,-0.5736,2,120.21
55119,120.9,120.9,14.6,284781.04,19.67,0,sobrado,Sudeste,1.2102,0,209.32
50712,129.3,127.9,0.7,510262.87,14.27,0,apartamento,Sudeste,-0.0206,0,52.97
54622,85.0,82.9,26.4,214890.34,7.9,1,casa,Nordeste,1.3324,0,1479.88
50930,139.5,142.1,10.4,429597.52,12.36,0,apartamento,Nordeste,0.571,2,335.45
50809,32.1,31.6,2.2,102733.16,9.25,0,kitnet,Norte,0.1687,1,152.01
53403,112.7,115.4,3.8,328787.53,8.21,0,sobrado,Nordeste,1.9774,0,214.56
50724,78.0,79.6,4.4,216978.42,0.36,0,apartamento,Nordeste,0.089,2,133.01
51437,71.4,71.9,7.2,185534.01,9.49,1,casa,Sul,0.4921,3,651.48
50501,77.5,76.8,8.9,325453.54,7.09,0,apartamento,Sudeste,0.9878,3,144.22
54367,35.6,34.9,14.4,112109.22,3.45,1,casa,Nordeste,0.1563,3,1570.9
52275,172.7,172.4,35.1,680478.15,6.32,1,casa,Sudeste,-0.2259,0,1954.43
55053,92.7,89.9,,199658.75,6.31,0,apartamento,Sudeste,0.1497,3,566.28
51997,145.7,142.0,50.0,507995.77,6.97,0,apartamento,Nordeste,-1.6957,2,779.84
53683,82.8,80.9,35.9,283001.69,0.38,0,sobrado,Sudeste,-1.7013,0,716.3
51068,120.7,124.3,16.3,493931.25,12.49,0,casa,Sudeste,0.2349,2,362.38
54167,101.1,100.8,25.2,366078.9,16.18,0,casa,Sul,-1.1039,1,471.55
55043,122.0,125.3,24.3,449320.37,1.72,1,casa,Sudeste,0.7111,1,1361.22
51872,134.1,133.1,1.6,508969.29,4.95,0,apartamento,Sul,-0.3766,3,136.61
50368,100.5,102.1,16.5,444456.92,2.29,0,casa,Norte,-1.6585,1,241.61
52568,122.1,120.2,2.2,301040.34,24.3,1,casa,Nordeste,-1.3069,2,537.05
54999,206.6,202.9,,994332.58,3.35,1,sobrado,Norte,-0.5435,3,1526.09
53251,187.0,185.0,7.6,677420.0,0.87,1,apartamento,Sudeste,-0.2438,0,983.54
51768,184.5,187.7,5.6,784653.64,1.05,0,kitnet,Sudeste,-0.9118,1,224.98
52923,89.1,88.3,1.5,249769.78,11.06,0,casa,Centro-Oeste,0.4912,2,54.73
50364,62.9,62.1,0.7,203311.62,10.93,0,casa,Sul,0.0147,1,74.26
54430,182.3,178.4,6.3,602640.29,1.89,1,apartamento,Centro-Oeste,-1.2364,2,754.04
52992,108.0,105.7,1.1,380287.28,3.25,0,kitnet,Nordeste,-0.3019,1,59.95
50748,96.6,98.0,16.7,307658.03,13.33,0,sobrado,Sudeste,0.4531,0,272.47
52738,112.1,114.6,1.5,420007.27,,1,apartamento,Sudeste,0.7948,3,452.68
55500,66.9,66.6,10.4,211969.04,3.8,0,kitnet,Sudeste,0.6046,1,199.82
51834,178.3,177.4,16.0,678671.14,5.54,1,sobrado,Sudeste,0.1559,0,2069.39
50685,71.1,69.2,,322125.98,2.58,1,casa,Nordeste,0.8681,1,1510.14
50190,64.9,65.0,0.7,230604.66,6.46,0,apartamento,Sudeste,0.3564,2,67.39
50747,74.2,73.4,5.6,287391.71,2.89,2,casa,Sudeste,0.0421,0,2941.67
50221,79.4,77.4,8.4,227601.22,0.36,0,casa,Sul,0.6088,1,189.71
54031,40.8,41.4,8.0,206634.43,0.8,2,casa,Nordeste,1.1774,0,2739.3
51009,66.1,66.2,7.6,241637.44,0.5,0,apartamento,Centro-Oeste,-2.1849,0,249.47
51787,212.6,211.4,18.6,1034996.18,8.42,1,casa,Sudeste,-1.8827,2,1515.81
51412,329.5,334.3,6.0,1139816.85,6.19,1,apartamento,Sudeste,0.2031,3,699.72
52084,169.3,167.9,21.9,467465.37,2.79,1,casa,Sudeste,0.0755,1,438.02
54835,195.9,200.3,1.0,700307.46,1.42,1,casa,Nordeste,-1.0503,0,601.39
51385,105.2,105.5,1.7,356928.84,2.09,0,casa,Sudeste,-0.4937,0,176.75
55165,109.3,107.7,19.9,438686.65,6.1,1,sobrado,Sudeste,0.104,0,1218.53
54700,154.3,158.0,,593486.49,0.83,0,casa,Nordeste,-0.0848,1,198.27
54508,106.5,107.1,1.6,460185.78,2.17,1,apartamento,Sudeste,-1.445,3,860.84
52905,56.1,57.8,28.2,210223.69,0.2,0,kitnet,Nordeste,-0.3294,2,350.43
51271,145.4,147.6,16.3,543892.63,9.41,1,apartamento,Sudeste,0.4744,0,1594.84
51021,92.8,93.4,1.8,386101.72,14.45,0,casa,Sudeste,-0.0375,2,83.99
52631,96.7,97.6,12.8,362404.17,6.28,1,sobrado,Sudeste,0.7318,3,709.87
53243,72.2,70.2,7.9,263413.3,32.32,0,casa,Nordeste,-0.9468,3,49.89
54973,87.0,85.4,9.0,343874.4,1.46,1,casa,Nordeste,1.1871,2,375.94
51232,142.1,144.4,20.4,432562.94,0.64,0,apartamento,Sul,-0.5408,1,315.46
52016,127.3,127.7,14.2,600817.0,2.52,0,sobrado,Sul,-1.2355,2,546.32
52507,182.8,178.8,15.7,1043085.55,1.19,0,sobrado,Sudeste,0.6639,2,391.26
53093,126.7,124.7,21.0,504120.21,2.3,0,casa,Centro-Oeste,1.7395,3,1208.19
50836,124.7,126.9,12.9,404119.0,5.65,1,sobrado,Sul,0.813,1,1861.54
51148,91.1,89.5,12.6,444023.45,4.57,1,sobrado,Sudeste,1.1819,0,1348.34
52670,57.9,58.5,1.3,282515.92,10.45,0,kitnet,Sudeste,-0.7953,2,54.32
51439,240.9,242.0,51.7,944483.27,11.18,0,apartamento,Sudeste,0.6823,0,682.08
51784,127.3,128.4,,508162.26,5.27,0,kitnet,Sudeste,0.6954,2,156.42
52626,207.0,210.0,13.5,525147.13,3.74,0,casa,Sudeste,-0.0017,3,295.37
54229,50.0,49.3,5.2,139085.85,2.9,0,apartamento,Sudeste,0.1335,1,133.53
50182,55.9,56.7,,283477.84,7.47,0,apartamento,Sudeste,1.4431,1,655.49
50382,131.9,134.0,25.4,671110.96,11.04,0,casa,Sul,-0.6662,0,477.05
51487,245.6,241.3,4.6,991946.07,1.45,0,apartamento,Sudeste,-1.1337,2,214.14
55709,73.2,74.6,0.3,363259.92,7.16,0,casa,Sul,0.3961,1,44.02
51695,73.6,72.1,13.8,268837.42,14.26,1,apartamento,Sudeste,-2.2916,2,2159.53
53790,78.3,80.1,13.7,251123.66,15.49,3,apartamento,Sudeste,-0.3112,2,6113.82
52944,233.1,229.3,1.1,608426.57,6.27,0,casa,Centro-Oeste,0.8702,1,210.01
50706,201.7,202.9,1.4,546915.45,2.6,0,casa,Sudeste,-0.242,1,91.16
51423,161.5,164.3,2.4,732247.44,4.25,2,casa,Norte,0.5012,3,3266.63
55334,121.0,120.9,0.1,424037.18,1.09,0,apartamento,Nordeste,-0.5479,1,253.41
53648,134.3,134.4,6.4,372560.15,1.31,0,casa,Sul,-1.2196,1,199.38
55692,103.2,101.6,14.1,329524.06,15.64,0,apartamento,Sul,0.2634,1,446.61
54196,84.7,84.2,2.3,393799.81,,1,apartamento,Sul,2.2204,0,1560.06
53242,125.9,129.5,12.7,507210.83,1.54,0,apartamento,Sudeste,0.3499,2,171.78
52565,121.5,121.8,3.0,404583.13,7.75,1,casa,Sul,-0.7388,2,1028.87
51774,124.5,127.8,23.7,510006.7,3.55,1,casa,Sudeste,0.139,3,449.53
53726,88.7,87.5,0.7,428008.67,10.99,0,kitnet,Sudeste,-1.0489,2,48.06
54030,87.9,89.4,34.0,289313.79,18.55,0,apartamento,Sudeste,0.8225,1,887.74
55383,142.4,138.7,53.0,774264.0,2.27,1,casa,Nordeste,-0.949,2,2324.36
51757,74.3,72.5,2.0,246863.37,4.0,0,sobrado,Sudeste,-0.7902,2,70.24
53183,84.7,83.3,13.3,304346.75,10.78,0,casa,Sudeste,-0.1341,1,239.42
50457,132.3,133.0,2.2,478212.87,3.12,1,apartamento,Sudeste,-0.006,1,1220.53
50358,81.0,80.2,50.9,273900.51,2.41,0,casa,Sudeste,-0.7223,2,1414.78
50441,73.4,73.8,18.5,256573.05,5.95,0,casa,Sul,-0.8676,2,323.97
51640,157.3,154.0,0.5,458740.07,7.64,1,casa,Norte,0.6279,1,927.1
53822,161.7,159.7,4.9,629584.6,1.83,0,apartamento,Norte,-0.8229,2,195.8
52072,157.0,155.1,9.1,660497.56,3.39,0,casa,Sudeste,-1.0172,1,310.08
52761,138.8,135.0,13.6,522781.75,1.43,0,apartamento,Nordeste,1.5113,2,448.47
50929,159.8,164.0,14.8,634543.58,0.2,0,apartamento,Sul,0.0857,3,938.94
50663,132.9,135.4,1.5,594398.34,10.01,0,casa,Sudeste,-0.3981,0,39.08
55150,82.1,80.9,0.9,320206.46,0.2,0,casa,Sul,0.2086,0,482.55
55630,200.4,204.5,11.0,1021623.8,9.51,0,casa,Sudeste,-0.6638,1,301.98
50482,39.8,39.2,15.7,153200.28,2.17,1,casa,Centro-Oeste,-0.3268,3,666.41
54014,76.3,76.5,10.6,259942.38,4.52,0,casa,Centro-Oeste,0.9645,1,110.45
53162,116.9,120.0,9.0,302211.51,1.65,0,kitnet,Nordeste,-0.2191,1,253.68
51879,149.8,148.2,6.1,446335.67,6.33,0,apartamento,Centro-Oeste,1.1446,3,136.81
54168,66.5,66.2,15.6,261370.89,0.2,0,apartamento,Nordeste,-1.229,2,520.89
52920,111.9,112.7,1.3,448395.95,8.66,0,kitnet,Sudeste,0.3712,1,64.04
52525,72.2,70.1,31.2,257742.92,1.85,0,sobrado,Sudeste,1.2876,3,742.98
51888,95.7,92.8,32.7,299162.8,,0,apartamento,Sudeste,1.5159,3,627.29
53970,88.9,88.8,43.2,296118.14,0.28,0,casa,Sudeste,0.4272,0,802.45
53974,98.2,96.5,15.3,407724.8,6.94,3,casa,Nordeste,-0.5852,1,2789.6
55913,72.8,72.5,18.9,273651.17,3.52,0,casa,Norte,-1.5135,2,540.54
52608,124.7,127.2,3.6,367117.23,5.09,0,casa,Sul,-0.2873,0,170.11
52513,120.8,117.6,14.2,357992.73,0.7,0,apartamento,Sul,0.2529,0,79.57
50421,124.9,123.7,0.6,288776.83,2.83,0,sobrado,Norte,-0.8242,1,86.56
54847,186.5,190.1,8.9,928678.12,1.32,0,casa,Nordeste,-0.8047,2,212.84
53450,104.8,104.7,16.0,370570.58,5.39,0,apartamento,Nordeste,0.1814,0,970.37
53713,31.2,31.7,,148030.25,14.23,0,casa,Norte,-0.997,2,214.88
50767,363.9,365.3,11.7,1217171.73,0.66,2,casa,Nordeste,-1.5439,2,9227.55
55376,198.4,193.8,2.4,713512.58,14.7,0,casa,Nordeste,0.1521,1,39.92
54488,55.6,55.0,22.6,245794.57,14.73,0,casa,Sul,-0.0995,2,179.09
53743,72.0,73.8,2.9,280903.45,2.6,0,casa,Sul,-0.3666,0,71.43
55330,102.8,101.8,42.8,499813.36,4.09,0,kitnet,Sudeste,1.5722,0,823.4
52549,103.7,103.8,4.6,402260.37,7.42,0,kitnet,Centro-Oeste,0.6184,1,125.53
55131,37.0,36.8,16.0,113180.7,0.33,0,apartamento,Sudeste,0.5024,2,500.92
51404,84.7,87.2,5.4,256670.93,4.15,0,sobrado,Sul,0.5085,3,294.56
53063,82.7,81.0,2.5,337048.98,4.9,1,casa,Sudeste,-0.1297,3,1172.27
55194,106.2,103.7,21.7,337130.25,4.99,0,kitnet,Nordeste,-2.5228,2,304.59
51496,110.2,107.5,1.6,475722.14,9.93,0,apartamento,Nordeste,0.9177,0,89.05
50857,196.5,193.0,10.6,785350.26,3.49,0,apartamento,Norte,-1.0765,2,283.51
53464,101.9,104.4,37.0,502161.23,11.62,0,casa,Sudeste,-1.8294,1,435.54
50925,101.4,99.5,49.1,389391.18,4.01,1,casa,Nordeste,-1.1629,2,4405.65
52184,84.5,82.3,4.3,277970.35,4.7,0,casa,Centro-Oeste,-0.4006,3,125.36
51150,204.6,210.3,9.6,849319.39,21.72,0,apartamento,Sudeste,-1.2454,0,440.37
53284,96.8,96.3,10.4,413034.37,2.77,0,sobrado,Sudeste,-0.3955,3,293.7
55490,125.1,126.8,3.8,352196.32,4.86,0,apartamento,Sul,-0.7289,2,88.83
52769,190.4,189.6,39.1,559691.54,0.26,0,casa,Sul,-0.6479,3,284.65
55712,197.8,199.2,2.6,924760.18,6.6,0,apartamento,Nordeste,-0.3117,0,74.82
54928,165.3,164.6,1.4,609756.21,2.68,1,sobrado,Sul,-0.5176,3,1162.94
54749,147.7,146.7,1.2,538834.06,13.8,0,casa,Sudeste,1.3609,2,93.74
51073,159.6,155.0,24.0,680173.74,1.23,0,casa,Centro-Oeste,-0.352,1,373.22
52830,131.2,132.0,24.9,417816.1,9.24,1,casa,Sudeste,-0.9745,2,702.76
54629,67.1,68.9,0.8,291406.9,4.72,0,casa,Norte,0.5835,0,51.68
53698,109.7,108.7,33.0,474425.0,3.51,0,apartamento,Sudeste,-0.4777,3,697.42
54255,160.4,163.2,3.5,497885.32,0.45,1,casa,Sudeste,0.7654,0,1127.45
53007,197.6,195.9,33.1,741448.95,15.76,0,apartamento,Sul,0.6749,0,720.57
54495,240.0,238.3,17.5,1077788.39,7.26,0,casa,Nordeste,-0.8402,0,338.44
51522,109.5,107.4,8.6,392802.21,9.78,0,sobrado,Nordeste,2.6904,2,115.21
50687,153.6,155.8,1.5,618288.98,0.24,2,casa,Sudeste,-1.2866,0,3842.73
54592,70.3,70.6,37.0,283893.33,9.21,0,sobrado,Sudeste,-1.579,1,834.89
55543,99.1,99.5,3.1,327021.87,6.58,0,casa,Sudeste,-0.9295,1,187.95
54433,133.5,137.0,49.9,478145.94,1.43,0,casa,Sudeste,-0.2831,0,699.96
53830,105.9,108.9,7.8,411571.63,1.4,0,apartamento,Norte,0.9951,2,546.5
53680,73.1,73.1,5.8,281483.03,0.33,0,apartamento,Nordeste,0.4646,3,246.19
55124,151.6,151.5,10.7,549772.32,9.63,0,apartamento,Nordeste,1.1531,2,210.54
51230,231.9,234.7,4.2,1055862.05,26.46,0,sobrado,Sul,0.9763,1,94.19
53978,103.9,104.5,0.1,319284.6,11.62,0,apartamento,Sudeste,-0.8364,3,47.29
52823,170.8,171.2,1.0,604188.66,0.66,0,sobrado,Centro-Oeste,-0.2418,1,223.94
52526,159.1,154.5,4.1,699974.95,10.55,1,cobertura_duplex,Sudeste,-0.063,2,2456.72
53649,90.8,89.0,0.6,250245.44,11.05,0,apartamento,Norte,0.2473,1,30.0
54476,116.4,114.0,46.1,363119.01,8.61,0,casa,Sudeste,-2.1493,1,639.56
54254,42.0,41.9,20.5,207595.27,7.44,0,casa,Sudeste,-2.6652,3,165.21
51530,276.4,278.4,9.2,934268.63,2.29,0,casa,Norte,-1.237,1,205.78
51793,103.1,101.8,10.4,318573.56,9.27,2,casa,Sudeste,0.6914,3,4532.9
50853,197.1,195.5,15.7,810919.34,32.2,0,apartamento,Sudeste,-0.1938,0,186.77
53307,64.3,63.1,31.2,272402.27,3.23,1,apartamento,Sudeste,1.1196,1,2009.38
54785,203.0,204.1,7.3,674883.26,0.2,1,casa,Nordeste,-0.5084,1,1414.88
55850,91.7,93.5,2.3,275988.59,4.45,0,casa,Sudeste,1.1819,0,123.77
51280,101.3,104.3,,429130.14,9.57,0,sobrado,Nordeste,0.3404,0,142.56
51992,184.2,187.7,7.4,789022.85,1.24,0,apartamento,Sudeste,0.2051,2,226.36
53682,73.6,74.3,19.6,215176.29,12.54,0,casa,Sudeste,-1.0097,3,227.49
53323,125.8,124.7,5.5,654582.66,0.67,0,apartamento,Sudeste,0.6882,3,243.16
51324,195.6,192.9,6.0,833077.66,,2,casa,Centro-Oeste,0.3425,0,4244.73
54625,123.6,123.4,20.5,373819.15,9.79,1,apartamento,Centro-Oeste,0.0556,1,530.65
54598,172.4,167.5,5.0,554759.36,4.16,0,casa,Nordeste,-0.4121,3,83.47
50615,198.8,200.5,47.3,881735.98,14.98,1,kitnet,Sudeste,-0.7159,1,933.51
50369,89.9,91.0,,313932.12,3.62,0,apartamento,Sul,-0.8983,1,279.96
52629,118.5,119.1,15.3,497117.01,2.06,0,apartamento,Sul,0.5333,0,521.21
52853,68.8,70.5,15.1,257214.74,6.96,0,casa,Nordeste,-0.2675,2,244.57
51441,159.6,163.4,14.3,511737.68,10.25,0,apartamento,Sul,2.7988,2,116.35
55618,257.5,255.2,27.8,798607.64,0.2,0,apartamento,Sul,0.0474,2,215.69
53558,174.0,178.4,27.5,660779.68,2.59,1,apartamento,Sul,0.314,1,1539.87
55190,154.8,153.7,11.1,644003.43,1.36,0,apartamento,Centro-Oeste,-0.0075,3,192.06
55322,100.5,97.7,0.2,446070.64,16.21,0,sobrado,Sul,-1.0469,3,30.0
52324,90.3,88.0,0.8,321326.63,3.0,0,apartamento,Nordeste,0.4799,0,81.72
51046,148.5,147.5,3.0,448744.66,5.18,0,casa,Sudeste,-0.0527,1,213.57
55911,73.9,76.0,31.3,225666.39,1.53,0,casa,Sudeste,-0.6637,2,776.34
53710,70.1,69.0,17.9,249729.24,5.57,0,casa,Sudeste,-0.2254,3,269.17
54036,249.6,254.3,24.6,1166718.71,13.64,0,casa,Sudeste,-0.5724,1,128.16
52809,54.3,53.6,20.3,201717.18,,0,casa,Norte,-1.7689,3,382.23
53266,204.6,206.6,3.0,550111.83,1.49,2,casa,Nordeste,1.2764,1,3172.01
53763,158.4,160.6,7.6,510190.32,23.29,0,apartamento,Sudeste,-0.5427,0,121.1
51359,87.9,86.0,3.3,336707.88,9.99,0,sobrado,Nordeste,-0.0558,0,63.67
54772,108.0,111.2,21.6,510772.83,8.88,0,casa,Sudeste,1.0704,2,284.19
55525,60.1,61.0,15.5,289970.99,1.07,0,sobrado,Sudeste,0.1821,2,113.87
54893,101.7,98.7,22.2,579553.83,5.45,0,kitnet,Sudeste,-2.1984,1,699.1
55837,110.1,111.0,9.1,389254.12,2.48,0,casa,Sul,0.2207,0,282.92
50149,113.5,115.0,35.7,513660.2,2.29,0,casa,Sudeste,-0.9667,0,901.5
55206,110.0,108.6,7.6,345037.81,0.92,0,sobrado,Nordeste,0.1987,2,82.34
54520,107.5,105.6,5.5,420729.87,1.16,0,apartamento,Centro-Oeste,-1.0105,0,114.27
54214,159.0,155.2,0.3,619949.13,5.51,3,casa,Centro-Oeste,-0.083,3,7752.13
54003,180.2,180.7,9.3,608091.85,4.57,0,apartamento,Centro-Oeste,-0.7889,2,308.43
55583,70.2,71.8,0.9,231208.99,5.92,0,apartamento,Sul,-2.2131,3,80.09
53341,164.8,166.5,16.6,760523.9,8.95,1,casa,Sudeste,-0.0467,2,810.0
53207,168.2,164.0,18.5,569762.12,0.72,1,casa,Sudeste,3.1691,0,1135.22
53900,251.3,257.5,4.2,683999.63,,0,casa,Nordeste,-0.6962,2,51.74
53653,30.0,29.8,8.5,107621.3,4.35,0,apartamento,Sudeste,0.4612,3,78.24
53424,169.8,174.3,22.0,608764.74,1.89,0,casa,Nordeste,0.7223,3,371.67
50516,57.2,58.7,69.7,173964.75,0.86,0,apartamento,Sudeste,0.8915,3,1590.45
52729,97.4,99.3,67.3,317744.08,0.23,1,apartamento,Nordeste,0.2479,1,2921.3
54533,54.2,55.8,2.2,1220247.8,0.85,0,kitnet,Sudeste,-0.893,1,153.2
51173,55.7,56.3,0.5,221303.03,3.51,0,sobrado,Sudeste,0.478,2,106.5
52530,105.1,105.5,,397912.42,0.2,0,casa,Sul,-0.1758,3,444.17
55977,139.2,142.6,19.7,345817.63,2.37,0,apartamento,Sudeste,-0.9911,2,236.9
54146,83.5,83.3,45.3,2136526.84,1.99,0,apartamento,Nordeste,0.9843,1,1189.54
54923,170.9,174.8,2.0,537324.74,2.94,1,casa,Sudeste,0.3917,0,773.22
50946,58.3,59.2,12.0,170067.95,0.96,0,casa,Sul,0.2031,2,192.78
55253,115.2,117.0,0.7,350309.75,9.49,0,cobertura_duplex,Nordeste,1.4552,3,37.13
51652,122.0,120.3,10.0,546361.01,0.42,1,kitnet,Sudeste,-1.2049,1,1113.04
52466,103.0,104.9,6.5,323568.35,41.08,0,casa,Sudeste,-2.1476,2,85.61
54579,82.2,79.8,2.8,340008.4,4.07,0,casa,Sul,-0.3054,0,219.63
50692,33.8,32.9,32.0,121228.74,0.85,0,casa,Sudeste,1.4639,1,705.66
53671,179.4,175.5,0.3,738166.52,1.1,0,casa,Sudeste,0.3372,3,93.57
50289,111.2,109.8,3.7,285864.85,0.76,0,casa,Nordeste,-2.1238,2,124.57
53514,138.2,141.1,15.5,552917.41,0.2,0,sobrado,Sul,0.7336,1,267.67
54794,134.2,134.5,4.6,468272.31,0.2,0,apartamento,Sudeste,0.5702,1,122.93
52805,176.0,171.4,0.5,679145.3,1.34,1,casa,Norte,0.9078,1,797.37
54556,89.3,87.6,9.4,468876.41,10.0,1,casa,Sudeste,-0.8272,2,1479.43
52591,90.2,92.4,0.6,309307.12,5.91,1,casa,Nordeste,-0.1874,0,589.75
52343,86.5,86.2,23.2,306220.94,0.2,0,apartamento,Sudeste,0.1422,2,536.54
50061,137.4,141.0,9.4,443580.63,12.84,0,casa,Sudeste,-0.6259,0,121.96
54557,97.5,99.6,15.1,325905.84,0.59,0,casa,Sudeste,-0.0511,0,110.77
55026,114.0,112.6,9.2,424667.49,5.07,1,kitnet,Sul,-0.9844,1,480.39
50832,97.0,97.5,41.0,268274.26,9.96,0,casa,Nordeste,1.4549,3,851.57
52552,95.0,94.3,3.0,365759.22,1.09,0,casa,Nordeste,0.6313,1,184.26
55855,126.4,127.3,15.0,414482.65,0.56,2,sobrado,Nordeste,0.5198,0,1275.62
51907,121.8,118.9,19.3,460287.49,2.4,0,casa,Sudeste,0.5178,1,333.91
50934,111.9,111.4,16.9,466577.35,20.48,0,kitnet,Sudeste,-0.3071,1,196.94
53202,156.1,158.2,6.1,626956.21,8.75,0,apartamento,Sudeste,-0.9947,2,376.37
54215,56.1,55.8,12.3,160784.92,8.27,0,casa,Sudeste,-0.4092,1,110.09
55475,170.3,174.0,1.9,401762.23,8.32,0,kitnet,Nordeste,-0.7386,3,42.42
55186,129.3,129.8,6.6,526532.6,0.24,0,apartamento,Sudeste,0.6943,0,241.33
54109,115.2,112.4,65.7,584674.19,10.72,0,sobrado,Centro-Oeste,-0.497,2,1298.39
50589,64.9,63.5,16.0,257027.94,6.85,0,apartamento,Sul,-1.7617,3,332.58
52566,75.4,73.7,68.6,203982.71,12.59,0,casa,Sudeste,-0.4474,0,753.48
50590,33.9,33.7,10.0,191316.51,10.02,1,apartamento,Sudeste,-0.1101,1,692.48
51144,162.0,164.7,16.1,676789.69,3.62,0,kitnet,Sul,-1.2844,2,572.72
54390,72.8,71.3,9.9,275269.99,1.45,0,casa,Sudeste,0.5671,3,157.43
53426,74.9,73.9,,316773.19,5.87,1,casa,Sudeste,-0.6274,2,1576.64
53675,185.3,180.8,8.0,827865.86,10.99,0,apartamento,Centro-Oeste,0.4127,1,173.64
53479,36.0,36.4,41.3,111917.73,1.62,0,casa,Nordeste,-0.5134,3,646.57
53571,58.3,60.0,14.1,202231.38,4.06,0,apartamento,Sudeste,0.4953,0,265.84
53405,68.2,67.9,7.9,313997.22,8.22,0,apartamento,Nordeste,-0.2155,2,184.08
50258,113.2,114.5,45.7,405664.75,2.43,0,apartamento,Norte,-2.2329,2,1354.54
51991,137.4,136.5,20.3,473902.73,2.46,0,casa,Sudeste,-0.644,3,363.7
53723,177.5,178.1,5.2,460821.28,0.64,1,apartamento,Sudeste,0.8355,2,718.27
53448,100.3,98.2,5.2,428087.93,9.75,0,casa,Sul,-0.1433,2,110.28
53019,282.3,274.7,18.0,1023829.28,0.94,0,sobrado,Nordeste,0.3766,0,659.58
50607,112.4,110.9,12.2,295450.5,1.42,0,apartamento,Nordeste,-0.6583,3,329.46
52921,175.1,172.3,1.0,825843.3,15.49,0,casa,Sudeste,-1.1192,0,62.54
55861,173.1,175.0,6.4,725754.77,0.82,1,casa,Sudeste,-1.0935,2,657.97
50587,146.0,144.7,21.2,702180.79,2.22,0,casa,Sudeste,0.2132,3,532.77
50566,82.0,80.2,1.4,272552.48,13.1,0,apartamento,Sudeste,-0.0279,1,30.0
51382,61.6,62.8,8.0,261000.37,2.07,1,casa,Nordeste,-0.5932,0,2055.35
55439,118.2,119.4,12.0,465641.35,1.89,0,kitnet,Sudeste,2.4862,2,235.98
53673,92.7,94.4,68.1,357078.55,3.01,1,apartamento,Centro-Oeste,1.3557,1,797.64
53783,98.0,97.3,6.6,268545.81,,0,casa,Sul,-0.1069,0,123.33
54681,136.5,136.4,10.5,416435.03,8.51,0,casa,Nordeste,-0.7478,2,154.12
54559,92.6,92.1,1.8,269971.5,1.2,1,kitnet,Centro-Oeste,-0.7153,0,1047.05
55596,121.7,124.6,45.4,463227.86,1.61,0,casa,Centro-Oeste,-1.6672,2,570.87
50196,106.6,109.6,19.1,472473.29,0.31,0,kitnet,Sudeste,0.0121,2,405.67
55803,46.9,48.0,3.8,183948.44,4.42,1,apartamento,Nordeste,0.264,2,1879.76
50133,60.6,62.0,,299892.95,3.91,1,apartamento,Sudeste,1.0451,1,1196.4
53375,30.0,29.7,11.7,98295.65,10.23,0,cobertura_duplex,Sudeste,-0.0651,2,532.67
50321,92.8,95.4,44.5,433467.7,1.77,0,apartamento,Sul,0.7356,3,710.94
52166,103.4,104.9,12.0,438838.41,14.57,0,casa,Sul,0.7373,1,301.69
53965,258.3,260.1,8.3,1067028.89,2.51,1,apartamento,Sudeste,-2.2979,0,444.96
54422,104.5,103.4,52.1,403317.19,0.2,0,apartamento,Sul,0.2338,3,698.28
50905,210.7,210.2,15.0,765593.18,6.85,0,casa,Centro-Oeste,-1.0507,3,809.82
55097,116.3,119.1,9.2,483314.8,1.07,0,casa,Sul,-0.3181,2,286.7
51639,222.3,215.9,0.1,486960.2,0.71,0,casa,Nordeste,-0.8279,1,166.08
54197,136.2,134.7,1.3,725021.9,0.75,1,apartamento,Sudeste,-0.3177,0,661.39
54028,135.4,134.4,12.3,530116.04,2.38,0,apartamento,Nordeste,-1.2418,0,208.84
51251,122.6,120.4,9.3,518027.69,1.12,0,casa,Nordeste,-0.2689,2,444.12
51697,120.6,122.7,12.8,363174.68,6.07,0,apartamento,Sudeste,-0.5001,0,129.35
50229,67.5,68.9,23.8,277471.73,7.11,0,casa,Sudeste,0.3187,2,762.34
51056,56.7,55.8,9.2,209681.54,7.13,0,apartamento,Sudeste,0.4459,0,146.94
52370,80.7,82.7,10.4,322330.12,7.51,0,apartamento,Sul,-0.4986,1,141.91
55138,40.2,39.7,19.3,134073.2,1.1,0,apartamento,Nordeste,-0.9847,2,242.17
53439,87.4,88.7,7.9,343354.71,20.29,0,apartamento,Norte,1.1533,0,222.53
52069,109.0,107.5,5.3,438903.28,14.12,0,casa,Sudeste,0.5714,2,73.65
50579,121.9,118.6,4.5,363747.96,5.66,0,casa,Sudeste,-0.1066,2,76.22
54377,110.6,113.1,5.9,409392.59,12.93,0,casa,Sul,0.95,1,158.45
54743,147.8,144.8,37.4,482959.9,0.2,0,casa,Sudeste,-0.2087,0,466.69
53932,179.8,179.8,6.7,875145.91,11.98,1,apartamento,Sudeste,0.9004,1,2254.13
50114,79.3,80.1,54.7,311411.7,8.35,0,apartamento,Sudeste,-1.227,1,392.16
52150,68.5,70.5,2.5,254705.83,1.1,0,casa,Sudeste,2.1792,1,70.04
53042,127.0,123.6,0.1,583447.52,10.49,1,casa,Centro-Oeste,-1.3885,1,344.29
53828,206.2,208.6,8.5,973829.21,0.2,1,apartamento,Sudeste,0.0137,0,664.0
51190,121.1,123.5,13.8,551594.59,0.5,1,apartamento,Nordeste,0.9152,0,1208.65
55336,189.6,186.9,27.8,745873.43,3.32,0,apartamento,Centro-Oeste,-0.3058,2,497.91
50226,119.5,121.5,3.7,447678.09,8.91,0,apartamento,Sul,1.9824,0,203.49
51557,94.7,93.2,0.4,430949.81,0.2,1,apartamento,Centro-Oeste,-1.2912,3,1548.81
50017,171.2,167.1,7.0,572170.48,8.0,0,casa,Sudeste,1.0425,1,341.98
53606,81.1,82.2,9.2,317869.92,7.55,0,sobrado,Nordeste,-0.6649,0,342.22
52338,155.9,157.9,2.2,734575.88,2.91,3,apartamento,Sudeste,-0.2504,1,1434.59
52612,81.5,83.0,0.2,335039.59,,1,sobrado,Sudeste,1.9288,3,1278.45
55304,186.4,182.1,1.4,645125.56,1.4,1,apartamento,Sudeste,-1.4655,1,1415.34
53850,106.1,108.7,20.9,437877.25,0.2,0,sobrado,Centro-Oeste,-0.6078,3,238.93
51729,100.7,98.8,52.5,444888.15,9.38,2,casa,Norte,-0.1127,0,3560.52
50418,71.4,71.1,12.6,271942.09,8.09,0,casa,Sul,-1.4076,2,509.89
50688,44.4,45.1,26.8,191739.43,0.2,0,casa,Centro-Oeste,0.4558,0,238.28
50988,83.5,84.7,27.9,266645.38,1.26,0,apartamento,Sudeste,0.2387,0,698.49
51062,50.8,49.7,,177360.49,0.26,1,casa,Sul,-0.0415,1,795.99
50950,113.3,114.8,10.9,677600.63,7.88,0,apartamento,Sudeste,0.7262,0,363.26
55669,104.2,106.4,18.4,352842.01,2.01,0,casa,Sudeste,-0.553,1,2087.14
52620,110.1,107.0,,448995.37,20.39,0,casa,Nordeste,0.4578,2,119.42
52277,84.4,84.7,41.3,297003.62,1.41,0,apartamento,Sudeste,-0.6718,1,1961.85
53340,121.8,123.9,0.7,492105.76,6.36,0,apartamento,Sudeste,-1.0588,1,33.98
50086,62.5,61.6,17.0,238289.21,0.38,1,apartamento,Sudeste,-0.7081,3,1516.62
54085,79.6,78.6,6.1,259950.32,21.13,0,casa,Norte,-1.2595,2,71.04
54261,129.7,132.1,,380999.52,11.87,1,apartamento,Norte,0.7247,2,1510.14
53432,62.1,62.2,0.2,193592.68,0.2,1,apartamento,Sudeste,-1.6011,0,730.7
51844,115.1,116.8,6.4,319081.96,9.51,0,casa,Sul,-0.1186,3,313.27
50288,238.8,243.3,6.5,1035662.29,0.9,0,casa,Nordeste,0.0462,3,190.09
55112,141.8,138.1,29.1,486471.11,1.38,0,sobrado,Nordeste,-0.1594,3,892.92
51300,66.4,64.5,12.1,291200.94,1.1,0,sobrado,Sul,1.5003,1,213.25
52125,39.4,38.9,11.6,163770.92,11.19,0,sobrado,Sudeste,-0.5354,1,212.48
54382,80.4,80.7,55.8,355401.79,11.85,0,casa,Sudeste,0.0847,1,1059.27
52290,102.7,101.8,,444502.43,2.43,0,apartamento,Centro-Oeste,-0.7774,2,739.17
54286,179.2,184.1,,640172.24,0.33,0,casa,Sudeste,0.1941,3,63.51
52933,102.8,105.3,2.6,394322.8,5.42,1,casa,Centro-Oeste,2.2526,0,1834.58
50422,44.7,44.0,5.5,201169.33,5.98,0,apartamento,Sudeste,-0.2488,0,66.77
52639,128.7,125.5,6.1,737406.58,11.2,0,casa,Sudeste,-1.0562,1,51.85
55717,125.4,125.4,8.0,408487.6,5.05,0,casa,Sul,-0.6271,3,81.03
53397,151.4,155.4,45.5,645722.09,9.57,2,casa,Sudeste,0.4877,0,5994.88
52281,36.7,37.0,12.4,148990.59,6.79,0,apartamento,Sudeste,-0.5199,0,797.02
51182,107.4,104.3,5.5,506283.52,6.37,0,casa,Nordeste,-0.9081,2,98.2
50998,332.0,327.4,23.6,944955.93,0.23,0,sobrado,Centro-Oeste,-0.7642,0,1528.38
54565,82.6,83.7,13.6,372696.28,4.66,0,apartamento,Sudeste,0.2573,2,142.01
55220,203.2,207.1,15.6,962321.87,5.62,0,casa,Nordeste,0.3923,0,527.35
50935,264.4,266.3,23.2,980201.01,2.01,0,casa,Sudeste,0.339,0,397.79
53705,56.5,56.4,,181060.33,2.01,0,casa,Sul,0.3556,3,155.12
51292,165.4,161.4,21.0,642993.0,12.54,1,casa,Sudeste,-1.5636,1,941.54
54796,273.1,272.1,13.0,1364066.95,1.43,0,casa,Sul,0.1277,2,252.85
55014,52.1,53.1,8.5,197856.6,7.1,2,casa,Sul,-0.5272,1,4031.55
52394,41.9,42.5,5.2,155122.63,10.87,1,casa,Sudeste,-1.4123,1,1349.13
52606,134.0,133.0,4.1,5634616.43,4.39,1,sobrado,Sudeste,0.8855,3,1179.24
50990,99.4,101.6,19.8,314027.65,2.68,0,sobrado,Sul,-0.6044,0,145.76
53629,115.0,117.7,14.9,226464.32,2.97,0,sobrado,Sul,0.1691,1,296.81
52219,74.2,76.2,,212449.17,0.46,0,kitnet,Sudeste,-0.0958,3,667.22
51504,159.6,162.4,1.5,580469.22,5.91,0,casa,Sudeste,0.1135,2,236.77
54840,144.0,146.3,2.4,399360.39,2.13,1,apartamento,Nordeste,1.1211,2,406.09
55084,272.0,270.6,8.6,1017550.54,3.22,0,casa,Nordeste,2.7615,2,313.3
54160,51.4,50.7,13.5,183257.76,1.94,0,casa,Sudeste,0.5136,3,259.9
53760,39.0,39.0,31.9,125834.35,3.81,0,casa,Sudeste,-0.6889,0,1025.74
54747,164.4,165.2,23.8,649668.52,4.44,1,casa,Centro-Oeste,0.7843,2,1436.05
55364,95.7,93.1,,225209.57,4.16,0,apartamento,Centro-Oeste,1.6513,2,891.7
50249,52.8,51.9,5.9,159932.96,4.35,0,kitnet,Sudeste,0.1253,1,212.74
52519,118.2,118.1,17.7,417056.2,1.45,2,casa,Sudeste,0.9411,2,2341.74
53069,141.4,145.3,9.1,573656.8,0.58,0,casa,Sudeste,-0.9715,0,380.04
50305,30.0,29.9,8.1,139040.7,3.85,1,casa,Sudeste,-1.5119,0,1503.12
50273,63.0,62.3,20.3,189556.09,9.49,0,apartamento,Sudeste,0.6891,2,630.25
54752,40.5,39.8,1.6,151315.74,4.74,1,casa,Nordeste,-1.2246,2,1109.15
54539,49.3,48.5,51.1,202746.32,2.61,0,casa,Nordeste,1.0841,2,1024.74
54285,70.9,69.3,18.0,227450.12,4.38,0,apartamento,Sudeste,-0.7341,1,75.87
54848,133.6,136.3,6.4,494591.78,,0,kitnet,Nordeste,0.5567,1,110.75
55320,116.7,119.1,34.3,409578.02,12.16,0,apartamento,Sul,-0.5998,2,366.57
51473,39.6,39.1,1.9,153955.04,7.98,1,casa,Sudeste,-1.6158,1,487.54
52358,154.5,153.9,35.9,587355.16,2.89,0,apartamento,Sudeste,-0.1272,2,828.65
51704,44.0,44.2,4.1,143911.43,4.62,0,kitnet,Centro-Oeste,0.8105,1,158.87
50109,71.7,69.7,,192161.08,8.56,0,casa,Sul,-1.0527,2,232.78
52899,147.3,151.7,,494278.82,2.44,0,apartamento,Nordeste,-0.0218,0,515.65
51445,81.1,79.7,60.2,319839.58,0.2,0,casa,Centro-Oeste,-2.1061,1,2047.67
52263,43.7,42.7,7.6,166519.18,3.33,1,apartamento,Sudeste,1.3308,0,504.05
51621,74.7,73.2,16.0,251461.42,2.84,0,kitnet,Sudeste,-0.7045,1,377.9
50092,157.4,153.9,25.6,652260.93,0.69,0,kitnet,Centro-Oeste,0.2899,3,360.69
50166,66.5,65.1,9.9,212270.94,1.27,0,apartamento,Sul,1.2582,2,80.83
54530,92.0,94.6,16.0,361502.32,6.28,0,casa,Nordeste,-0.2681,0,217.26
53681,129.5,132.5,0.1,580940.49,5.45,0,casa,Sudeste,-0.45,1,48.7
53318,99.2,99.2,6.1,414988.66,1.53,0,casa,Centro-Oeste,-0.7483,0,138.12
51566,202.0,201.8,2.7,687684.89,9.65,1,apartamento,Sul,0.7694,0,1127.98
50234,81.9,82.2,6.0,188865.49,8.79,1,casa,Centro-Oeste,2.0825,2,338.77
52318,50.2,49.2,6.4,173406.18,10.16,2,sobrado,Centro-Oeste,-0.8774,3,1691.09
54398,169.7,173.3,9.5,551766.52,7.49,0,apartamento,Sudeste,0.7591,1,360.12
54111,134.8,135.4,10.1,494247.04,9.68,1,kitnet,Norte,-0.3245,0,522.47
52884,204.7,204.3,42.1,796228.83,4.42,0,kitnet,Centro-Oeste,-2.5017,0,450.1
50897,56.3,55.2,8.7,224598.61,0.96,1,apartamento,Norte,0.691,1,2140.97
55257,134.9,132.7,2.5,490714.02,2.78,0,casa,Norte,-0.6872,1,36.14
50961,134.0,130.9,32.4,610399.71,5.75,0,sobrado,Sudeste,0.7483,1,163.22
50466,193.6,193.8,20.4,701361.46,7.42,0,casa,Sul,0.8524,1,289.44
54165,52.4,51.5,4.2,150060.81,0.96,0,casa,Centro-Oeste,0.015,1,164.79
51269,90.8,92.8,6.9,323245.28,3.25,0,casa,Sudeste,-0.474,3,84.83
55969,284.1,288.9,,877394.26,4.39,1,casa,Nordeste,0.3981,1,1393.0
55981,117.3,115.3,6.9,568245.06,10.24,0,sobrado,Sudeste,-0.1147,3,153.06
53651,92.7,95.1,3.9,219567.41,0.87,0,apartamento,Sudeste,0.1957,1,377.36
51120,81.9,84.1,10.4,301378.5,5.44,0,apartamento,Sul,0.4636,2,39.84
54302,122.4,121.7,81.3,443347.46,0.49,0,casa,Centro-Oeste,-1.3509,2,1044.17
55062,71.0,70.1,1.3,266072.96,9.03,1,casa,Norte,0.1571,2,1540.0
52498,149.9,146.8,11.1,686355.97,1.62,0,casa,Sudeste,2.016,1,219.96
55047,86.7,86.1,7.7,251449.12,0.75,0,sobrado,Sul,-1.3132,2,113.82
52367,174.7,169.7,10.7,632982.13,3.41,0,casa,Sudeste,-0.0474,3,458.24
55868,92.9,92.6,10.4,377938.78,2.14,0,kitnet,Sul,-0.6361,3,154.82
55036,61.0,61.2,,309412.2,2.79,0,casa,Nordeste,0.4879,1,126.87
50338,128.5,130.6,39.4,635992.56,17.54,0,casa,Centro-Oeste,-0.3766,2,282.55
54874,164.8,167.4,6.0,752328.57,15.71,0,sobrado,Sudeste,-1.5392,2,186.01
55671,95.8,97.3,3.8,430593.87,10.1,0,apartamento,Nordeste,0.697,3,35.95
53696,134.0,135.3,7.2,298222.71,3.23,0,casa,Sudeste,-1.3744,1,322.73
53833,257.3,251.8,,987659.29,6.53,0,casa,Sudeste,1.7471,3,77.49
50389,162.1,158.0,48.9,397030.44,5.88,0,casa,Sul,-0.2673,1,993.72
52891,87.5,89.4,4.0,338655.01,2.83,0,apartamento,Sudeste,-0.2026,0,133.68
55944,140.7,139.1,14.9,668265.06,4.34,0,casa,Sul,0.5607,3,278.12
50436,203.2,198.8,4.6,639136.78,11.75,1,apartamento,Norte,1.0147,2,561.07
50005,145.2,147.8,21.1,514964.37,16.25,0,casa,Norte,-0.281,0,113.78
54292,147.7,151.1,5.0,594786.29,1.23,0,casa,Norte,0.8335,3,139.44
52160,99.4,96.7,18.9,505029.38,4.36,0,casa,Nordeste,-1.4998,0,215.22
53812,94.2,94.1,6.9,354152.28,0.85,0,kitnet,Nordeste,-1.3128,2,280.46
55338,122.4,124.0,32.6,541358.76,15.02,0,casa,Sudeste,-0.3654,0,754.15
50583,77.7,76.7,0.9,382148.08,6.58,0,casa,Centro-Oeste,-0.9753,3,52.92
52955,316.0,306.7,10.0,1083658.82,,0,casa,Sudeste,-1.0798,1,274.93
54837,80.3,80.4,3.4,263326.88,1.05,0,apartamento,Sudeste,-1.548,0,137.58
51283,103.2,103.2,2.0,388825.02,14.99,1,casa,Norte,-0.5282,0,2015.19
53373,114.7,117.8,15.0,5079280.63,3.17,1,kitnet,Sul,0.2285,2,3644.22
52491,168.5,173.4,1.7,725656.16,11.53,0,casa,Sudeste,-1.2285,1,38.06
53452,88.1,86.5,0.0,427669.37,3.36,1,apartamento,Centro-Oeste,0.4099,3,1142.07
54442,193.0,188.6,50.3,839704.12,1.1,0,casa,Nordeste,0.7985,1,536.27
55129,139.2,138.1,6.3,607004.8,6.15,0,casa,Nordeste,-0.2217,0,253.7
50643,90.0,89.9,16.6,337569.68,1.28,0,apartamento,Norte,0.2032,0,577.0
50570,155.3,154.7,61.9,889608.16,1.54,0,sobrado,Norte,0.0776,2,798.65
55064,114.1,116.1,33.1,544654.12,2.96,0,casa,Sudeste,1.7489,0,613.52
51070,200.9,199.1,16.7,849265.02,3.31,0,sobrado,Sul,-0.3606,1,221.3
54500,109.3,108.6,11.6,442974.04,26.74,0,casa,Sudeste,-0.2098,2,216.49
54942,30.0,29.6,15.1,79141.23,2.99,1,sobrado,Nordeste,-0.0087,3,1528.55
53508,105.8,104.6,0.2,368044.59,15.0,1,casa,Sul,-0.9584,3,531.09
50003,119.9,122.0,0.1,385144.47,1.29,1,casa,Nordeste,-0.1698,0,2292.18
52771,259.9,257.2,41.4,1138468.49,26.98,0,apartamento,Norte,-0.5782,3,593.17
50989,154.0,156.3,21.8,509102.1,2.13,0,casa,Norte,0.3135,2,471.69
50306,148.5,152.8,11.7,674892.36,2.34,0,apartamento,Centro-Oeste,-0.8767,2,121.22
50010,60.7,61.5,1.9,195099.53,2.8,0,casa,Sudeste,0.7515,0,47.41
52062,68.0,69.4,1.6,330544.67,8.51,0,casa,Sul,-0.0403,0,149.64
55443,98.6,99.7,8.2,329317.36,2.85,0,casa,Sudeste,0.0478,0,254.51
53855,96.1,98.6,,376839.83,,2,cobertura_duplex,Nordeste,1.0332,3,2918.05
53744,95.7,93.6,8.2,406060.85,4.39,1,apartamento,Sul,-0.2822,1,2303.37
52052,64.0,63.0,3.9,204008.18,1.89,1,apartamento,Nordeste,-0.0671,0,987.28
50682,99.3,97.7,40.1,458824.0,1.78,1,casa,Sudeste,-0.0598,2,1299.49
52577,66.1,67.1,9.4,247771.89,7.89,0,sobrado,Nordeste,0.2116,0,223.53
52866,52.1,52.5,5.9,236157.35,3.4,1,apartamento,Centro-Oeste,1.3122,0,922.85
52817,52.7,53.3,7.8,204784.22,9.09,0,apartamento,Nordeste,1.0894,3,122.5
51088,79.1,80.3,7.8,297923.0,18.13,0,apartamento,Sudeste,-0.7448,0,172.96
54800,172.5,172.1,2.0,814267.55,5.38,0,casa,Sudeste,-0.9728,1,127.57
50332,128.9,130.6,10.3,490492.03,4.99,0,casa,Sudeste,-0.8697,1,410.88
53943,139.1,142.8,4.1,527544.47,2.17,0,casa,Nordeste,0.8018,2,184.08
54947,151.4,155.8,15.8,485614.02,0.52,0,sobrado,Centro-Oeste,1.1385,3,570.77
55628,30.0,30.1,17.1,97177.35,0.2,0,apartamento,Sudeste,2.5861,0,234.59
50473,115.0,115.4,11.2,428528.85,5.24,0,casa,Sudeste,0.3499,3,171.38
51894,101.2,103.3,8.9,373750.11,0.66,2,apartamento,Sudeste,0.1371,2,11896.29
55691,68.1,69.3,50.7,303923.46,3.75,1,kitnet,Nordeste,-0.8313,1,1866.49
54344,96.8,96.8,46.3,365158.85,0.3,1,casa,Sudeste,0.5845,3,1477.06
54002,208.3,203.0,28.7,738029.27,0.48,0,casa,Nordeste,1.0444,0,858.82
54659,354.4,351.0,16.0,1191704.06,8.38,0,casa,Nordeste,-1.7944,3,385.54
53739,87.0,89.1,90.0,279004.06,2.15,0,casa,Sul,0.0194,0,871.39
52287,116.1,113.4,45.7,408333.23,0.7,0,casa,Sudeste,-0.6443,2,1689.35
54589,136.7,132.9,7.6,632954.63,19.25,0,casa,Sul,0.0024,3,91.04
53066,41.1,41.0,1.1,137905.04,0.4,0,kitnet,Norte,0.4181,0,109.76
55823,115.6,116.0,23.3,471525.78,0.56,0,sobrado,Sul,-0.6783,2,506.19
55801,60.4,62.1,4.5,260828.77,1.73,2,apartamento,Sul,-1.0234,2,3889.06
52473,109.5,107.6,4.2,550231.5,7.23,2,apartamento,Nordeste,0.1597,0,4077.98
54561,201.7,205.9,38.8,779891.41,2.78,0,kitnet,Sudeste,1.62,3,1129.01
51993,56.3,54.7,17.1,288160.89,8.25,0,casa,Sudeste,0.7761,3,390.31
52034,174.7,169.9,13.0,733251.11,,0,apartamento,Centro-Oeste,-0.7063,2,194.18
50290,61.0,61.5,28.4,212951.02,3.02,0,casa,Sul,0.4198,1,421.07
52777,47.6,47.2,44.6,167583.96,9.38,0,casa,Sudeste,-1.3462,1,708.92
53374,174.2,174.3,16.6,829430.46,1.36,1,casa,Sudeste,0.448,0,1531.45
55677,59.2,60.9,15.1,281052.83,1.86,1,apartamento,Sudeste,1.1885,1,2015.05
51060,132.9,134.9,1.3,613768.41,4.0,0,sobrado,Nordeste,-1.894,1,44.13
55323,109.4,108.1,5.1,411183.25,21.03,0,apartamento,Centro-Oeste,2.0995,1,70.64
52882,251.6,258.5,5.1,1178491.17,2.94,1,apartamento,Nordeste,-0.1084,2,1206.66
54287,45.9,47.1,9.9,181943.9,2.12,0,apartamento,Sul,-0.9572,1,222.54
52076,117.1,114.9,3.0,484719.29,15.96,0,apartamento,Sudeste,1.2784,3,97.8
50749,161.6,159.4,63.5,715018.82,5.68,0,apartamento,Sudeste,0.654,2,772.62
55925,41.6,41.5,21.1,139653.88,11.66,1,apartamento,Sul,1.0461,1,920.69
52557,199.8,203.6,8.6,834368.3,5.51,0,sobrado,Sul,-0.3732,1,328.79
52114,35.0,34.7,16.6,98709.05,18.58,0,casa,Sudeste,0.1354,2,235.6
55166,103.3,105.0,0.7,440521.44,2.67,1,casa,Centro-Oeste,0.2136,3,978.25
51794,179.8,181.0,4.5,807304.36,1.31,0,apartamento,Norte,-0.4998,1,156.15
50219,71.5,70.4,11.2,128447.75,0.28,0,apartamento,Sudeste,-0.8895,3,240.21
51242,174.7,169.6,51.8,5196119.0,4.0,0,casa,Nordeste,-0.2333,2,657.82
51836,102.1,104.8,9.4,325063.26,4.34,0,sobrado,Sudeste,0.1537,0,515.83
55494,51.1,50.2,23.4,123880.78,1.73,1,apartamento,Sul,-1.5401,3,1740.14
50835,73.3,73.6,2.3,264180.21,0.2,0,apartamento,Sul,-0.7717,3,220.39
53100,58.7,59.4,9.5,175170.64,7.72,0,sobrado,Nordeste,0.9731,0,71.94
52861,69.5,70.7,26.3,299279.63,1.95,0,apartamento,Sudeste,-1.8554,0,1025.23
54347,254.2,256.4,,858335.63,15.19,0,sobrado,Nordeste,-0.8851,1,395.7
51129,68.6,67.8,12.0,165477.21,8.12,0,casa,Nordeste,1.3728,2,451.14
50596,129.4,131.7,11.6,431512.95,4.5,1,casa,Sul,-0.9154,3,2122.23
50758,84.1,82.3,1.9,302515.59,3.08,0,apartamento,Centro-Oeste,0.6219,2,63.66
51930,70.1,68.7,23.7,296863.87,1.93,0,casa,Sul,-1.0156,2,268.5
50654,114.9,117.5,28.1,420088.89,5.27,1,casa,Sul,1.0441,3,784.94
52063,159.1,158.0,22.4,708630.38,8.52,0,casa,Norte,-1.7817,0,777.05
50743,132.6,135.2,16.1,643823.61,2.26,0,apartamento,Centro-Oeste,-0.036,2,395.6
53394,273.0,269.2,4.7,547249.56,5.13,0,apartamento,Sudeste,0.931,1,223.24
52865,155.7,159.1,22.8,593063.89,8.17,0,apartamento,Sudeste,1.0242,2,425.99
50879,55.6,56.6,8.7,216709.91,2.32,1,apartamento,Nordeste,-1.1409,1,1274.98
53957,93.2,92.9,11.9,296740.0,16.54,0,sobrado,Centro-Oeste,-0.5075,2,244.3
54058,75.9,74.4,4.0,300352.89,1.45,0,casa,Sudeste,0.0633,1,143.19
53924,296.0,291.6,32.7,972345.05,2.76,0,apartamento,Sudeste,0.2263,2,295.68
52436,104.2,105.9,4.1,446259.82,2.08,0,apartamento,Sul,-0.2557,3,350.25
54073,124.2,121.3,25.2,402078.76,10.53,0,apartamento,Centro-Oeste,-1.7179,0,574.51
53141,83.9,85.3,1.4,341600.83,0.3,0,casa,Sul,0.3616,3,231.1
54106,87.6,86.1,6.4,295396.13,12.03,0,apartamento,Nordeste,-1.6399,3,230.73
53535,146.2,144.6,31.9,447373.01,2.13,0,kitnet,Centro-Oeste,-1.313,3,708.42
51877,161.3,159.7,41.9,478098.86,0.96,0,apartamento,Sul,0.8934,3,1444.81
51503,86.8,86.8,1.5,338459.73,4.44,0,casa,Norte,-0.4479,3,90.21
54724,84.5,83.5,46.9,416750.02,3.19,1,apartamento,Sul,-1.1365,3,1442.9
50782,74.2,75.3,23.5,287057.22,0.71,2,apartamento,Sudeste,1.5921,0,1741.19
51174,140.1,140.2,11.2,576956.91,0.67,0,apartamento,Sudeste,0.4647,0,798.27
53908,121.8,123.5,21.3,451100.76,1.37,0,sobrado,Centro-Oeste,-1.121,2,275.38
52736,56.8,58.1,2.9,203638.83,8.11,1,apartamento,Sul,1.6191,1,1686.75
52365,36.6,37.6,14.5,126098.2,0.24,1,apartamento,Sudeste,0.2977,1,1253.38
52024,108.6,105.8,10.4,462045.65,0.95,0,casa,Sudeste,0.2406,3,147.21
52439,153.8,155.6,11.9,360026.06,1.04,0,casa,Sul,-0.6657,0,533.16
53081,91.7,90.1,11.1,366862.65,0.2,1,apartamento,Sudeste,0.754,0,2117.39
53431,133.4,130.3,2.3,285768.58,3.23,0,kitnet,Sudeste,-2.3104,2,64.19
51018,57.7,56.9,0.3,114319.63,7.38,1,casa,Centro-Oeste,0.1137,2,907.41
51436,157.5,158.8,19.1,508497.43,10.46,0,apartamento,Nordeste,0.3894,2,228.2
50177,114.5,115.9,30.4,414351.79,13.32,1,apartamento,Sul,-0.3496,3,1507.69
50050,284.7,282.9,12.3,1285537.35,6.9,0,sobrado,Sul,1.9309,1,275.42
50958,142.7,141.2,1.6,548526.66,4.09,1,casa,Sudeste,1.7437,0,549.07
52112,126.1,129.1,3.3,434403.73,4.15,0,apartamento,Sudeste,-1.6094,1,160.59
54284,147.2,147.9,21.5,555074.98,6.95,0,apartamento,Sudeste,1.2754,1,508.67
53534,59.1,58.9,28.6,171060.32,6.01,0,apartamento,Sul,-0.4978,2,731.91
54501,126.2,124.8,12.2,423596.68,8.57,1,apartamento,Sudeste,0.9434,3,1106.16
54982,104.5,107.6,8.5,299923.59,1.37,0,casa,Sudeste,-0.6312,2,233.62
55458,125.7,124.9,8.1,403241.91,3.8,0,apartamento,Nordeste,1.0873,0,268.66
53597,57.6,56.2,2.7,247743.83,4.98,1,apartamento,Sul,-0.8913,3,781.01
51980,137.9,140.0,22.9,634514.01,4.36,1,apartamento,Sudeste,0.0554,0,1315.39
50399,113.9,113.0,12.6,410459.65,1.68,1,casa,Centro-Oeste,2.6557,0,389.07
52692,117.2,115.4,14.8,535846.58,1.43,0,apartamento,Sul,-0.1136,1,531.24
50554,105.6,105.7,6.4,405873.64,11.59,1,sobrado,Sudeste,0.2169,2,729.87
53295,57.1,58.4,0.7,198324.15,5.69,1,apartamento,Sudeste,-0.455,1,828.13
53343,111.1,110.0,13.9,424852.67,,0,casa,Norte,-0.0421,1,208.8
53722,216.6,212.7,8.8,704407.07,1.66,0,casa,Nordeste,1.0095,1,266.8
54972,142.4,139.1,4.3,446033.31,0.27,0,casa,Sudeste,0.6812,1,543.93
52509,141.4,141.0,7.7,462102.92,3.08,1,casa,Sul,0.1791,0,1379.57
55019,197.5,198.2,31.1,661250.89,4.53,0,apartamento,Sul,-1.0391,0,465.45
52693,162.3,166.3,1.0,677998.08,5.39,0,kitnet,Nordeste,0.3444,0,62.22
53233,64.7,63.3,13.5,228264.01,1.08,0,apartamento,Sudeste,0.084,1,165.46
51812,99.1,98.4,15.0,264759.98,20.01,1,kitnet,Sudeste,0.8404,2,611.0
54705,83.7,81.7,8.7,378904.04,5.04,0,sobrado,Sudeste,1.2437,0,284.92
54172,110.7,112.1,67.6,377707.23,0.2,0,apartamento,Sul,-0.331,1,1463.34
50386,84.1,82.2,3.0,426724.68,8.28,0,kitnet,Centro-Oeste,-1.5983,3,48.74
54759,134.5,137.5,7.6,571663.08,6.54,1,sobrado,Nordeste,-0.6149,1,1131.28
53082,244.8,251.2,8.2,1160193.55,10.05,0,casa,Sudeste,0.352,0,103.64
52171,117.3,114.4,2.6,361949.18,5.41,0,apartamento,Sudeste,0.6179,1,121.91
54252,97.7,95.7,7.5,388962.8,8.02,0,sobrado,Sul,-0.0963,3,150.53
50409,46.6,46.5,9.0,216567.05,11.87,0,apartamento,Sul,-0.0817,0,211.12
51451,74.6,76.4,8.0,219166.32,0.53,0,casa,Sudeste,0.6247,2,364.38
55875,157.4,157.5,14.2,523071.47,16.48,0,apartamento,Centro-Oeste,-2.2206,0,174.84
50191,184.0,180.9,58.4,680554.83,0.4,0,apartamento,Sudeste,1.4117,1,1314.51
54414,117.1,114.7,,438222.5,7.42,1,casa,Norte,-0.1359,0,566.04
53358,229.7,230.7,26.6,6286878.74,10.54,0,casa,Nordeste,1.607,1,195.47
50361,130.9,129.2,8.0,390375.52,3.58,0,apartamento,Sudeste,0.7619,2,43.4
50200,181.5,181.4,32.8,605663.12,10.5,0,casa,Sul,1.4402,1,1231.47
50336,55.0,54.3,47.0,201818.62,9.05,0,apartamento,Sudeste,-0.0638,2,375.21
55918,78.4,76.9,6.6,338265.12,3.86,0,apartamento,Sudeste,1.801,2,181.41
55238,191.0,188.2,25.4,705191.14,7.95,0,apartamento,Sudeste,0.4625,1,538.98
54638,83.8,83.6,1.1,359101.83,4.25,0,apartamento,Sudeste,-0.8909,3,49.49
54649,147.6,149.6,,526887.47,5.28,1,apartamento,Sul,-0.7527,1,756.69
53474,146.7,148.7,19.2,567411.56,6.06,0,apartamento,Nordeste,0.5887,0,519.91
52613,208.9,208.8,0.3,750622.07,1.66,0,apartamento,Sul,0.9693,3,51.71
54578,176.6,176.7,21.4,701179.27,0.71,0,casa,Sudeste,-0.5622,3,377.16
53048,102.1,101.5,19.2,472821.73,22.72,0,apartamento,Norte,-0.3763,1,161.36
50426,64.2,62.6,12.6,190186.7,17.08,0,casa,Sul,0.2064,2,134.34
53235,47.2,47.0,8.3,226951.31,3.14,0,apartamento,Sul,-0.3168,0,255.02
55753,103.4,104.5,22.6,478071.88,8.25,0,apartamento,Sudeste,0.9746,2,610.6
53453,97.0,96.8,7.4,330780.23,7.34,0,casa,Sudeste,-0.1558,1,151.23
53572,171.9,170.0,16.8,585868.74,0.47,0,apartamento,Sul,0.2509,3,1275.56
55820,147.4,150.0,33.7,679267.29,6.68,0,casa,Sudeste,0.0571,0,434.52
55698,143.7,142.7,1.8,501104.08,2.17,0,casa,Sul,0.2623,2,80.9
53935,208.3,213.3,10.5,725696.39,0.2,0,casa,Sul,-0.2181,1,165.9
53789,166.5,168.2,,745514.5,3.54,1,casa,Sudeste,-0.4803,1,1115.85
53442,185.3,189.2,3.0,525361.25,2.94,0,kitnet,Nordeste,0.1082,0,95.2
51287,133.2,136.8,,415528.09,2.38,1,kitnet,Nordeste,-0.9103,0,930.71
54004,148.5,150.9,15.8,653587.33,2.57,0,casa,Nordeste,-2.1349,2,417.04
51574,95.5,96.0,1.7,393851.84,1.09,0,kitnet,Sudeste,0.7532,3,80.21
53823,147.3,147.7,12.1,401161.94,4.7,0,cobertura_duplex,Sul,-1.0984,3,344.02
51373,205.9,206.7,29.2,825236.34,3.84,0,casa,Norte,-1.1636,2,822.72
50959,279.5,280.1,0.9,1107546.05,2.8,0,sobrado,Sudeste,-0.374,3,110.35
50071,60.4,58.9,16.5,294624.77,7.17,0,apartamento,Sudeste,-1.0224,2,248.79
53951,195.4,195.3,34.8,897929.01,0.79,0,casa,Sudeste,-0.2972,0,329.14
53849,75.8,76.9,12.4,315039.56,7.03,0,apartamento,Nordeste,-1.2126,0,199.38
51334,109.8,110.3,21.0,404141.24,0.61,1,kitnet,Sul,-0.3181,3,881.54
50169,149.2,146.2,3.2,563591.71,1.06,0,apartamento,Norte,-0.9989,0,206.23
53660,98.8,101.4,7.8,434965.17,8.29,0,casa,Nordeste,-0.2948,1,178.26
54034,157.6,156.9,1.0,484257.19,7.03,0,casa,Nordeste,-0.8117,1,88.93
53475,81.5,81.6,2.9,316932.83,5.35,0,apartamento,Sul,-1.1738,1,115.74
50951,116.6,113.4,,393295.67,3.73,0,apartamento,Sul,-0.2567,1,277.92
53871,94.2,94.7,5.2,266125.46,5.15,0,kitnet,Sul,1.3907,0,66.79
51342,85.3,86.9,,360373.82,7.25,1,apartamento,Sul,-0.884,0,1073.82
51895,84.4,82.7,11.9,216102.4,1.14,0,casa,Centro-Oeste,-0.5343,1,360.07
50097,173.8,178.5,3.7,835488.41,5.64,0,casa,Sudeste,-0.9253,0,185.29
52047,55.9,55.1,30.1,185110.12,,0,apartamento,Norte,0.3377,1,475.78
53562,157.5,159.8,10.7,574196.08,0.56,0,casa,Nordeste,0.0358,3,386.42
51183,152.9,156.4,35.8,781921.79,5.43,1,casa,Centro-Oeste,0.0916,3,1716.98
54458,140.4,144.0,8.0,577873.53,38.4,0,apartamento,Nordeste,1.1705,2,94.54
54205,87.7,88.8,33.6,314105.04,5.13,0,apartamento,Nordeste,-0.3163,0,340.67
54233,270.3,265.1,7.4,1276868.72,4.56,1,casa,Centro-Oeste,0.1252,2,905.84
55307,108.4,109.2,8.2,317771.96,0.31,0,casa,Sudeste,0.4489,0,296.45
51577,100.0,98.8,56.9,377744.76,2.6,0,casa,Sudeste,-0.2436,2,532.65
53260,130.0,126.4,17.6,544685.03,,0,apartamento,Sudeste,1.0375,2,441.17
54193,124.5,127.6,43.3,324214.05,16.89,1,casa,Centro-Oeste,1.0669,3,2090.21
55057,130.2,132.0,4.8,422299.95,1.19,1,apartamento,Sudeste,-0.3771,2,628.25
55085,40.3,39.3,18.0,156722.44,2.35,0,kitnet,Sudeste,-0.7669,0,491.55
55504,207.8,209.4,11.5,983175.2,5.02,0,kitnet,Sudeste,1.7005,2,440.44
51093,153.8,152.9,15.7,545153.57,0.86,0,casa,Sul,0.0458,3,326.48
53152,92.0,92.4,37.7,335049.35,6.2,0,apartamento,Sul,0.6113,3,888.25
53989,132.5,133.0,,548903.69,4.51,1,sobrado,Sudeste,2.0363,1,2051.91
50316,164.5,167.9,9.6,600903.75,6.92,0,casa,Sul,0.9172,2,614.32
53433,76.7,77.4,9.2,266516.16,5.32,0,casa,Centro-Oeste,0.6441,0,202.93
50132,83.5,83.5,45.2,248229.45,11.93,0,casa,Sudeste,-0.6898,0,523.16
51770,184.6,181.6,31.3,563718.84,11.91,2,casa,Sudeste,-0.224,3,1632.88
52666,48.3,47.8,45.1,88105.92,0.56,0,casa,Sul,-0.8943,3,380.41
51494,101.1,102.3,3.5,409035.78,0.2,1,casa,Centro-Oeste,0.0584,0,522.93
53840,161.1,163.7,19.4,523275.15,,0,apartamento,Sudeste,-0.2902,2,559.36
51667,68.2,66.3,14.5,224103.88,19.19,0,apartamento,Sudeste,0.1249,1,167.28
50299,134.1,133.4,11.1,500045.1,3.28,0,apartamento,Sudeste,-1.748,0,203.83
54711,41.4,42.3,12.7,189914.58,2.79,0,casa,Sudeste,-0.8859,1,216.03
50616,83.8,84.0,16.6,285486.88,0.22,1,casa,Sul,1.1455,2,671.65
55487,134.0,132.2,9.0,598971.43,5.48,0,apartamento,Sudeste,1.296,2,133.54
55255,88.6,89.2,7.4,255239.07,4.86,0,casa,Sul,-0.3991,3,138.48
51059,144.1,145.0,8.4,5905842.57,0.59,0,casa,Sudeste,0.5864,2,184.15
52053,138.7,140.6,21.3,546909.77,2.16,0,sobrado,Nordeste,-1.1543,1,233.93
53584,88.1,86.5,5.8,303562.82,3.09,0,casa,Sul,1.1864,0,86.54
55473,223.0,225.7,1.3,773029.4,15.54,0,casa,Sul,0.3869,0,48.66
53210,141.5,143.5,21.3,590543.44,21.24,0,kitnet,Sudeste,-1.1668,1,185.13
52231,131.4,133.4,7.0,333454.19,10.16,1,casa,Sul,-1.0472,3,1974.84
51143,84.2,81.9,26.2,255016.44,6.13,0,apartamento,Centro-Oeste,0.0984,1,302.91
50703,46.8,46.4,8.2,186896.82,18.72,0,apartamento,Centro-Oeste,-0.8082,2,106.67
52417,215.3,220.6,8.5,919657.83,0.56,0,apartamento,Sudeste,0.2012,3,246.38
51128,162.0,158.0,7.3,633119.17,1.88,0,sobrado,Sul,1.1469,0,634.26
55515,191.3,187.1,0.7,907138.35,5.87,0,kitnet,Nordeste,0.0991,2,51.62
54895,192.0,188.7,14.5,814778.96,1.38,1,apartamento,Sudeste,-0.0717,3,941.86
55432,94.7,95.7,57.2,344092.84,8.97,0,apartamento,Sudeste,0.3689,1,561.01
50414,318.0,308.4,13.2,1601881.21,4.03,0,apartamento,Sudeste,-0.7841,0,258.08
54541,161.4,161.3,2.0,537323.75,0.44,0,casa,Sudeste,0.8723,3,203.39
50211,184.7,185.5,34.4,786919.26,4.06,0,apartamento,Sudeste,-0.0102,1,506.6
53113,125.9,126.9,1.7,477514.78,10.57,0,apartamento,Sudeste,0.3249,0,32.14
53213,142.8,138.6,32.6,519692.98,21.52,0,casa,Sudeste,-1.3276,2,394.51
55039,302.7,302.3,7.5,1021554.02,9.65,0,kitnet,Sudeste,1.1146,3,150.43
53491,108.3,107.4,4.5,347668.73,1.03,0,apartamento,Sudeste,1.8354,3,136.52
55495,144.5,142.5,,444974.68,4.39,1,casa,Norte,0.0706,3,1077.28
52122,92.4,90.5,31.3,290347.53,0.2,0,casa,Sudeste,-0.4153,1,776.12
55379,131.8,132.9,6.0,384834.52,4.76,0,casa,Sul,1.6286,2,165.22
52722,32.5,32.2,5.2,169468.02,23.47,0,apartamento,Sudeste,-0.9905,3,118.65
51646,132.0,131.3,19.1,776070.27,3.88,1,apartamento,Sudeste,-0.1904,3,2149.71
50940,156.8,159.2,12.3,599459.39,4.18,0,casa,Sudeste,0.5421,2,208.97
55976,60.4,58.9,1.4,143397.27,6.48,0,apartamento,Sudeste,-0.5382,1,79.84
55768,140.0,136.8,2.6,625981.87,14.94,1,apartamento,Sudeste,-0.913,1,824.89
52451,87.8,85.3,3.6,378818.94,2.68,0,casa,Sul,-1.5482,1,105.97
50713,64.9,66.5,1.1,195000.19,0.2,1,apartamento,Sudeste,-1.5168,1,819.22
54731,232.9,230.1,1.4,706510.1,3.43,0,casa,Norte,-2.0113,2,260.16
51078,143.7,146.7,10.5,481006.56,7.29,2,casa,Sul,-0.302,1,3826.01
52203,108.8,108.8,16.9,486219.55,9.12,1,apartamento,Sul,-0.2479,3,3358.7
51135,193.1,195.8,35.5,630130.82,10.84,1,casa,Centro-Oeste,-0.3966,1,1881.68
52409,190.7,187.7,0.0,618980.99,4.4,0,apartamento,Sudeste,-0.4619,3,99.12
50046,151.1,154.5,20.3,503767.94,4.35,0,apartamento,Nordeste,-1.2182,2,538.52
51955,137.3,140.3,16.5,463577.66,1.61,0,casa,Centro-Oeste,-0.8758,1,181.95
55031,149.1,145.1,10.8,580652.82,21.01,0,sobrado,Centro-Oeste,0.4592,1,323.95
53618,81.9,82.3,0.7,283168.88,2.85,0,casa,Sul,0.4509,1,30.0
50779,65.0,64.0,0.6,321703.06,0.64,0,apartamento,Sudeste,-1.0633,3,191.58
52901,291.8,287.0,1.7,1067469.32,1.98,0,casa,Sudeste,-0.0552,3,96.09
52938,102.1,100.5,39.9,426772.45,8.92,0,apartamento,Norte,2.5058,0,850.88
50796,98.1,98.1,0.9,355129.45,7.06,0,casa,Sudeste,-1.1736,1,109.92
53488,99.3,98.1,4.0,418576.3,2.86,1,kitnet,Sul,0.0956,3,938.66
55390,159.5,161.1,6.2,503545.35,0.2,0,kitnet,Nordeste,0.2118,3,210.91
53831,103.6,105.6,16.6,387190.24,1.49,1,apartamento,Sudeste,0.0867,0,1174.44
55314,194.1,197.2,8.3,588380.31,15.92,0,kitnet,Sudeste,-0.576,2,65.63
52567,134.8,137.4,,392520.99,0.36,0,casa,Sudeste,-0.6692,3,351.7
54097,56.5,54.9,47.2,198585.56,2.81,1,casa,Sudeste,-0.3261,1,2573.49
55777,87.8,89.4,69.3,330567.22,3.57,1,sobrado,Sul,-2.187,1,1595.65
50936,60.4,59.3,3.0,219594.1,4.04,0,sobrado,Sul,-1.0367,1,31.61
50351,91.3,89.3,9.3,307577.54,16.75,0,kitnet,Sul,1.733,2,128.04
55889,102.3,103.9,7.2,247192.19,3.99,1,casa,Norte,0.1527,1,643.72
51733,78.6,80.8,,377812.85,10.81,1,apartamento,Sudeste,1.113,2,1392.98
50365,121.0,118.6,4.7,395686.79,5.0,0,sobrado,Sudeste,-1.218,3,508.15
53212,80.1,79.6,3.3,312590.27,1.44,0,apartamento,Sudeste,0.3401,1,106.64
54808,154.0,156.7,21.8,457563.36,4.64,0,apartamento,Centro-Oeste,0.0892,2,834.45
55987,169.7,168.2,12.1,596948.54,9.27,2,casa,Sudeste,-2.1915,3,2981.83
55986,77.0,78.3,4.3,189571.72,5.99,1,casa,Norte,-0.4109,3,868.84
51015,116.7,117.2,10.5,335188.2,4.43,0,casa,Sul,-1.0556,2,245.85
51081,41.2,41.3,30.3,174566.33,14.33,0,casa,Nordeste,-0.2546,3,654.91
53368,84.1,85.2,8.8,296710.34,7.19,1,casa,Sudeste,-0.5457,1,929.0
53551,132.2,131.7,1.1,436193.64,5.69,1,casa,Sudeste,-0.2206,1,474.09
50744,181.5,176.4,16.7,677532.36,1.08,0,kitnet,Norte,-0.6426,2,379.35
50686,150.7,148.9,15.4,432813.53,10.4,1,casa,Norte,-1.9186,1,1130.04
50963,75.2,73.7,9.0,257279.78,2.64,1,casa,Sudeste,-2.6604,1,387.0
50677,48.8,49.5,31.1,194709.17,2.35,0,apartamento,Sudeste,-2.1523,0,214.72
55299,87.4,85.7,15.4,232432.57,0.3,0,casa,Sudeste,-0.4703,1,175.35
52773,83.9,83.4,4.8,400022.65,1.66,1,apartamento,Sul,-1.4714,0,1735.55
54551,357.0,359.0,16.0,1426911.62,0.73,0,apartamento,Sudeste,1.3055,2,397.29
51719,219.8,215.1,60.7,778718.63,,0,apartamento,Nordeste,-0.3013,2,1245.21
54063,176.3,172.5,10.7,597374.24,1.34,0,sobrado,Sudeste,-0.0316,1,195.21
51235,80.5,79.6,25.2,360434.59,4.2,0,casa,Sul,0.7119,2,206.31
51454,98.1,97.2,10.3,511460.89,11.19,1,apartamento,Norte,-0.5378,3,859.31
53367,50.0,51.4,2.6,166795.29,2.49,0,casa,Sudeste,0.8191,3,78.28
53073,120.4,117.0,12.6,383784.55,10.85,1,sobrado,Nordeste,1.5617,1,969.32
55844,170.7,175.1,31.7,886737.88,8.79,0,casa,Norte,-1.2946,0,378.55
54271,126.6,128.4,7.2,490897.3,4.74,0,casa,Sudeste,0.2171,3,68.3
55793,339.7,343.2,2.1,1119144.76,7.84,1,apartamento,Norte,0.5982,0,1077.7
51236,54.5,55.3,25.7,202844.28,5.3,1,casa,Centro-Oeste,-0.051,3,1146.47
54608,98.5,96.6,0.7,351852.18,4.02,1,casa,Sudeste,-1.2849,1,701.74
51037,117.8,118.7,28.8,539695.69,10.05,1,kitnet,Centro-Oeste,0.6502,2,1548.57
53473,306.2,308.6,,1179205.67,3.32,0,apartamento,Sudeste,0.8629,0,303.0
54655,89.1,88.8,22.1,335939.37,2.12,0,casa,Nordeste,1.3433,1,676.88
53750,126.6,127.6,7.0,253515.12,1.93,0,casa,Sudeste,-0.4643,3,204.53
50506,141.8,143.5,25.4,603335.47,1.63,0,apartamento,Centro-Oeste,0.3191,1,542.78
54569,106.0,105.9,,392226.48,3.03,0,casa,Sul,1.753,3,122.09
50458,118.6,115.1,10.3,352483.21,2.07,0,casa,Centro-Oeste,-0.8778,2,158.01
51113,288.0,283.9,23.0,539328.86,6.16,1,casa,Norte,-1.3049,3,2007.06
55228,120.2,117.3,49.0,539926.73,1.35,0,casa,Sul,-0.7396,2,883.57
50955,113.9,114.9,25.2,362462.84,0.2,0,apartamento,Sudeste,-0.2686,2,998.17
50924,181.8,184.9,8.7,903271.65,3.78,0,apartamento,Sudeste,-0.7794,3,244.13
50341,69.6,71.6,15.0,187608.49,0.96,0,apartamento,Sudeste,-1.7196,3,45.8
55501,140.8,144.1,1.8,525974.3,11.89,0,casa,Sudeste,-0.8119,3,32.66
53498,75.0,73.3,3.3,354415.06,19.39,0,casa,Norte,0.9295,3,37.74
54989,162.3,162.8,19.3,576533.07,0.2,0,sobrado,Sul,-0.397,3,261.47
50574,305.6,296.7,12.5,1401690.86,1.73,0,casa,Nordeste,-0.2116,1,213.1
50987,62.7,61.9,22.0,307911.24,12.15,0,apartamento,Sul,1.3825,0,287.49
50719,88.1,90.4,28.9,378234.6,0.26,0,kitnet,Sudeste,-0.342,2,601.97
51195,102.6,104.3,6.8,323384.48,1.3,0,apartamento,Sudeste,0.3438,3,558.4
51074,82.7,84.0,3.7,287435.95,2.16,2,apartamento,Sudeste,-1.001,2,2470.23
55611,96.5,95.2,9.4,170209.06,0.96,0,kitnet,Sudeste,1.2811,0,288.04
54612,77.3,76.0,7.5,270292.28,6.4,0,casa,Sudeste,1.1606,1,117.5
55966,69.1,69.3,0.3,357650.56,5.75,0,apartamento,Sudeste,0.2024,0,45.8
53147,124.3,122.7,1.4,376724.52,0.66,0,casa,Norte,0.8316,1,88.64
55172,75.3,76.5,8.2,350190.25,3.93,0,casa,Sul,-0.7612,1,213.6
50047,136.4,134.7,4.5,446816.18,0.31,0,apartamento,Norte,-0.4938,2,182.52
51553,180.1,178.1,35.6,726986.93,3.33,0,apartamento,Sul,-0.9544,1,851.21
54473,69.4,68.5,13.8,263139.99,3.02,0,casa,Norte,1.4895,2,170.42
53598,60.8,60.8,11.6,248516.23,3.58,0,casa,Norte,0.3687,3,113.14
54222,200.2,205.3,2.4,727521.61,2.8,0,casa,Norte,1.0711,2,612.82
53068,169.7,168.4,21.3,526082.73,3.7,0,casa,Sul,-0.0965,2,601.95
55578,42.8,41.9,9.6,138046.7,4.14,0,apartamento,Nordeste,-0.2961,3,86.24
55067,57.7,57.7,5.7,162678.91,1.57,2,casa,Sudeste,-1.4676,2,4943.24
51032,147.0,146.9,9.9,611066.49,1.97,1,casa,Sudeste,-0.5868,0,774.6
51856,130.3,133.9,8.7,551467.86,3.67,2,casa,Sul,-0.0954,1,1548.65
54841,66.6,67.3,,330981.61,17.78,0,sobrado,Sudeste,-0.6019,3,845.81
50547,129.0,125.9,6.3,540597.47,0.2,1,apartamento,Norte,1.4838,1,1259.61
50793,138.7,137.4,14.8,499007.67,4.32,0,casa,Sul,0.2655,0,443.54
51501,66.0,66.8,6.9,324702.73,7.31,1,apartamento,Centro-Oeste,1.9345,2,151.31
51572,179.7,175.2,60.0,615229.22,3.12,0,casa,Sudeste,0.8303,2,323.87
52480,68.8,69.4,0.3,224002.05,5.78,0,sobrado,Sudeste,0.2858,1,30.0
50870,73.5,74.5,,196466.51,0.77,0,apartamento,Sudeste,1.9952,1,287.89
52676,145.4,147.2,12.2,657548.17,3.14,1,sobrado,Sul,-0.7566,3,477.29
52470,118.0,117.3,8.5,562584.41,10.27,1,sobrado,Nordeste,0.1536,2,503.33
50330,195.1,192.1,32.4,636523.9,7.39,0,casa,Norte,-1.344,1,1160.7
52351,204.8,207.0,11.4,730321.34,6.4,1,kitnet,Sudeste,0.1668,1,3554.97
53520,153.5,155.9,13.4,562505.0,1.33,1,casa,Sudeste,0.56,0,1452.62
54107,50.5,49.2,21.9,205012.68,1.78,0,casa,Sudeste,-0.1104,1,1058.78
53687,235.4,229.7,6.7,1063873.66,14.32,0,casa,Sul,0.4722,0,221.26
52445,122.9,120.0,3.4,457568.53,3.03,0,casa,Sul,1.1974,2,88.95
51713,95.1,95.7,86.1,259366.59,4.04,1,apartamento,Nordeste,-0.02,0,2814.51
55316,120.4,117.4,1.5,504861.19,0.2,0,apartamento,Centro-Oeste,1.9673,2,231.09
55350,87.5,86.4,46.9,236047.55,5.05,0,casa,Sul,-0.1578,0,2297.46
55344,112.1,113.3,37.7,3741360.83,2.37,0,sobrado,Sudeste,1.2176,1,806.85
54943,254.3,257.0,3.0,869866.71,3.28,0,apartamento,Sul,1.3088,3,136.97
50710,58.9,57.4,4.5,252549.66,,0,cobertura_duplex,Sudeste,-0.1381,3,189.06
53294,144.3,141.4,,537028.53,4.92,0,casa,Nordeste,0.9013,2,76.04
51101,65.6,67.3,19.4,233530.82,13.99,0,sobrado,Sul,1.2686,3,186.65
55832,46.6,45.9,2.6,154827.9,13.3,0,kitnet,Centro-Oeste,0.2921,2,110.59
54396,80.6,80.0,25.7,334172.07,12.08,0,apartamento,Sul,0.4545,3,356.12
50889,122.7,119.4,7.8,405438.58,18.0,0,apartamento,Nordeste,0.9694,2,87.65
52748,71.7,71.1,12.5,287896.85,4.27,0,sobrado,Norte,-0.0883,3,292.96
50356,157.5,158.7,1.9,394905.73,14.13,0,casa,Centro-Oeste,1.1274,3,118.81
51304,124.4,125.6,1.4,567041.27,1.8,1,kitnet,Sudeste,0.6611,2,848.13
53061,127.5,124.0,16.6,626415.13,15.66,1,apartamento,Sul,-1.1939,0,355.05
50493,108.5,111.5,10.3,449057.6,3.78,0,kitnet,Norte,0.4969,3,170.79
51103,317.7,314.1,13.6,865111.9,1.45,0,casa,Sul,-0.3672,2,142.05
50069,89.7,90.4,5.4,273495.98,12.46,0,sobrado,Sudeste,1.9248,2,178.41
51313,139.4,143.4,12.8,548754.65,0.73,0,casa,Sudeste,0.5612,2,386.35
53640,89.2,89.0,4.5,375344.7,8.62,0,apartamento,Sudeste,-0.0746,2,94.56
55199,58.8,60.5,15.9,212406.9,6.13,0,apartamento,Nordeste,0.829,2,554.66
53587,102.3,101.7,29.1,395123.67,6.0,1,apartamento,Sul,-0.367,1,1043.32
51618,116.0,114.6,12.1,508748.62,0.2,0,casa,Sudeste,1.5731,0,249.76
54257,102.0,102.3,10.6,488817.48,18.38,0,casa,Sudeste,0.7746,2,178.65
51535,126.4,123.6,12.1,490736.88,3.75,0,casa,Sudeste,-0.4478,0,206.52
50175,105.9,107.6,3.9,416698.68,1.62,0,apartamento,Sul,-2.1127,0,106.68
50981,195.6,200.4,10.9,962965.65,39.31,0,kitnet,Nordeste,-1.2007,1,55.48
53214,172.9,174.7,12.1,646799.41,4.28,0,casa,Sudeste,-0.6789,0,387.46
50826,127.2,127.1,12.8,470939.79,8.69,0,kitnet,Norte,0.2475,1,434.13
52452,161.9,158.6,17.9,760794.87,10.63,1,casa,Nordeste,0.4413,1,947.42
55574,38.5,39.1,17.5,171986.09,1.86,0,apartamento,Norte,0.7112,2,345.07
51254,124.9,122.1,49.8,492771.6,7.58,0,apartamento,Nordeste,-0.0936,3,324.47
54200,110.4,113.3,10.1,372961.97,9.3,1,apartamento,Sudeste,0.1912,0,1781.82
52010,54.2,55.1,,252620.0,3.69,0,casa,Nordeste,-0.1778,2,567.19
53150,44.8,45.8,10.8,243327.92,15.65,1,sobrado,Sul,1.1768,3,1626.4
54253,121.6,123.5,22.3,435572.62,3.37,2,sobrado,Sul,-2.2186,2,2598.83
53144,263.2,255.5,13.2,749677.83,18.24,0,sobrado,Sudeste,-1.4202,3,123.3
50764,98.0,98.7,31.5,414676.16,0.2,0,casa,Nordeste,-0.0317,1,400.15
55755,187.3,188.3,4.8,740011.35,18.77,0,sobrado,Sudeste,-0.4963,2,121.86
51600,54.6,55.8,20.0,204480.52,4.56,0,apartamento,Sul,0.4107,1,125.55
50002,93.8,95.7,40.9,333562.54,4.43,0,casa,Nordeste,-1.6013,3,709.61
50800,101.6,98.8,15.1,408265.85,4.21,0,sobrado,Sul,-1.0032,3,320.9
50786,260.1,261.2,10.3,1056024.16,1.11,0,apartamento,Nordeste,0.7669,2,582.01
54359,62.1,63.5,4.9,189494.27,0.73,0,casa,Sudeste,0.2819,3,132.2
55908,185.1,188.0,25.9,764721.04,1.75,0,apartamento,Sudeste,0.2634,1,416.38
53095,145.3,144.6,4.6,521003.49,9.47,0,casa,Sudeste,1.2828,0,77.79
54446,70.8,70.4,11.1,264457.84,0.36,1,casa,Nordeste,-0.5808,2,1686.98
50674,60.0,58.9,15.2,233086.95,2.1,1,casa,Sul,-0.3851,1,2215.01
55114,196.8,193.2,,711927.43,4.85,0,apartamento,Nordeste,-0.4249,3,80.82
53429,57.2,58.0,7.2,248411.31,6.38,0,casa,Sudeste,-0.503,1,257.52
55214,185.3,182.3,4.0,644421.4,3.78,0,apartamento,Sudeste,0.2799,2,194.6
53561,59.2,59.2,0.2,232537.08,7.17,0,apartamento,Centro-Oeste,-0.2287,1,54.47
54696,82.3,83.2,6.1,337070.59,7.21,0,sobrado,Sudeste,0.2626,0,79.45
52803,158.5,158.7,7.0,715519.86,1.96,0,casa,Sudeste,-2.3709,0,31.26
50238,100.2,98.2,1.2,479033.28,10.8,0,casa,Sul,0.3225,2,130.6
50427,213.7,211.7,35.2,852216.79,4.58,1,casa,Sudeste,0.2291,2,974.15
55101,118.7,121.3,20.1,207694.36,2.05,1,casa,Norte,-0.5972,3,2143.33
50204,152.0,154.7,15.3,485583.22,4.13,0,apartamento,Sudeste,0.3633,0,357.27
50923,120.2,118.5,17.0,529098.29,0.35,0,apartamento,Nordeste,-0.3871,1,343.05
50240,119.4,119.1,5.4,442555.5,1.44,2,casa,Sudeste,-0.3222,2,2047.15
53501,115.0,117.7,,414930.1,4.63,0,sobrado,Sul,1.7183,2,1130.71
51927,108.2,106.5,31.9,195603.12,9.36,0,apartamento,Nordeste,-0.283,3,1030.39
54522,140.9,144.3,23.6,420786.36,8.48,1,apartamento,Sudeste,1.7872,3,1326.25
50670,204.8,206.2,1.3,680425.55,13.04,1,apartamento,Sudeste,-1.106,3,543.24
53608,193.3,198.0,14.4,728618.9,0.36,0,apartamento,Sudeste,-1.6424,3,141.52
53120,130.3,131.5,6.7,606785.3,5.25,0,sobrado,Sudeste,-0.3783,0,204.28
55947,119.0,122.1,3.9,510257.66,7.37,0,casa,Nordeste,1.5057,2,83.51
55217,205.0,210.9,3.1,812816.54,5.18,0,sobrado,Sudeste,0.3943,3,57.82
50694,196.8,191.7,16.4,789585.44,4.74,1,casa,Sul,-3.183,0,1112.37
53155,58.1,58.3,13.1,156347.35,11.89,0,casa,Centro-Oeste,-0.5192,3,128.76
51023,122.2,124.1,11.8,339768.51,2.33,0,apartamento,Nordeste,1.9639,1,293.54
52776,135.2,134.2,14.2,436616.15,4.46,1,casa,Sudeste,1.387,2,3186.52
54415,45.4,44.6,6.2,166101.3,21.06,0,sobrado,Centro-Oeste,-0.5054,1,103.38
54258,126.4,125.3,14.6,550106.32,1.56,0,casa,Nordeste,-1.0647,2,251.32
51044,183.2,187.2,14.9,810440.66,2.61,0,casa,Sudeste,0.3389,2,740.17
50366,136.2,139.6,19.6,486683.03,6.42,0,sobrado,Nordeste,0.7867,2,881.46
53894,136.4,138.3,5.7,506540.02,1.73,1,sobrado,Nordeste,0.0177,1,461.08
55702,128.7,132.4,29.1,535314.89,1.14,0,casa,Sudeste,-0.9448,2,402.29
51140,103.0,103.7,5.0,472859.02,6.11,0,casa,Nordeste,-0.422,2,106.65
51378,129.1,131.5,12.6,458775.93,5.03,2,sobrado,Centro-Oeste,2.0309,1,2722.56
50259,81.0,79.8,34.7,269622.88,1.26,0,apartamento,Sul,-1.454,1,1548.01
52307,86.4,86.7,31.9,357494.2,0.74,0,apartamento,Nordeste,-1.8461,2,1885.2
54873,94.8,97.3,4.2,326151.32,4.32,1,apartamento,Centro-Oeste,-0.6807,0,2845.16
53289,91.4,89.1,23.6,287865.99,3.65,0,casa,Sul,-2.1716,2,702.36
55713,209.3,213.8,12.6,963130.86,0.4,0,apartamento,Sudeste,-1.0935,1,216.63
52996,72.8,71.8,4.6,303751.19,0.2,0,apartamento,Sul,0.2758,0,451.5
54810,188.9,186.8,0.7,908339.61,6.84,1,apartamento,Sul,0.1712,3,1664.09
51214,208.6,214.6,8.5,716784.6,13.17,0,casa,Sudeste,-0.0616,1,251.29
53098,129.2,126.0,18.6,480200.43,6.76,1,sobrado,Nordeste,1.3147,1,1525.45
50163,262.9,268.7,1.5,909265.76,0.42,1,casa,Centro-Oeste,-0.5612,3,734.76
55893,237.7,235.0,19.0,811365.19,5.72,0,apartamento,Sudeste,-0.5168,0,181.67
52907,184.2,180.3,7.2,672991.42,5.9,1,kitnet,Nordeste,-0.8103,2,1382.21
51583,123.8,120.9,2.0,505815.06,14.72,2,apartamento,Norte,1.8958,1,2949.56
50264,89.5,88.1,1.9,361094.98,1.51,1,casa,Sudeste,0.9941,2,513.5
50385,217.1,219.2,15.8,725940.87,11.84,0,apartamento,Sul,0.3517,2,283.35
51943,101.2,98.2,41.5,400262.17,6.8,1,casa,Nordeste,0.5139,3,1425.09
50231,52.2,53.4,2.9,220012.66,0.94,1,apartamento,Nordeste,0.8155,2,1830.76
52336,182.3,179.3,3.2,792203.69,3.95,0,casa,Nordeste,-0.6053,2,91.72
55140,139.8,142.4,4.3,515133.97,28.57,1,sobrado,Sudeste,-0.9284,1,608.64
55984,124.9,126.0,8.3,415365.69,20.33,0,apartamento,Sudeste,-2.4215,2,82.21
50701,115.5,118.4,9.7,452052.93,7.31,0,sobrado,Sudeste,-1.2369,1,163.02
55367,134.1,131.2,40.8,427214.56,0.2,0,kitnet,Sul,0.4489,3,637.4
54654,194.9,189.7,,733794.79,1.18,0,apartamento,Nordeste,0.0241,2,140.37
50272,89.3,91.3,,331071.96,,0,casa,Nordeste,-2.2898,0,1731.97
53905,330.9,326.5,13.9,1459016.91,22.94,0,casa,Nordeste,1.0846,3,203.29
51126,214.0,217.9,6.3,6657847.97,3.95,0,apartamento,Nordeste,0.2698,1,259.23
51395,67.8,68.4,24.0,369831.28,0.45,1,apartamento,Sul,-0.5119,1,1157.83
50277,130.3,131.6,0.8,584581.45,0.95,0,kitnet,Sudeste,0.6469,3,83.0
51151,88.3,89.1,32.3,327982.41,9.49,0,casa,Norte,-0.3933,1,489.42
52383,111.1,112.3,13.5,431738.69,14.48,1,casa,Sudeste,-0.0697,0,1827.75
51019,84.8,86.6,2.5,207667.7,2.32,0,sobrado,Nordeste,-0.4111,0,266.63
51886,168.7,167.5,5.7,540230.17,4.46,2,apartamento,Sudeste,-1.5866,1,791.7
55941,103.1,101.7,63.7,388943.14,0.74,0,sobrado,Centro-Oeste,-0.2345,3,1370.57
51446,46.9,47.1,5.8,225796.58,1.46,0,casa,Sudeste,0.2179,0,166.46
55319,83.3,82.6,29.0,333945.74,15.07,0,apartamento,Nordeste,0.0219,0,335.44
54673,130.7,129.6,16.6,535128.95,4.47,0,kitnet,Sul,-0.5063,1,460.43
55156,69.8,71.8,1.7,278447.12,6.63,0,apartamento,Sudeste,-0.5896,2,59.16
54744,250.8,250.5,3.1,1051155.3,6.71,0,casa,Norte,1.3885,1,60.8
52143,118.1,119.9,27.7,442372.09,0.57,0,casa,Nordeste,1.1506,1,771.29
52808,105.1,103.7,5.0,541597.59,14.7,1,casa,Centro-Oeste,1.1075,1,676.94
51094,49.1,49.5,4.5,242128.59,10.45,0,apartamento,Sudeste,0.2535,2,143.78
54331,96.4,96.7,0.7,336933.77,1.48,1,casa,Sudeste,-0.9371,1,643.31
54595,200.6,195.4,3.1,803112.82,5.66,0,casa,Sudeste,0.4929,1,152.4
52922,103.8,106.8,36.0,489018.37,22.98,1,apartamento,Nordeste,0.2605,2,874.3
54082,62.8,62.5,0.9,268677.12,2.62,1,apartamento,Sul,-1.8107,3,2321.1
52545,203.9,207.7,5.2,833757.37,,0,apartamento,Sul,-0.1046,2,114.26
50964,70.5,69.6,13.9,257052.46,5.02,0,apartamento,Sul,-0.4243,2,358.91
55327,222.6,219.8,20.5,772122.6,20.55,1,apartamento,Nordeste,-0.7165,1,972.11
50179,249.7,250.6,1.0,849326.01,1.02,0,casa,Sudeste,-0.8618,3,117.7
55887,179.6,183.9,8.1,526693.26,10.91,0,apartamento,Sul,-1.1099,2,114.11
54118,100.8,99.1,13.0,384110.74,3.54,1,casa,Sudeste,0.9187,0,1575.37
53643,30.0,29.3,0.7,107319.05,,1,apartamento,Sudeste,-1.4446,2,283.23
54431,76.6,74.4,8.3,312201.65,0.47,0,apartamento,Centro-Oeste,-0.8692,0,257.13
55551,87.3,86.3,4.4,412098.41,0.41,0,casa,Sul,-0.3198,0,98.1
51952,70.2,69.4,75.9,283583.71,11.28,1,casa,Nordeste,0.021,3,3762.08
52157,105.4,104.9,7.8,434351.57,7.53,0,casa,Centro-Oeste,1.2593,0,170.72
52735,161.7,162.6,2.1,732231.34,4.23,0,casa,Sul,-0.67,3,78.7
50105,35.8,35.3,20.6,139561.02,3.86,0,casa,Sudeste,0.2613,3,483.59
53804,62.9,63.0,5.6,226144.76,2.05,0,casa,Sudeste,-1.6727,3,277.33
50999,36.2,35.9,19.2,101069.28,2.56,0,apartamento,Nordeste,-0.1615,1,382.1
53979,179.4,180.8,5.9,616531.23,5.11,0,casa,Sul,-0.9812,3,163.24
50488,69.3,69.1,26.4,255880.06,2.39,0,sobrado,Sudeste,2.2088,3,442.43
51341,160.2,164.6,19.2,479471.81,3.61,0,sobrado,Nordeste,0.3452,1,245.75
55642,118.7,120.7,19.5,470537.62,5.28,0,apartamento,Sudeste,0.1437,0,275.98
52041,204.6,209.0,5.0,631551.63,2.18,0,casa,Sudeste,0.3933,3,294.3
52139,118.6,116.7,30.7,524881.39,15.86,1,kitnet,Centro-Oeste,-0.6512,0,976.91
54135,211.1,211.5,0.8,805620.54,1.46,0,casa,Sul,-1.2307,2,136.96
55161,109.0,108.6,5.5,387372.24,5.5,0,casa,Nordeste,0.9198,0,241.99
52744,94.4,92.8,14.7,409447.56,2.4,0,casa,Sul,0.3025,2,132.86
52019,171.8,174.6,3.9,588327.21,6.09,0,apartamento,Sudeste,0.4638,0,286.5
54760,211.5,217.6,15.3,743504.88,6.04,1,casa,Sudeste,0.9721,0,900.26
55599,81.2,83.0,14.0,422693.99,4.13,1,apartamento,Sudeste,0.3731,2,1349.73
54092,178.3,183.0,3.8,721101.31,1.42,1,sobrado,Sudeste,-0.6397,2,1594.26
54729,134.1,132.0,25.4,526674.54,13.55,0,casa,Nordeste,0.0077,2,400.58
51602,247.4,251.3,18.9,1089458.55,10.28,3,casa,Sudeste,0.6244,2,7621.21
51157,41.3,40.4,4.2,155517.57,10.16,0,casa,Nordeste,0.3121,0,59.11
54270,58.8,58.1,5.6,284369.77,2.62,0,apartamento,Sudeste,0.1628,2,295.54
52917,99.9,98.2,6.4,351910.72,5.4,0,kitnet,Norte,-0.5322,0,224.47
55937,106.5,105.9,1.7,437700.05,7.07,0,kitnet,Nordeste,-2.2549,2,47.24
54380,133.6,130.2,31.5,639378.81,4.27,1,sobrado,Nordeste,0.7093,0,1016.32
51052,113.3,112.1,15.1,421051.64,17.74,1,apartamento,Sudeste,-0.9737,0,375.78
51149,126.6,129.8,26.6,449052.12,1.17,0,sobrado,Norte,0.9553,3,531.12
53222,117.5,117.5,18.6,475982.71,2.05,0,apartamento,Sul,-0.24,1,596.39
51762,52.4,52.5,1.3,210902.97,1.79,0,casa,Sudeste,1.0753,0,135.7
53906,30.0,30.0,29.0,135417.36,0.55,0,sobrado,Sudeste,0.5653,0,781.4
50475,118.3,119.0,6.8,510526.96,0.54,0,casa,Nordeste,-1.0078,0,157.88
54619,192.6,191.1,8.9,795536.61,4.61,0,apartamento,Nordeste,1.2569,0,305.99
51994,150.8,149.9,18.3,634647.91,2.96,0,casa,Sudeste,-0.66,2,169.34
53777,146.0,148.7,32.6,616424.65,0.35,0,apartamento,Centro-Oeste,1.9867,1,612.87
51225,79.3,80.5,45.7,364512.96,0.2,0,casa,Sudeste,0.0375,3,567.49
50068,71.5,69.4,5.8,344568.81,1.1,1,casa,Sul,-0.0546,1,1157.0
52042,76.6,74.3,4.5,409246.18,2.11,1,apartamento,Centro-Oeste,0.063,1,906.99
52863,80.1,80.9,1.0,356845.42,41.21,0,casa,Norte,1.23,0,30.0
52645,106.6,106.7,10.2,348840.31,9.53,0,sobrado,Sul,-0.2079,3,78.64
51555,56.7,58.1,6.0,190257.5,2.03,0,casa,Sul,-0.0851,0,103.01
52327,158.6,158.5,19.6,454109.14,21.34,0,apartamento,Sudeste,-0.267,3,689.56
55202,90.0,88.9,22.0,325895.65,1.16,1,apartamento,Sul,-2.2145,0,2613.28
52719,92.0,89.9,5.3,300131.19,3.62,0,sobrado,Sudeste,0.7156,0,179.13
51660,93.3,91.4,1.7,332582.72,15.74,0,sobrado,Sul,-2.3213,3,34.48
55958,88.3,89.0,68.0,407828.53,5.01,0,casa,Nordeste,-2.283,2,1262.77
53170,100.0,100.9,6.5,447368.34,0.2,0,casa,Sul,0.1837,0,45.29
52928,195.5,199.4,11.3,790327.74,5.01,0,apartamento,Norte,0.5345,2,147.73
51548,252.8,258.0,4.1,954637.19,4.22,0,casa,Centro-Oeste,-0.1644,3,77.81
52412,158.9,160.2,,581992.2,4.43,1,casa,Sudeste,-0.4731,0,1586.77
54809,105.7,107.5,25.2,357142.33,11.95,0,apartamento,Sudeste,-0.0992,3,506.9
55507,138.4,134.9,2.0,255895.51,0.88,0,casa,Centro-Oeste,0.5097,0,236.38
50975,108.9,109.7,5.1,489047.56,0.2,0,apartamento,Sudeste,-0.6406,0,234.84
53259,56.1,54.8,10.3,235615.54,7.46,0,casa,Sudeste,0.9349,0,62.53
50076,101.2,102.8,73.2,325339.8,4.97,0,casa,Nordeste,-1.4324,0,349.9
53614,72.4,72.1,3.1,306076.07,12.91,0,apartamento,Sul,0.1399,2,41.12
51560,129.5,129.1,31.1,429539.65,1.01,1,apartamento,Sudeste,-0.4414,2,713.22
53949,185.1,189.0,26.2,482939.67,7.16,0,casa,Nordeste,1.2631,3,369.45
54912,156.8,155.8,7.0,525537.87,4.03,0,sobrado,Nordeste,1.3933,3,152.82
52004,182.7,180.6,8.7,660100.63,5.21,1,apartamento,Nordeste,0.0392,2,618.05
55609,83.3,80.9,,293642.8,12.69,0,apartamento,Sudeste,-1.9479,3,46.01
51899,47.5,46.7,2.9,167352.12,10.0,1,apartamento,Nordeste,-1.1752,2,445.23
55929,193.9,195.1,9.8,400379.68,14.11,0,apartamento,Sul,1.7391,1,138.31
53002,57.8,58.1,0.1,181330.28,1.33,3,casa,Norte,-0.5045,1,2365.02
54119,172.0,175.3,14.6,785653.85,0.57,1,apartamento,Norte,-0.2378,3,1746.48
54801,77.7,79.7,10.5,194721.95,1.18,1,apartamento,Nordeste,1.0045,1,587.79
53654,153.7,154.8,11.3,446833.33,11.92,0,kitnet,Nordeste,0.641,3,175.15
51948,92.1,90.9,15.3,420687.24,5.24,0,kitnet,Nordeste,-0.261,0,271.26
51255,148.7,147.9,17.9,621309.44,1.35,1,casa,Nordeste,1.7845,3,1123.25
51728,111.5,112.5,4.0,457188.24,0.66,1,sobrado,Sudeste,-0.3577,0,1421.04
54490,185.6,184.3,7.4,710197.31,,0,cobertura_duplex,Centro-Oeste,1.7004,0,95.18
52778,167.7,170.5,2.7,857064.64,0.33,0,kitnet,Sul,1.46,1,416.66
54225,187.5,190.9,12.5,789221.06,1.13,1,apartamento,Sudeste,0.7948,1,886.76
52057,97.6,98.3,18.6,253789.71,2.02,1,casa,Sudeste,1.0004,0,640.82
54616,142.4,141.7,4.5,614681.74,11.39,0,casa,Nordeste,-0.2839,3,143.0
51911,93.2,93.9,77.9,342377.2,0.97,0,sobrado,Sudeste,0.7091,3,2560.43
50016,78.3,79.4,2.7,294817.23,0.9,0,sobrado,Sul,1.1835,2,115.27
50618,192.9,193.7,2.9,670695.95,4.27,0,casa,Nordeste,-1.4836,3,192.79
52834,118.8,119.4,6.3,399854.82,4.07,0,apartamento,Sul,0.6501,1,129.53
51310,123.1,126.4,4.9,471615.67,2.38,0,casa,Nordeste,1.2437,0,444.14
54988,116.0,116.5,12.7,498378.18,4.71,0,apartamento,Sul,0.4555,0,264.82
52117,162.8,166.6,10.7,513896.56,4.7,0,kitnet,Nordeste,1.3498,0,48.48
52077,231.0,232.3,0.8,712525.93,16.14,1,casa,Sudeste,1.2993,0,957.63
55685,46.5,47.6,10.4,169557.53,7.07,0,casa,Centro-Oeste,-0.6119,1,191.15
54553,187.1,186.4,22.2,807427.46,13.16,0,casa,Nordeste,1.3058,2,243.96
53328,31.7,31.8,14.9,124335.57,6.4,0,casa,Sudeste,-0.3661,3,229.48
55990,81.8,80.7,51.8,227350.64,10.31,0,casa,Sudeste,-0.1921,0,520.98
50846,55.6,56.9,1.8,179261.17,8.28,0,casa,Sudeste,0.9806,0,95.5
52781,240.0,236.1,15.0,964090.71,4.54,0,apartamento,Sudeste,-0.3671,1,424.36
54548,186.3,186.3,12.6,585856.3,0.2,0,casa,Sul,0.8814,3,293.3
55529,37.8,36.7,8.1,139582.26,10.46,2,apartamento,Sul,0.6488,1,1261.45
50300,98.0,96.3,25.2,387478.25,15.89,1,apartamento,Nordeste,-0.954,3,2205.16
55282,191.8,186.3,7.3,678243.85,0.43,1,kitnet,Sudeste,-0.3623,2,1523.47
53172,161.5,162.4,7.5,716691.79,3.89,1,kitnet,Nordeste,1.1635,3,474.28
52540,165.4,161.3,8.7,709917.47,18.29,0,casa,Sudeste,0.9079,2,160.46
52727,171.5,170.8,9.7,563876.52,3.72,0,apartamento,Norte,-1.173,0,139.12
55589,123.0,123.4,4.6,473354.74,2.73,0,apartamento,Nordeste,0.7288,3,516.72
55436,69.4,67.8,5.5,159975.91,0.94,0,apartamento,Sudeste,0.6827,2,160.96
51732,202.3,198.5,30.3,868308.96,1.9,0,apartamento,Centro-Oeste,-0.228,1,192.17
54839,108.0,105.1,1.1,508806.51,16.52,1,sobrado,Nordeste,-1.0754,1,658.87
50051,86.1,87.0,18.6,496629.87,0.95,0,casa,Sul,-1.4929,2,329.89
54300,111.6,113.7,13.5,361839.41,1.15,1,apartamento,Nordeste,-0.3979,3,1605.59
50874,236.8,236.3,0.2,838580.08,8.73,0,apartamento,Nordeste,0.9969,2,40.75
53694,91.5,89.6,29.4,390354.76,0.96,1,casa,Centro-Oeste,0.0567,0,1632.69
52299,127.1,126.8,2.6,644777.03,4.02,1,apartamento,Nordeste,-1.5246,0,681.63
55381,112.2,112.0,12.3,398232.39,10.31,0,casa,Sudeste,-0.2139,0,223.33
53353,276.6,274.3,,1137862.3,3.74,0,apartamento,Nordeste,0.0813,2,945.96
52110,147.6,151.4,1.9,677280.3,5.97,1,sobrado,Nordeste,0.5412,3,653.13
53977,187.1,185.9,8.9,564409.39,0.44,0,sobrado,Norte,0.6062,2,290.8
55455,94.0,94.1,14.7,345360.85,2.92,0,apartamento,Norte,-0.3443,0,472.38
54349,211.6,215.2,23.0,973991.02,1.25,1,apartamento,Sudeste,-2.0018,1,2439.63
53689,111.6,110.8,41.0,425953.45,4.01,0,casa,Sudeste,0.9763,0,599.8
53803,93.8,91.5,2.7,366268.12,8.81,0,sobrado,Nordeste,0.1486,1,66.57
52397,117.2,114.4,19.3,514132.43,0.51,1,apartamento,Sudeste,1.7265,3,1432.12
55155,39.7,38.8,6.8,89215.9,18.62,0,casa,Centro-Oeste,0.2375,2,30.0
50355,106.5,108.1,12.1,466308.77,3.35,0,apartamento,Nordeste,1.1828,2,489.42
55780,57.6,56.9,7.9,193679.48,3.04,0,casa,Sudeste,0.8889,3,204.31
51898,76.6,75.4,1.9,309975.73,11.55,0,casa,Sul,-0.6829,0,30.0
51079,145.0,149.4,2.4,464903.42,4.11,0,sobrado,Sudeste,-1.2245,3,103.91
50850,149.9,151.3,8.2,599848.43,0.92,0,apartamento,Nordeste,0.1891,0,276.26
50228,46.2,46.5,7.0,124339.16,4.93,0,sobrado,Norte,0.8681,0,196.57
52085,188.2,190.2,5.8,585026.69,9.76,2,apartamento,Sudeste,-0.4482,3,3899.83
55716,91.2,88.6,14.2,454434.65,2.8,1,apartamento,Sul,-0.2523,0,340.41
51578,70.5,71.1,9.6,174751.06,6.29,0,casa,Centro-Oeste,1.6969,1,551.43
55955,104.5,105.9,16.8,394053.85,8.09,0,casa,Sul,1.9089,3,247.01
55934,161.4,161.0,31.1,692311.28,,0,apartamento,Centro-Oeste,-0.2341,0,560.68
51914,148.2,147.1,5.3,537936.19,0.63,0,casa,Norte,-0.289,2,133.12
51699,53.1,53.5,0.8,172871.27,23.45,0,casa,Sudeste,-0.4473,3,30.0
51048,33.4,33.3,29.6,101597.16,1.71,1,casa,Sudeste,-0.4728,3,1880.02
50235,80.4,78.7,,251782.24,25.41,0,apartamento,Sul,-0.6384,2,179.29
51751,96.8,98.7,16.3,320114.93,4.35,2,sobrado,Sudeste,-0.9361,2,3399.49
53456,182.7,186.1,,723976.58,4.08,0,apartamento,Sudeste,0.9584,2,331.44
51998,99.9,100.6,24.1,384105.72,10.28,1,sobrado,Centro-Oeste,-0.2467,1,1578.93
52039,157.0,156.2,16.5,525857.0,1.79,0,casa,Nordeste,-0.5747,0,271.09
51347,119.9,119.9,0.8,551655.2,0.2,1,sobrado,Sul,-0.7221,2,491.46
52774,149.2,149.3,9.9,2938994.9,16.09,0,casa,Norte,-0.7558,2,147.16
51811,172.9,173.4,13.1,7882551.85,0.67,0,apartamento,Nordeste,0.0621,0,374.52
50297,70.5,68.6,15.6,329188.53,1.48,0,casa,Norte,-1.3822,0,242.87
55136,123.8,122.7,3.8,402081.02,17.87,0,sobrado,Sudeste,-1.4474,0,70.0
55132,94.1,92.5,0.1,315448.4,0.2,0,apartamento,Sudeste,-1.2866,3,72.26
51352,138.4,134.5,26.7,554930.18,1.8,0,casa,Sudeste,-1.3074,3,852.08
52185,152.6,149.0,11.9,543995.65,2.73,0,sobrado,Sul,-1.0084,2,304.58
55778,111.1,111.6,2.2,473975.61,1.6,0,apartamento,Sudeste,-0.1815,0,56.37
52770,70.9,70.7,,289053.58,1.9,2,sobrado,Centro-Oeste,0.087,2,4857.39
55111,172.7,177.1,5.8,771709.17,1.49,0,casa,Sul,1.6222,0,128.41
50353,157.7,154.3,27.1,623717.26,18.27,1,kitnet,Nordeste,0.8951,0,970.9
52494,116.4,116.3,11.8,463692.46,7.56,0,sobrado,Sudeste,-2.7233,3,240.48
54228,74.0,73.2,4.1,362034.61,6.17,1,apartamento,Sudeste,-0.2153,2,1192.35
55377,94.4,95.0,,336404.52,11.06,0,apartamento,Nordeste,-0.9502,0,427.83
52964,121.2,119.9,16.9,625034.11,3.49,0,apartamento,Sudeste,-1.4266,3,267.61
52880,97.2,97.3,,413276.03,3.37,0,apartamento,Sul,-1.3868,2,464.24
51775,129.4,126.9,,368538.61,1.73,0,casa,Nordeste,-1.3787,2,317.19
54793,55.9,55.5,8.7,150662.57,2.16,0,casa,Sudeste,-0.7747,3,172.47
50856,183.3,178.4,41.7,493266.74,1.37,1,apartamento,Centro-Oeste,-1.2345,2,1477.89
51917,166.8,170.0,20.0,579230.42,9.79,0,apartamento,Sudeste,0.9569,2,301.38
54911,177.4,182.2,3.3,686831.56,2.98,0,casa,Sul,1.7045,3,365.31
51935,138.7,137.8,7.6,442387.74,7.37,0,casa,Centro-Oeste,-0.5212,3,91.27
53545,126.2,126.0,25.1,475476.27,1.06,0,casa,Nordeste,2.699,3,278.88
51554,115.5,113.2,6.1,304046.97,13.99,0,kitnet,Sul,-0.7798,3,147.15
54518,86.4,87.8,14.4,266249.73,1.13,0,apartamento,Sul,0.7344,3,440.19
53317,55.8,56.9,8.1,165023.76,2.71,0,sobrado,Nordeste,-0.2477,3,239.4
54738,40.5,40.9,10.0,194499.24,1.35,0,casa,Sul,-0.7085,2,281.05
54958,51.8,53.0,5.5,210643.74,2.24,1,casa,Sudeste,0.1275,1,595.94
53637,96.7,94.1,0.8,436862.15,4.09,0,apartamento,Norte,0.4615,0,126.24
53538,97.3,97.4,2.7,318874.99,3.94,0,casa,Sudeste,0.8818,0,91.28
53314,116.1,114.4,3.9,5093315.96,3.23,0,apartamento,Sul,-2.2777,1,190.81
52814,140.4,140.6,9.2,476921.1,0.67,2,apartamento,Sudeste,-0.2109,2,2624.32
53223,216.0,214.8,9.6,975003.99,3.62,0,casa,Sudeste,-1.7298,2,163.03
54100,158.7,158.5,8.5,718729.44,7.75,1,apartamento,Norte,0.0048,3,737.32
54194,125.8,129.1,5.9,563559.34,7.24,0,apartamento,Sul,0.6421,0,110.09
50972,219.2,213.0,20.3,578001.4,10.45,0,kitnet,Sudeste,0.2827,2,231.53
54722,183.6,180.1,12.4,653644.65,2.5,1,casa,Sudeste,-1.188,0,918.87
50419,92.8,95.5,6.8,333030.54,5.64,1,casa,Sul,0.3791,2,2398.76
53237,93.4,90.7,32.9,275542.21,3.05,0,casa,Nordeste,1.3954,3,712.23
50411,121.7,123.0,42.6,311480.04,5.85,0,sobrado,Sudeste,-0.3872,2,942.77
52440,188.8,186.7,12.4,622261.2,5.62,0,casa,Nordeste,-0.0682,2,212.86
52384,69.7,71.1,1.4,292443.71,9.89,0,apartamento,Sudeste,-1.3635,1,44.63
52258,166.0,161.3,14.4,483981.02,1.11,0,sobrado,Nordeste,-0.7035,0,465.9
52101,300.3,296.6,5.4,1508971.62,6.8,0,kitnet,Sul,0.594,1,159.3
52516,103.0,101.5,14.7,347294.78,9.14,0,casa,Centro-Oeste,0.6003,2,100.26
55752,80.7,80.7,9.3,234974.87,7.06,0,apartamento,Sudeste,-0.8042,3,117.23
53732,140.2,136.8,30.1,545164.42,3.41,0,apartamento,Nordeste,0.3056,1,507.74
50791,46.2,45.2,16.4,157113.28,4.73,0,apartamento,Sul,-0.3272,3,207.24
53998,58.7,59.1,23.4,210442.66,12.72,0,casa,Sul,-0.0036,3,765.78
51317,130.1,129.0,43.6,433727.26,2.36,1,apartamento,Nordeste,0.9683,3,877.71
52497,120.1,119.2,9.2,407956.88,2.01,0,apartamento,Sudeste,0.8723,0,281.04
52487,85.1,83.9,28.9,370254.42,4.99,0,apartamento,Nordeste,0.0861,3,449.36
51693,123.8,126.4,17.1,470358.18,12.06,0,apartamento,Nordeste,-1.5816,2,468.43
51647,110.4,112.6,3.0,487923.33,9.91,0,apartamento,Sul,-1.7467,0,69.77
52471,61.0,62.4,26.5,218851.4,11.17,0,kitnet,Sudeste,0.4692,3,410.25
50657,168.2,165.5,17.6,760418.84,4.08,1,casa,Nordeste,0.2623,3,808.95
52031,80.3,79.1,30.4,341905.86,4.12,2,kitnet,Norte,1.49,2,8315.56
50524,171.0,170.9,38.1,721657.84,2.23,0,apartamento,Centro-Oeste,0.0603,1,416.33
55840,86.4,84.8,63.5,293311.78,2.81,0,casa,Sudeste,1.2045,3,695.27
50313,205.3,204.8,32.6,697387.58,1.81,0,sobrado,Sudeste,2.2892,0,2200.31
50943,115.6,114.1,40.1,351847.48,3.94,1,casa,Sudeste,-0.325,2,2082.37
54769,153.8,153.8,25.8,795444.87,3.03,0,casa,Sudeste,1.272,2,251.25
51656,95.0,97.3,8.7,380037.02,4.79,0,apartamento,Sudeste,-0.2756,2,171.73
55264,179.9,182.2,5.0,852085.84,4.73,0,casa,Sudeste,2.2918,0,281.09
52900,59.6,60.5,2.4,2184671.62,1.08,0,apartamento,Sudeste,-0.5232,2,177.42
51036,45.9,46.7,11.5,177358.1,2.44,0,casa,Nordeste,-0.5449,1,235.35
51703,122.9,121.9,0.7,542723.05,1.06,0,apartamento,Sul,-1.4994,0,121.69
50503,263.4,257.2,21.7,918527.05,2.76,0,casa,Norte,0.2637,3,665.2
50320,145.4,145.2,7.2,477187.06,6.82,1,sobrado,Norte,-0.6796,3,5309.59
54637,212.2,211.1,4.8,749954.38,1.25,0,apartamento,Norte,1.8473,3,96.2
52174,208.0,205.1,2.1,829915.55,9.68,0,casa,Centro-Oeste,-1.4558,0,150.82
53051,81.6,83.0,8.5,371634.34,2.2,0,sobrado,Sudeste,-0.4842,0,211.47
52864,97.8,100.6,3.9,266087.88,7.53,1,casa,Nordeste,-1.1249,2,533.61
51311,66.4,66.0,2.2,250245.41,17.76,0,casa,Centro-Oeste,0.8632,0,36.1
50954,74.7,73.2,3.2,220252.53,7.18,1,apartamento,Nordeste,1.1219,2,863.85
53199,100.1,97.2,13.5,501686.42,10.67,0,apartamento,Sudeste,-0.3948,3,197.13
55825,121.6,119.2,13.7,504405.74,1.83,0,casa,Nordeste,0.1202,2,184.77
53555,208.7,213.3,5.0,904298.05,4.9,2,casa,Sul,0.6154,0,3900.86
52649,126.2,127.5,8.2,378436.61,7.83,0,apartamento,Nordeste,0.078,3,109.75
55800,146.0,149.2,21.9,744055.48,23.61,0,apartamento,Sul,0.1112,3,676.62
52146,158.6,154.9,1.8,720683.33,8.11,1,casa,Norte,0.1665,0,838.1
53805,78.7,77.3,4.4,318995.18,6.43,0,casa,Sudeste,-0.6264,2,124.3
55863,76.8,78.7,15.4,275295.16,3.74,0,casa,Sudeste,-1.6941,3,297.93
50040,110.3,109.3,16.3,465623.22,4.48,0,apartamento,Nordeste,1.9904,1,341.68
51832,75.2,74.0,1.6,365153.87,4.39,0,sobrado,Centro-Oeste,-1.0911,0,78.24
54037,94.3,95.0,14.6,492440.64,4.37,0,casa,Sudeste,1.4376,1,206.42
55962,148.2,152.1,4.9,561648.67,5.38,0,apartamento,Sudeste,0.013,2,89.7
52161,93.5,94.1,43.1,360278.97,3.54,0,apartamento,Sudeste,-2.641,2,487.11
52982,113.5,114.7,4.8,528705.29,3.72,0,apartamento,Nordeste,-1.0786,0,81.64
50454,58.9,59.7,13.5,168057.62,6.8,0,casa,Sudeste,3.292,0,674.05
55271,84.3,85.9,13.6,324705.33,0.22,0,apartamento,Sul,-2.2537,0,601.37
50722,72.2,72.0,34.6,265230.17,7.57,0,sobrado,Sudeste,-0.1316,3,1237.68
53773,75.2,74.3,3.5,360831.19,0.72,0,apartamento,Centro-Oeste,-1.8787,2,199.67
53156,66.3,65.5,3.1,170478.1,4.57,0,apartamento,Sudeste,-0.4952,3,180.46
52155,91.0,93.7,29.0,351690.31,0.72,0,casa,Nordeste,1.089,1,1256.69
55122,108.7,108.1,,445524.51,0.46,0,casa,Norte,-1.2824,1,88.47
52459,126.6,127.6,23.0,590193.25,0.2,0,casa,Sul,1.7144,1,1032.57
52759,203.2,204.0,5.2,880677.64,0.2,0,casa,Centro-Oeste,-0.0044,1,385.96
54221,30.0,29.2,14.4,122729.67,4.82,0,apartamento,Sudeste,-0.5052,3,254.17
54615,49.7,48.6,4.4,170611.25,1.34,0,apartamento,Centro-Oeste,-0.1949,2,154.13
54388,101.8,103.6,23.8,463807.23,9.86,1,kitnet,Sudeste,-0.6533,0,3559.96
53754,72.8,70.7,32.8,236060.62,9.25,0,casa,Norte,1.337,0,503.94
54585,109.5,106.7,19.2,574146.04,12.64,0,casa,Nordeste,0.6426,2,310.57
53425,180.4,182.6,0.4,690327.46,0.48,0,casa,Sul,-0.5293,3,124.34
55454,203.3,205.2,4.9,879374.92,14.47,1,apartamento,Centro-Oeste,-0.4616,2,1437.11
53669,52.3,52.9,0.2,221487.07,1.7,0,kitnet,Sudeste,-1.9048,1,31.67
55244,70.1,70.3,,357801.4,3.63,0,casa,Nordeste,-0.4625,1,83.36
50681,99.9,97.4,14.1,354696.98,6.97,0,casa,Nordeste,-0.511,2,242.4
51100,170.6,170.3,52.3,505755.32,10.37,0,casa,Sudeste,1.0767,0,756.68
54185,138.1,141.8,1.0,527423.99,0.43,0,casa,Sul,1.496,0,209.73
52885,158.3,155.1,47.0,636714.52,0.79,0,casa,Sul,-0.831,0,528.22
52564,55.3,57.0,0.0,237048.47,0.44,1,casa,Sul,-0.0526,1,1241.96
50702,107.4,104.8,58.7,526624.36,11.32,0,sobrado,Sudeste,0.1125,1,1425.53
51825,146.8,143.9,0.5,704853.74,6.49,0,casa,Sul,-0.1479,0,117.43
52605,124.6,126.8,,494583.97,6.02,0,kitnet,Norte,0.5515,0,77.89
53256,239.7,244.5,36.9,910913.11,14.63,2,casa,Centro-Oeste,0.668,0,2199.82
54807,251.6,256.5,20.1,964258.69,7.37,0,casa,Nordeste,0.3439,2,519.98
51397,61.4,61.5,6.2,205680.1,9.29,0,apartamento,Sul,-1.3491,1,71.47
51405,167.4,172.1,49.3,699523.59,8.47,0,apartamento,Sudeste,1.5531,0,1060.16
51112,37.7,38.5,1.9,157284.5,9.78,0,casa,Sudeste,-0.4768,0,30.0
50652,106.2,104.2,48.8,493042.9,8.9,0,sobrado,Sudeste,-1.822,0,574.93
55113,116.2,113.2,5.7,339348.9,8.61,0,casa,Sudeste,-0.3615,1,39.86
52213,143.7,142.2,2.1,474306.36,7.4,0,apartamento,Sudeste,-0.0409,1,105.33
53615,118.3,118.4,1.0,453951.49,6.61,1,sobrado,Sudeste,-0.5141,2,607.5
51110,170.8,167.0,39.9,481629.5,1.51,0,apartamento,Nordeste,-1.6157,3,1044.88
55584,206.7,210.2,42.9,926597.27,13.17,0,casa,Sul,0.7339,1,321.43
50839,68.3,69.2,3.6,354826.86,6.34,0,casa,Sudeste,0.4497,2,85.12
55265,160.3,158.2,52.8,592566.66,0.72,0,casa,Centro-Oeste,-0.6583,3,457.58
51585,92.6,93.6,13.5,321639.3,7.25,1,apartamento,Nordeste,-0.5071,1,1341.28
54104,68.8,70.7,16.2,253079.27,,0,kitnet,Sudeste,0.54,0,379.32
55492,112.0,111.4,21.3,355277.81,2.24,1,casa,Nordeste,2.3881,1,564.29
50529,96.1,96.6,13.6,328664.96,10.94,3,casa,Nordeste,-1.485,1,4099.9
52209,145.3,144.8,15.6,567341.64,8.24,1,kitnet,Sudeste,0.3856,2,1393.57
53097,85.2,83.8,18.2,497416.64,10.14,0,casa,Sul,-0.3328,2,186.68
52952,45.2,45.9,7.7,173478.46,12.73,0,sobrado,Centro-Oeste,-0.5833,1,163.7
54990,133.8,130.7,16.1,498751.74,15.45,0,apartamento,Sudeste,0.3999,0,413.55
52697,192.7,193.5,10.7,554251.0,10.19,0,casa,Sudeste,-0.8506,1,402.35
51388,208.0,213.1,28.6,638315.72,7.89,0,casa,Nordeste,-0.6835,1,362.75
50413,114.6,114.8,22.9,449655.53,5.66,0,apartamento,Nordeste,0.4295,3,358.99
53282,42.0,41.7,1.4,180106.54,3.08,1,casa,Sudeste,-2.6395,0,742.24
50937,100.4,98.9,38.9,418776.86,,0,cobertura_duplex,Sudeste,-0.6785,1,727.63
51184,128.6,124.8,2.4,596016.97,18.88,0,sobrado,Sudeste,-0.0919,2,106.2
54241,103.0,106.0,27.5,461168.72,3.12,0,sobrado,Norte,1.0014,2,648.52
50754,159.8,160.5,12.9,510158.93,0.9,0,casa,Sudeste,0.7847,1,302.97
54405,179.4,179.6,20.6,534740.97,3.13,0,casa,Norte,1.0507,0,312.43
55813,222.7,228.6,0.4,902530.34,0.44,0,sobrado,Sudeste,1.1999,2,176.77
51860,220.7,220.6,0.8,840746.72,5.02,0,casa,Sul,0.1809,0,125.1
55488,125.5,126.5,10.4,390665.2,0.2,0,kitnet,Nordeste,-1.5113,1,137.7
50711,228.9,228.4,52.2,932956.83,1.67,0,casa,Sudeste,0.2453,2,489.32
51619,191.8,193.9,15.3,800791.01,11.5,0,casa,Centro-Oeste,-1.2478,2,209.53
55089,60.1,60.6,49.3,322416.93,1.87,1,apartamento,Nordeste,0.604,2,1657.12
54706,73.0,71.4,3.9,317119.69,4.02,0,apartamento,Nordeste,-1.4357,1,106.74
50172,216.2,218.5,2.7,880145.78,2.53,0,casa,Nordeste,0.7461,0,153.59
51945,71.9,71.4,33.5,306550.53,20.17,0,apartamento,Sul,0.0909,1,670.17
50564,80.7,81.8,11.5,322108.65,,1,casa,Nordeste,0.0041,2,590.9
55080,161.1,159.5,16.6,496759.71,6.93,1,casa,Sul,0.0038,2,1097.68
52092,107.4,110.1,6.2,416291.25,6.06,1,casa,Centro-Oeste,-2.2409,1,647.18
50746,107.6,108.7,11.8,378778.65,0.67,0,casa,Sudeste,-0.4579,2,487.83
55761,141.6,140.3,41.7,427069.83,4.92,1,casa,Norte,0.3854,2,2444.31
55735,157.0,153.0,2.0,464433.47,8.5,1,apartamento,Sul,0.7412,2,1404.76
50655,46.8,46.3,13.2,150563.05,0.2,1,kitnet,Sul,2.9479,2,1441.13
55278,93.4,95.7,,343807.43,3.63,1,casa,Sudeste,-1.2022,1,479.77
50323,74.0,76.2,3.7,326131.76,9.49,0,casa,Sul,0.6315,1,100.81
52854,125.2,122.7,8.4,522418.08,31.23,0,kitnet,Sudeste,0.2847,2,124.81
54379,95.2,95.8,25.0,328264.94,0.38,2,casa,Sul,-0.4244,0,2600.07
52728,93.3,92.5,30.6,260712.74,2.36,0,kitnet,Sul,0.0209,2,481.64
55994,188.2,192.1,17.2,831382.8,1.79,0,apartamento,Sul,-1.2206,1,296.8
52449,170.6,173.4,,494905.18,4.77,0,casa,Sudeste,0.9331,1,55.18
51137,67.5,65.8,3.1,275531.78,4.73,0,casa,Sudeste,0.2085,1,177.23
53976,105.2,104.5,1.3,390218.21,3.03,0,apartamento,Norte,1.1919,1,278.96
50425,154.2,157.3,81.5,494159.49,0.2,1,casa,Nordeste,0.6124,3,1486.64
54152,58.8,58.8,15.3,179846.4,2.41,0,casa,Sul,0.8224,0,254.88
53685,54.6,53.9,15.4,197684.87,0.86,1,apartamento,Nordeste,0.534,3,1511.98
55196,92.1,92.6,25.2,454568.28,2.33,0,apartamento,Nordeste,-0.5369,2,521.11
51947,196.6,197.9,2.2,872322.36,4.87,0,apartamento,Nordeste,0.4345,2,67.08
52911,230.0,231.4,2.7,851187.95,7.72,0,kitnet,Nordeste,-0.558,0,42.89
55145,193.2,195.5,8.9,919857.58,0.22,0,kitnet,Norte,1.872,2,234.16
51348,182.7,180.0,9.9,652493.6,0.98,1,apartamento,Nordeste,-1.581,2,2413.91
53768,126.6,123.2,6.2,2944652.34,9.08,1,apartamento,Sul,1.3154,2,680.98
50600,109.0,110.7,35.5,166333.35,1.7,0,casa,Nordeste,1.0576,0,487.06
51798,108.2,111.2,13.2,371056.96,2.1,0,sobrado,Centro-Oeste,0.7262,3,476.94
55478,135.3,135.0,12.8,850298.93,4.68,1,apartamento,Sudeste,-1.4572,2,1389.33
53709,112.1,109.8,31.3,455425.89,,1,casa,Sudeste,1.1656,1,420.6
51315,132.7,130.5,7.0,623262.03,4.15,0,sobrado,Sudeste,0.6091,0,88.75
55301,42.5,42.7,11.3,135844.55,7.26,0,casa,Nordeste,0.259,2,93.63
52517,76.1,74.8,10.0,382871.84,5.29,1,apartamento,Sudeste,2.1153,2,831.42
51038,70.1,70.2,8.6,205739.09,21.89,2,casa,Sudeste,0.1766,0,4230.37
50783,199.1,193.2,0.2,600579.15,5.66,0,casa,Sudeste,0.3216,2,57.57
51268,57.8,56.2,9.7,253031.57,12.41,0,casa,Centro-Oeste,-0.8069,3,104.22
55746,69.9,71.3,,200131.29,11.6,1,apartamento,Sudeste,0.0658,1,1309.9
51413,77.1,77.2,17.0,365131.49,1.73,0,casa,Centro-Oeste,2.3982,3,192.4
53784,161.0,162.9,5.2,584168.89,8.9,0,apartamento,Sudeste,-0.3442,2,94.27
50121,190.8,188.2,28.6,567369.62,0.77,0,casa,Sul,1.584,0,727.48
50778,93.7,91.4,7.1,441463.08,9.47,0,apartamento,Sudeste,-1.4809,3,223.03
50984,63.8,62.6,6.5,175732.61,3.17,0,casa,Centro-Oeste,-0.6069,0,191.15
55641,258.6,251.5,1.7,823741.31,4.94,0,casa,Sul,-0.4042,1,69.52
54682,114.8,117.2,12.3,415924.17,1.76,0,apartamento,Nordeste,-1.1911,3,212.51
54462,66.5,67.7,6.7,332636.31,6.59,1,casa,Norte,-1.3022,2,776.41
50745,168.4,172.8,8.0,606307.69,9.04,0,apartamento,Sudeste,-0.711,1,95.97
54568,57.6,56.7,8.7,177866.63,3.65,1,apartamento,Sudeste,0.3383,1,875.17
55886,93.3,90.9,33.0,416740.33,0.39,0,apartamento,Sudeste,-0.4088,2,713.13
51764,143.8,140.8,15.2,346440.01,4.43,0,sobrado,Sudeste,-0.228,1,317.12
54692,70.2,71.2,41.4,260430.31,,0,cobertura_duplex,Sudeste,-0.3726,2,1136.77
54962,82.5,80.7,13.0,322198.25,0.2,0,apartamento,Sudeste,-0.1478,1,348.49
54315,124.4,123.3,1.4,540466.39,1.11,0,casa,Sudeste,1.4235,3,128.58
51171,295.5,291.3,22.3,1182179.78,6.34,1,casa,Sudeste,0.9822,0,2051.02
53913,71.1,70.9,13.9,247641.04,14.81,0,apartamento,Sudeste,0.5063,3,208.37
54821,75.6,75.9,23.1,235194.77,6.78,0,sobrado,Sudeste,-2.0086,2,163.85
51425,96.0,94.3,11.3,296572.9,,0,cobertura_duplex,Nordeste,1.1565,3,187.33
52895,216.0,214.3,21.1,717213.96,0.93,0,kitnet,Sudeste,1.3352,0,291.14
50176,133.4,136.8,1.8,473131.34,6.56,0,casa,Sudeste,-0.0233,0,77.62
54983,120.1,116.6,0.9,431789.29,6.89,0,casa,Nordeste,0.0355,1,65.52
53529,113.3,111.6,37.2,416282.19,0.22,0,sobrado,Sul,1.8415,0,496.42
54985,103.0,101.3,57.1,305303.4,1.48,1,apartamento,Nordeste,-1.5378,0,2062.61
53499,112.2,114.1,1.6,372993.18,23.16,2,apartamento,Sudeste,-0.4581,2,1710.3
54375,99.2,99.7,1.6,295649.67,2.02,0,apartamento,Sudeste,-0.3807,3,55.85
54865,221.1,225.6,21.3,761447.76,12.04,1,apartamento,Sudeste,-0.5785,3,1305.11
50082,161.0,157.0,50.1,581898.07,2.63,0,casa,Sul,0.3927,3,1547.01
55408,106.2,104.4,2.9,443350.66,0.2,0,casa,Sudeste,0.3206,1,86.97
52794,115.8,114.0,,307937.42,0.2,0,apartamento,Sudeste,-1.7243,3,44.0
50805,205.2,202.3,6.5,572485.21,2.43,1,casa,Sudeste,-0.6546,0,746.29
54126,115.9,112.5,5.8,343852.13,11.62,2,casa,Sudeste,-0.1221,0,1874.16
53043,228.2,234.6,7.9,1079617.64,10.1,2,casa,Sudeste,-0.3262,1,3858.0
52094,116.8,114.7,1.5,588850.84,0.2,3,apartamento,Sudeste,0.1528,1,10209.28
51878,39.1,39.1,10.7,90078.05,0.26,0,apartamento,Sudeste,1.043,2,241.13
50141,193.3,195.2,36.1,658368.28,0.53,0,casa,Nordeste,-0.8091,2,374.97
54202,253.8,256.0,9.3,1031484.42,1.08,0,apartamento,Sudeste,-0.7545,2,738.53
55167,142.4,140.6,20.0,488965.97,0.21,1,apartamento,Nordeste,0.7291,1,1941.44
52000,184.2,183.6,,792833.82,3.81,0,apartamento,Sudeste,1.588,1,431.37
53628,62.1,62.6,4.2,226336.01,2.76,0,casa,Nordeste,-0.7281,2,238.95
51318,272.7,269.0,11.8,987268.1,3.2,0,casa,Sudeste,-1.8923,0,279.84
55888,88.9,89.6,5.1,278714.06,4.74,1,casa,Sudeste,-0.0837,1,2037.1
53550,139.2,141.5,6.4,599378.48,6.86,1,apartamento,Nordeste,-1.0004,0,1030.05
51058,80.0,81.3,6.5,335369.15,6.63,2,casa,Sudeste,-0.7735,3,3122.21
55061,86.3,86.0,21.5,303846.49,0.4,0,sobrado,Norte,0.616,1,338.63
55170,115.1,116.3,9.3,409141.72,0.78,0,apartamento,Sudeste,-1.4764,0,170.57
51417,79.0,81.3,3.7,240425.32,4.68,2,apartamento,Sul,-0.6359,3,4042.21
50515,68.4,66.9,28.7,197965.84,1.51,0,apartamento,Sul,0.6403,3,727.16
52825,300.7,299.7,8.6,760667.52,2.44,0,casa,Sudeste,0.8106,1,203.68
53244,140.1,138.9,20.2,618735.56,2.03,0,apartamento,Sudeste,0.7911,1,305.8
51199,48.1,47.4,4.2,199895.14,1.49,0,casa,Sudeste,1.7557,3,167.31
52169,151.0,149.8,25.1,618121.1,2.31,2,sobrado,Centro-Oeste,-0.1972,1,2352.44
52310,36.4,36.8,3.4,124123.56,7.06,1,apartamento,Nordeste,-1.2568,2,698.64
54096,30.8,31.2,7.2,125178.56,10.71,0,casa,Centro-Oeste,-0.1914,1,190.43
53022,147.0,143.3,5.8,547731.63,6.74,0,casa,Sudeste,0.3087,2,119.82
55587,235.6,240.1,20.8,566553.09,4.38,2,apartamento,Sudeste,-0.6265,1,3426.91
54319,155.6,153.3,9.2,593431.42,0.2,0,apartamento,Sudeste,-0.6737,1,236.98
52254,59.9,60.6,15.4,273289.87,1.11,0,sobrado,Sudeste,-0.1866,2,574.45
50838,113.5,113.0,13.7,218447.27,4.36,0,apartamento,Nordeste,0.9313,0,354.87
55332,155.0,158.3,4.0,347484.94,4.02,0,casa,Nordeste,1.2739,1,79.46
51739,171.1,168.7,5.8,698570.01,8.3,0,casa,Centro-Oeste,-0.3834,2,141.97
55862,104.4,107.4,17.1,403633.54,0.57,1,apartamento,Sul,-0.4033,1,356.96
54978,216.7,219.6,26.4,739746.39,12.94,0,sobrado,Nordeste,-0.214,3,430.09
51194,94.5,94.9,21.1,381197.93,2.67,1,sobrado,Sudeste,-1.5582,1,705.25
53217,86.7,87.3,57.7,237808.13,2.03,0,kitnet,Sudeste,-1.0827,2,599.81
50232,81.0,82.7,3.7,364209.25,9.35,0,casa,Norte,-0.9323,1,216.57
55270,90.1,92.1,10.2,296628.72,6.72,1,casa,Sul,-1.3802,2,1248.8
54980,127.1,125.6,8.6,362546.89,1.42,1,apartamento,Sudeste,-2.0647,1,492.84
53020,199.2,194.8,22.0,735066.46,34.43,0,casa,Sudeste,-1.975,3,115.1
52361,57.0,57.4,3.0,216175.03,2.47,2,apartamento,Nordeste,-0.5241,1,1535.77
51355,175.9,172.3,7.8,560490.53,10.57,0,apartamento,Sudeste,0.8047,0,189.91
52898,153.6,149.7,8.9,573726.33,11.71,0,casa,Sudeste,0.9211,2,109.43
51462,89.8,92.2,11.9,236976.72,16.82,0,casa,Sul,-0.2598,1,301.01
52183,104.7,102.2,32.5,371423.79,6.38,0,cobertura_duplex,Sul,-2.6066,0,805.2
51818,185.2,188.1,17.2,519049.63,4.0,0,casa,Sul,0.8306,2,256.96
53136,148.1,146.8,9.8,589179.11,6.48,1,kitnet,Sul,-0.655,2,756.56
51424,128.2,131.0,12.3,633014.52,8.79,1,casa,Sul,-0.5656,0,437.24
51970,54.7,54.2,15.9,208328.72,0.46,0,casa,Sul,-0.6542,3,228.21
55038,124.1,126.6,7.4,408225.92,4.61,0,casa,Norte,-1.2599,2,171.98
53371,83.4,81.4,7.2,331464.42,3.0,0,apartamento,Norte,1.0229,0,116.38
50820,189.5,192.8,10.0,624994.3,18.99,0,apartamento,Sul,-0.0365,3,366.21
50886,180.6,177.1,30.0,585878.29,15.77,0,casa,Sudeste,-1.9518,2,489.12
50393,85.0,83.9,6.8,233551.37,2.58,0,casa,Nordeste,-0.88,0,193.63
53986,185.5,183.3,0.9,701995.18,2.32,0,sobrado,Nordeste,0.6768,1,90.58
51780,123.4,124.1,25.3,490379.99,8.89,0,sobrado,Sudeste,-0.1942,1,427.36
52462,86.6,86.9,10.2,372389.33,7.73,0,apartamento,Sudeste,-0.6369,1,117.18
54406,81.4,79.5,5.1,218504.22,7.9,0,apartamento,Norte,0.7585,1,108.5
55406,77.3,76.2,33.4,329580.57,3.76,2,casa,Centro-Oeste,-2.1201,0,4942.43
54762,58.5,59.0,46.5,263796.5,11.13,0,apartamento,Sudeste,-0.1211,3,883.61
52791,70.4,69.2,11.0,294202.83,1.21,0,apartamento,Sudeste,-0.006,3,167.07
50476,95.1,94.6,1.9,464643.14,9.77,0,sobrado,Nordeste,-0.5313,1,59.94
54129,131.7,134.7,15.1,518265.14,4.75,0,casa,Nordeste,0.9883,3,138.91
50456,127.1,125.5,24.8,592910.57,,1,cobertura_duplex,Nordeste,0.8395,2,898.8
50108,52.5,51.9,54.9,214917.01,3.95,1,apartamento,Sul,0.0017,3,2222.06
51883,73.4,74.1,6.8,265980.08,39.81,0,sobrado,Norte,1.4722,3,52.27
50762,54.5,55.8,13.6,169989.73,16.27,0,casa,Nordeste,1.9909,1,138.21
53036,96.6,95.8,25.1,320010.24,9.63,0,apartamento,Sudeste,0.6369,1,278.15
52001,78.1,79.7,4.7,321460.55,1.71,0,casa,Nordeste,0.383,0,128.71
52198,90.7,90.2,26.3,390697.29,4.27,0,casa,Nordeste,0.4359,3,366.64
50789,156.0,156.9,14.7,536450.24,7.63,0,casa,Sudeste,0.6095,3,227.76
55024,158.3,155.9,38.1,545423.05,2.49,0,casa,Nordeste,0.2759,0,1680.46
52319,231.7,227.9,15.1,817332.79,0.73,0,sobrado,Sudeste,0.1572,2,166.48
50011,125.3,126.3,,368806.71,9.49,1,apartamento,Sudeste,-1.0984,2,391.28
54365,177.5,176.9,11.6,511515.22,4.08,1,casa,Sudeste,0.7296,2,835.12
51138,122.0,119.3,7.6,535704.24,16.86,0,casa,Sul,-0.3704,0,140.97
52419,62.2,63.0,,202158.24,9.67,0,casa,Sudeste,-2.0961,2,779.74
54240,140.0,136.9,4.8,465960.39,17.37,0,casa,Sudeste,-0.4321,3,384.02
51278,174.1,174.9,3.4,538271.76,6.22,0,casa,Sul,-0.5782,2,72.92
54216,205.9,206.5,1.9,813047.57,2.48,0,apartamento,Sudeste,1.0888,3,133.2
50672,171.1,172.5,24.1,616548.71,6.61,0,casa,Nordeste,0.349,2,367.43
52486,221.1,218.6,3.8,648111.66,3.87,0,casa,Nordeste,-0.7411,1,102.89
52703,104.3,103.6,3.2,393510.44,1.48,0,casa,Nordeste,1.5067,3,123.02
51944,230.6,237.3,20.4,812940.95,15.12,0,casa,Sudeste,-0.2672,0,229.77
51905,209.3,204.4,6.6,754535.27,1.77,0,casa,Sudeste,-1.1991,1,132.46
52025,128.3,128.0,4.5,592322.0,6.64,2,casa,Centro-Oeste,0.0001,2,2811.76
53564,53.4,52.9,3.4,212910.04,0.52,1,apartamento,Centro-Oeste,0.4998,0,958.53
54879,144.2,143.1,59.7,548149.15,7.85,0,sobrado,Nordeste,0.3588,1,1141.91
53181,95.5,95.2,27.5,320599.58,6.29,0,apartamento,Sul,0.3628,0,478.61
54948,157.1,160.3,2.5,469529.78,2.13,0,apartamento,Sul,-1.0169,1,169.5
55608,149.4,149.7,5.6,580789.56,4.46,0,apartamento,Sudeste,-2.1071,2,113.89
50700,225.3,219.5,1.5,919443.0,0.27,0,casa,Sudeste,-1.8002,1,104.2
50077,78.3,76.8,0.2,248388.61,1.23,0,kitnet,Norte,-2.2747,1,101.75
54466,138.3,140.0,5.8,571326.67,7.08,0,apartamento,Centro-Oeste,0.1614,0,99.7
52638,99.3,101.4,7.0,374128.3,2.25,0,casa,Sudeste,-1.718,3,168.53
50669,148.5,146.5,8.9,602486.53,3.63,0,casa,Sudeste,0.2183,2,117.19
55369,162.7,159.6,0.6,654244.34,4.31,0,sobrado,Sudeste,-0.2057,3,116.64
53469,98.7,100.0,0.0,336627.22,1.57,0,sobrado,Centro-Oeste,-1.0206,1,51.52
55693,87.6,88.3,8.9,385828.61,3.68,1,apartamento,Sudeste,2.5285,0,1758.23
52362,69.4,71.2,22.1,349707.18,19.78,0,kitnet,Sul,0.6131,1,385.18
50119,161.6,159.9,4.2,489157.66,1.95,0,casa,Sudeste,1.9521,0,219.28
52248,61.7,62.8,34.7,263991.06,12.19,0,casa,Sul,0.1488,0,543.46
53556,199.8,203.9,6.1,634586.9,7.99,0,apartamento,Sul,0.0891,3,162.95
50274,124.6,122.9,0.9,344521.42,1.92,0,casa,Centro-Oeste,-0.632,3,106.34
55577,118.7,115.6,10.0,495818.66,21.26,0,apartamento,Nordeste,-0.7141,1,123.33
51396,144.7,147.4,2.4,626897.81,0.55,1,sobrado,Sudeste,-0.3409,2,1883.73
55581,94.4,94.4,6.0,321707.64,2.48,0,casa,Sudeste,0.9453,2,134.4
54290,127.0,126.1,14.5,418404.14,0.98,0,apartamento,Sul,-0.5851,0,428.31
50260,68.9,69.7,1.9,269232.29,1.29,1,casa,Sul,-1.0169,0,1147.29
51633,112.6,110.4,26.7,574884.21,7.17,1,casa,Sudeste,-0.7751,1,2518.73
53245,202.4,199.0,32.4,648769.24,5.68,0,apartamento,Sul,1.7018,0,527.86
55361,117.8,120.3,1.1,424115.03,31.27,0,apartamento,Sudeste,-0.9268,1,30.0
52990,85.7,84.3,0.8,379495.73,0.5,0,apartamento,Sul,-0.5494,2,91.44
55467,132.2,130.8,8.0,369779.83,1.88,2,casa,Sul,0.6761,2,4604.24
53848,236.9,241.8,10.1,1038168.17,0.2,0,sobrado,Nordeste,2.0426,0,840.64
53230,197.2,193.3,27.0,941105.17,0.56,0,casa,Nordeste,1.089,0,422.11
52879,81.7,81.8,44.1,290564.7,,0,cobertura_duplex,Centro-Oeste,0.2544,0,715.58
55582,81.1,80.8,9.7,317631.29,1.8,1,casa,Sudeste,0.5208,1,668.38
50215,101.0,100.2,14.7,519391.64,0.2,2,apartamento,Sudeste,1.8282,2,3400.33
51587,104.3,103.8,19.6,394104.24,3.43,0,apartamento,Sudeste,0.7263,0,124.98
51231,62.9,63.3,48.6,200704.34,8.76,0,apartamento,Norte,0.2626,3,1764.4
50392,97.8,99.4,48.1,294113.75,3.11,1,sobrado,Sudeste,0.9739,3,1245.74
50027,156.5,152.9,6.3,610717.44,1.29,0,casa,Sudeste,-1.4648,1,212.74
53852,121.0,119.4,14.6,442209.72,,0,casa,Sudeste,1.3115,1,393.01
50752,242.4,240.7,,781148.05,21.28,0,sobrado,Sul,-0.4384,1,71.97
51810,86.1,84.9,1.2,479762.08,,0,sobrado,Centro-Oeste,-0.4778,3,55.3
53865,86.8,87.5,9.6,319397.62,6.9,0,casa,Sul,-0.2445,3,192.84
50478,194.4,193.6,0.6,695763.44,2.28,0,kitnet,Sudeste,0.3049,0,53.31
55540,80.9,82.3,5.4,380848.24,0.2,1,casa,Sudeste,0.8499,2,1278.42
53496,62.6,61.0,30.0,236710.05,3.47,0,sobrado,Nordeste,-0.3718,2,401.89
54223,213.8,207.8,4.1,971544.68,0.8,0,apartamento,Sudeste,0.5041,0,191.65
54834,193.5,190.1,0.2,669543.44,3.32,0,casa,Sul,-0.7397,3,127.13
50909,134.6,136.5,4.4,516812.18,4.17,1,apartamento,Nordeste,-0.3658,2,977.1
54279,135.3,133.6,0.2,507971.67,3.75,1,apartamento,Centro-Oeste,1.2545,2,708.87
55141,97.2,99.9,18.8,423814.22,2.06,1,casa,Sudeste,-0.0844,2,743.57
54102,104.7,104.7,6.4,451325.08,5.22,1,apartamento,Sul,-0.3494,3,710.11
51558,118.0,115.9,53.1,431023.39,5.48,0,apartamento,Sudeste,-2.2055,2,605.36
52667,147.0,147.3,0.3,577870.78,2.27,1,casa,Sudeste,-1.0723,0,1178.17
53435,137.5,135.7,2.1,407101.02,14.19,0,casa,Sudeste,-1.2895,2,50.21
54909,180.0,178.0,3.6,699828.33,22.13,0,kitnet,Sul,0.9257,3,75.27
52485,37.1,37.7,0.6,128062.68,1.11,0,apartamento,Norte,-0.4671,1,122.64
54318,153.1,152.6,9.0,593456.88,0.37,0,apartamento,Sul,-0.0341,3,83.21
52151,70.2,72.1,2.0,238217.78,,0,casa,Sudeste,-0.197,0,30.0
55748,148.8,145.5,18.8,613047.39,13.18,1,apartamento,Sudeste,1.3715,3,696.05
52180,54.5,53.5,33.9,244022.63,5.67,0,casa,Norte,0.8873,2,288.76
52331,172.1,172.3,,594032.21,8.71,0,apartamento,Sudeste,-1.4176,2,182.82
55077,137.7,141.2,1.8,573777.65,2.61,1,casa,Sudeste,1.7395,0,597.22
50563,205.1,208.0,14.6,972505.69,0.63,1,apartamento,Sul,0.9149,2,887.79
55890,197.4,198.7,11.7,644453.46,3.46,0,casa,Sudeste,0.3714,3,473.3
53937,156.8,160.6,2.1,628723.31,2.36,0,apartamento,Sudeste,-1.5697,2,135.12
50921,57.3,57.4,31.2,180475.34,8.83,0,casa,Sul,-0.0958,1,305.18
55312,81.8,82.1,53.4,356882.92,0.44,0,casa,Sudeste,-1.5728,2,734.66
50969,111.3,109.3,12.0,370116.9,4.83,0,sobrado,Nordeste,-0.6646,0,154.98
51212,138.3,134.6,26.5,623213.69,2.92,0,casa,Sul,0.4166,3,706.92
54802,217.1,215.0,6.2,619457.85,2.97,0,casa,Norte,0.2897,0,144.07
53664,71.4,70.2,22.2,268258.17,0.2,0,apartamento,Sul,-1.5958,2,517.25
50913,194.7,198.1,8.6,829213.63,,0,apartamento,Sudeste,-1.6081,1,205.98
53791,125.3,126.9,3.9,427044.37,0.37,0,apartamento,Nordeste,0.2128,1,155.59
54041,230.3,232.9,2.1,763910.31,15.15,0,casa,Nordeste,-2.2102,0,61.1
55435,127.7,130.5,6.7,475734.09,3.27,1,casa,Sul,1.871,3,675.48
52815,145.1,148.5,13.1,673891.87,0.2,1,casa,Centro-Oeste,0.4443,3,761.46
52411,74.4,73.6,4.1,208187.31,22.13,0,apartamento,Nordeste,-1.4206,0,72.34
55841,103.2,103.4,13.8,470985.14,4.07,1,casa,Sudeste,1.4631,2,908.52
50723,142.9,139.5,13.8,422779.9,0.88,0,casa,Sudeste,0.284,0,378.77
52126,165.1,163.5,28.3,611769.24,4.58,0,kitnet,Sudeste,-0.1219,2,886.24
55355,108.0,108.7,1.4,364185.99,1.41,0,kitnet,Nordeste,-0.7956,1,148.85
54176,87.0,88.9,5.6,369484.63,5.83,1,casa,Sul,0.6319,0,1485.91
52123,102.8,101.9,12.6,345144.63,1.05,0,apartamento,Sudeste,-1.3948,1,389.95
51027,165.6,167.2,,458197.72,1.43,0,apartamento,Norte,-0.075,0,478.14
50597,172.1,172.7,5.7,621438.0,9.22,0,casa,Sudeste,-0.5853,3,180.33
53386,160.4,160.9,8.4,752717.71,2.16,0,casa,Nordeste,0.9648,2,108.94
50006,122.5,124.7,0.5,474750.56,4.87,0,apartamento,Sudeste,0.1742,3,150.83
51061,89.1,87.1,12.2,384626.44,1.75,0,apartamento,Nordeste,-2.6555,1,517.09
51449,222.6,225.7,33.2,857745.26,6.13,1,casa,Nordeste,0.5313,3,788.76
55629,145.6,142.4,13.9,559395.83,0.28,1,apartamento,Sudeste,-1.1302,1,2143.24
55041,113.1,113.9,26.1,422226.72,11.19,0,sobrado,Nordeste,-0.7747,1,193.84
50997,130.7,127.7,5.6,436449.76,1.24,0,apartamento,Nordeste,2.7585,2,111.34
55482,107.2,105.3,21.3,275200.37,6.96,0,apartamento,Norte,0.291,1,334.03
53227,118.0,116.6,4.8,526301.19,14.36,0,apartamento,Sudeste,-0.0055,0,117.59
55329,36.6,36.1,49.4,107433.67,2.73,1,casa,Sul,1.2419,1,2420.29
53837,89.0,87.7,1.2,321770.29,1.93,0,apartamento,Sudeste,-0.6793,1,132.78
55660,97.3,99.2,9.5,406002.36,28.26,0,apartamento,Sul,-0.9042,3,270.97
53839,271.0,277.6,22.8,1097388.38,2.76,0,sobrado,Sudeste,-0.3573,3,815.48
50653,126.4,128.5,10.2,449499.81,4.06,0,casa,Sudeste,-0.3022,0,100.89
54325,99.5,97.3,19.3,505610.84,0.33,1,apartamento,Norte,-1.7071,3,1437.95
51467,115.2,117.8,27.3,400986.36,2.11,0,apartamento,Nordeste,0.6928,2,481.12
55243,134.8,132.4,5.2,602054.22,16.79,1,casa,Sudeste,-0.468,1,661.52
50048,37.7,38.0,72.6,144307.06,3.07,0,casa,Centro-Oeste,-2.7892,0,1724.34
50318,135.8,139.3,15.9,573008.06,6.1,0,casa,Sudeste,-2.9226,0,676.09
50919,62.1,62.1,3.7,220433.35,0.79,0,sobrado,Sudeste,1.2541,0,132.68
53668,82.3,84.3,7.7,239852.15,0.61,0,kitnet,Sul,-0.4643,2,112.48
55309,89.9,91.5,10.9,290071.02,2.57,0,apartamento,Sudeste,1.8788,3,142.66
53400,129.9,129.3,12.6,439991.8,16.18,2,apartamento,Sul,1.743,1,2384.91
51609,135.4,134.2,32.2,466212.03,7.31,0,sobrado,Sul,1.0253,1,596.98
52788,124.1,126.5,1.4,427740.98,4.73,0,apartamento,Nordeste,0.4208,2,65.16
52715,184.0,179.0,,646158.96,0.72,2,apartamento,Sudeste,0.3587,0,2110.33
51950,167.5,163.5,34.9,487891.15,29.24,1,casa,Sudeste,-1.7045,1,1888.27
53133,108.4,108.3,27.8,399327.84,0.56,0,casa,Norte,0.7787,1,643.23
52926,273.5,269.0,4.7,1109625.51,5.36,0,casa,Nordeste,0.128,1,185.88
55759,212.7,213.9,22.5,794542.86,,0,casa,Sul,2.8704,1,969.35
51570,72.6,70.9,3.6,300427.9,13.71,1,sobrado,Sudeste,0.1295,2,1325.45
53303,151.2,154.3,0.3,466622.75,2.48,0,sobrado,Sudeste,0.8167,3,86.64
50340,74.9,73.6,,347009.55,4.09,1,sobrado,Sudeste,1.2373,2,879.09
55917,122.5,124.1,3.9,465377.05,9.5,0,casa,Centro-Oeste,-0.2017,0,77.74
53738,138.2,142.2,1.3,557516.62,0.75,0,casa,Centro-Oeste,-0.2865,0,117.24
53236,175.8,175.9,22.1,880812.19,7.12,0,apartamento,Sudeste,0.6762,1,222.02
53798,108.0,107.3,28.6,349922.42,4.19,0,casa,Nordeste,-0.5831,1,205.7
55758,41.0,42.1,6.5,200726.37,0.36,0,apartamento,Sudeste,-0.6754,1,215.27
54827,51.7,52.7,,187673.15,6.65,0,casa,Nordeste,-1.8994,1,817.85
54660,167.7,172.0,43.0,563306.72,0.81,1,casa,Sul,0.2898,2,2223.46
54610,150.4,150.3,12.2,547266.95,1.94,0,apartamento,Sudeste,-0.6933,0,79.99
53265,91.2,91.5,10.2,262372.65,0.34,1,apartamento,Nordeste,1.5601,3,1305.64
51215,79.5,77.2,54.1,249455.25,3.91,0,sobrado,Sudeste,0.9732,1,708.0
52415,130.6,132.2,29.8,522307.43,7.6,1,apartamento,Sudeste,-0.8745,2,1412.43
54413,65.9,66.5,,206522.73,2.78,0,casa,Sudeste,-0.227,0,213.36
54687,142.2,145.9,1.6,282672.79,18.71,0,apartamento,Nordeste,-1.1389,3,30.0
54060,124.5,120.9,3.6,438967.88,7.68,1,casa,Sudeste,-0.3659,1,1326.21
54534,107.9,106.6,2.5,450021.92,11.47,0,kitnet,Nordeste,1.4771,3,347.33
50518,150.2,151.0,7.5,660467.52,1.24,1,casa,Nordeste,-0.1852,3,1048.04
51724,212.5,211.5,,632656.41,0.45,0,casa,Nordeste,-0.1286,0,556.1
55185,194.3,200.0,8.0,702831.01,1.8,0,casa,Sudeste,-1.5694,2,336.09
54064,105.1,103.3,,423034.06,5.96,0,casa,Nordeste,-0.2066,1,670.02
53301,164.1,166.0,65.6,643870.34,3.0,0,apartamento,Sudeste,-0.3895,1,1066.25
50766,46.2,45.3,1.5,210455.88,3.93,0,casa,Norte,0.0087,3,106.86
51375,51.3,50.0,14.3,197289.91,12.96,0,apartamento,Sudeste,2.8282,1,130.77
51168,102.2,100.9,11.6,357471.94,12.04,0,apartamento,Norte,0.5936,0,129.45
50474,92.1,91.3,3.3,333631.05,1.21,0,apartamento,Sudeste,0.319,2,299.22
52632,73.3,71.2,3.4,264463.57,12.55,0,apartamento,Sudeste,-0.1217,2,69.01
52954,162.5,165.9,8.1,469153.53,1.94,0,sobrado,Sudeste,-0.5483,1,125.73
54671,89.4,88.3,37.6,377126.64,4.17,1,apartamento,Sul,0.9618,0,1815.84
55179,85.3,86.1,6.6,361354.98,3.67,0,casa,Sul,0.2949,0,61.55
53902,161.0,163.4,45.8,643505.84,6.15,1,casa,Nordeste,-0.307,3,4293.84
52886,109.8,112.9,8.6,444013.18,1.82,0,casa,Norte,0.9471,1,471.83
53636,124.3,126.1,1.6,444692.83,13.92,0,casa,Sul,-0.198,2,37.54
50268,36.6,37.1,,180152.13,14.57,1,casa,Centro-Oeste,-1.7537,2,2034.72
51049,109.3,106.2,10.6,315005.45,7.8,1,casa,Sul,-0.4357,1,906.25
54542,115.1,116.9,46.9,541152.89,3.3,2,apartamento,Centro-Oeste,1.0808,0,4233.91
54012,118.2,117.7,24.1,499260.01,4.88,0,casa,Sudeste,-1.1299,0,344.99
55554,133.9,137.3,16.3,432668.5,4.78,0,sobrado,Sudeste,-2.7594,1,167.29
55623,60.6,60.0,7.9,295951.75,3.38,1,apartamento,Sudeste,0.4987,1,5034.54
50107,118.8,116.9,55.0,292780.28,8.84,0,apartamento,Sudeste,2.2168,0,707.98
53477,75.6,74.3,18.0,319898.26,0.22,0,apartamento,Norte,-0.9107,1,206.25
55644,126.3,126.8,42.5,392460.08,0.54,1,apartamento,Sudeste,-1.768,3,1812.0
54149,208.8,215.0,0.4,839087.36,1.13,2,apartamento,Sudeste,0.5259,3,4768.92
53129,290.7,288.5,16.4,915933.71,0.81,0,apartamento,Sul,1.1113,0,377.46
54303,138.7,135.3,30.8,655969.73,0.27,0,kitnet,Sul,-0.0286,2,1135.16
52779,166.4,169.6,9.3,633369.61,1.34,0,apartamento,Sudeste,-0.3972,2,108.7
51983,104.0,105.5,8.9,418792.61,2.87,0,casa,Sul,-1.2295,3,295.03
52573,149.8,154.2,2.1,573929.16,0.99,1,apartamento,Sudeste,-0.0328,2,1186.56
55680,101.5,100.0,16.5,387438.22,0.2,1,sobrado,Nordeste,-0.9185,0,965.26
55088,83.7,83.6,39.0,385911.62,17.89,0,apartamento,Sul,0.2751,3,392.01
53226,65.8,65.1,22.6,279392.87,9.67,0,casa,Centro-Oeste,-1.8209,3,179.18
55340,130.6,129.9,2.8,629979.35,3.42,0,casa,Sudeste,0.3836,2,123.74
50632,61.9,62.2,58.3,194518.07,3.75,0,apartamento,Sul,-0.9411,2,2952.65
53206,48.2,48.3,30.5,162758.5,3.35,0,casa,Centro-Oeste,-0.0713,2,646.58
51426,84.4,84.6,0.2,379466.92,0.83,0,casa,Sudeste,0.1707,3,99.02
50602,128.3,126.3,2.0,533013.75,4.04,0,apartamento,Nordeste,-0.5901,3,86.13
53489,134.8,132.9,8.9,500906.33,1.22,0,casa,Sul,-0.1354,0,204.72
50693,65.8,64.1,2.8,258941.1,0.25,0,apartamento,Sudeste,0.1201,0,81.34
55074,150.1,148.5,28.6,461844.33,2.65,1,apartamento,Norte,-0.2617,1,1648.7
50588,103.7,106.3,14.3,272121.74,2.6,0,casa,Sul,-1.4266,0,487.13
51694,115.8,115.6,5.2,374974.98,1.6,0,kitnet,Sul,-0.4869,0,178.9
52554,218.2,212.7,8.8,1019047.78,0.91,0,casa,Sudeste,1.0041,1,308.0
53028,113.9,116.7,20.7,513775.92,2.3,1,kitnet,Sul,0.1581,3,1149.95
50813,123.6,125.7,15.9,575325.26,7.91,0,kitnet,Sul,0.4977,0,354.32
51476,113.0,111.0,59.6,349140.85,9.14,0,apartamento,Sudeste,0.2201,3,1457.93
51158,189.0,184.6,9.6,623649.18,15.07,0,apartamento,Sudeste,-0.3481,2,133.07
52558,129.4,126.9,1.3,432660.93,9.53,1,casa,Sul,-0.0568,0,647.49
54027,260.0,266.3,,1005040.91,3.55,0,apartamento,Sudeste,0.6007,3,682.11
50912,63.8,64.0,15.7,259012.07,5.45,0,apartamento,Centro-Oeste,-0.4223,2,298.67
52252,165.4,163.0,3.3,429274.58,24.79,0,casa,Sudeste,0.2526,1,31.58
55733,195.4,197.0,21.5,777510.98,9.36,0,apartamento,Sudeste,0.8912,0,408.98
52535,123.1,123.5,13.3,429504.56,9.95,0,kitnet,Sudeste,-0.4343,3,153.11
54345,149.8,149.9,7.8,687633.63,20.41,0,kitnet,Sudeste,0.7448,2,64.62
55597,82.6,80.6,11.3,314543.27,5.65,0,casa,Sul,-1.0765,0,155.39
50438,170.1,175.1,14.6,694337.53,2.03,1,apartamento,Nordeste,0.8062,3,2166.39
53820,46.1,46.9,1.9,199918.74,8.39,0,casa,Sudeste,0.6545,1,80.53
55961,41.7,40.7,19.2,152136.62,2.81,0,kitnet,Sudeste,-0.3533,3,423.79
50609,103.8,101.8,9.8,455713.84,6.85,0,sobrado,Sudeste,-2.0753,2,125.24
52621,102.8,100.6,26.2,322650.76,3.94,2,kitnet,Norte,-1.2424,0,4133.43
54499,146.8,144.4,15.3,625803.24,20.95,0,casa,Sudeste,-0.5038,2,156.59
52855,110.6,112.8,6.5,473575.67,2.22,1,casa,Sudeste,0.2846,3,1331.1
52835,120.8,122.8,3.9,362217.88,0.2,0,casa,Sudeste,0.0692,2,216.25
53231,140.1,138.4,23.5,488691.93,2.76,0,apartamento,Sudeste,-0.8437,1,233.73
50147,106.0,103.8,0.5,425255.98,5.97,0,sobrado,Sudeste,-1.0596,2,73.04
53138,91.6,94.3,8.6,288508.63,2.88,1,casa,Norte,0.0796,3,2131.51
55009,115.0,117.5,13.6,480930.67,,2,casa,Sudeste,-0.4768,2,5944.35
51055,73.9,73.5,43.1,308986.12,6.71,0,casa,Nordeste,1.2842,0,539.89
55471,173.9,178.5,2.6,886289.52,1.78,0,apartamento,Centro-Oeste,1.0158,3,140.55
51354,120.8,122.8,2.9,527584.51,8.18,0,apartamento,Sudeste,-0.6126,3,123.74
53127,44.4,44.6,,200338.1,0.87,1,apartamento,Nordeste,-0.5055,1,485.21
50993,116.9,115.3,3.6,378935.22,2.81,0,apartamento,Sul,-0.4037,2,190.89
53349,107.9,111.2,18.2,453918.17,0.61,0,apartamento,Sudeste,0.359,3,409.53
52095,194.8,193.3,,571550.69,13.1,0,casa,Nordeste,2.4023,1,72.0
55695,130.1,130.9,44.1,473420.61,1.82,0,casa,Sul,0.6893,0,546.25
54061,78.0,79.9,8.3,285403.98,0.45,0,casa,Sudeste,0.1482,3,403.17
53536,68.4,69.8,20.7,257289.22,12.5,0,casa,Nordeste,-0.5909,2,124.98
52142,145.9,146.2,25.0,675408.0,4.44,0,casa,Sul,0.8342,0,873.78
55817,78.4,76.8,4.9,296669.28,0.79,1,apartamento,Sudeste,-0.1801,0,1765.44
53056,58.6,59.9,2.0,267498.74,7.29,0,apartamento,Nordeste,0.486,2,41.76
54621,142.2,144.5,,509212.28,4.79,1,casa,Nordeste,-0.4714,1,1202.18
51603,75.0,74.8,3.2,301711.19,3.27,0,casa,Centro-Oeste,0.142,1,217.57
52991,91.9,91.1,22.9,378491.45,7.66,1,apartamento,Sudeste,0.8947,1,1288.03
52967,123.2,122.6,8.6,564888.16,10.42,0,casa,Sudeste,0.3549,0,49.47
53589,205.8,204.0,1.5,1129164.55,11.0,0,casa,Norte,-0.9207,0,93.72
54697,334.3,326.2,,928407.57,2.03,1,casa,Norte,1.3986,3,746.41
51296,139.1,139.2,5.9,492799.63,3.42,0,casa,Nordeste,-0.2423,1,211.77
51808,54.5,55.6,18.7,196013.77,2.9,0,apartamento,Sudeste,0.0258,2,843.65
54897,177.6,172.4,29.8,1017862.58,4.82,0,apartamento,Sudeste,0.3548,1,697.65
54164,180.3,184.4,3.1,771528.44,10.9,0,kitnet,Sudeste,-0.2144,1,50.6
55910,132.8,132.1,14.5,520175.36,15.81,0,casa,Sudeste,0.0427,1,330.06
55809,129.7,127.2,22.8,487144.18,10.24,0,apartamento,Sul,1.1334,0,349.64
50459,90.7,90.9,0.6,350553.37,10.93,1,casa,Nordeste,-2.032,0,336.59
50254,111.7,112.5,6.8,415921.41,15.09,0,casa,Centro-Oeste,-0.0744,2,170.35
52981,114.5,113.8,33.4,497067.31,13.25,0,casa,Sudeste,-1.5731,2,788.82
53889,60.4,62.2,18.5,220532.68,4.91,0,casa,Sudeste,1.7455,2,738.63
51920,108.8,111.0,4.2,405631.1,0.74,0,apartamento,Sudeste,-0.9711,1,113.42
50303,138.5,142.2,5.0,428721.41,8.48,0,casa,Sudeste,0.1851,1,90.32
51156,118.6,116.8,13.9,427768.85,2.8,0,apartamento,Sudeste,-2.2331,1,301.05
55740,95.0,95.6,8.4,335609.29,2.18,0,casa,Sul,0.0846,0,236.37
50676,60.8,60.8,7.7,304115.85,7.27,0,sobrado,Sul,-1.01,3,153.86
51550,124.3,122.1,14.5,502454.0,0.2,0,casa,Sudeste,-0.0094,3,364.26
52802,118.6,118.1,6.9,314783.81,2.12,1,casa,Centro-Oeste,0.8615,0,1510.89
53576,168.7,165.3,30.1,506194.17,7.08,0,casa,Norte,-1.3606,0,477.3
52192,73.7,75.5,13.1,310757.59,10.36,0,apartamento,Sudeste,1.7795,0,242.71
55526,101.1,98.4,8.0,517185.98,3.49,1,apartamento,Nordeste,1.2431,0,2332.9
54634,126.4,124.6,37.4,563166.34,0.87,0,sobrado,Norte,-0.3908,2,1148.81
54217,108.6,109.3,2.2,416723.82,1.79,0,casa,Centro-Oeste,0.0731,1,160.63
54624,65.9,64.1,5.8,296323.96,8.65,0,kitnet,Sudeste,0.1528,2,140.54
50041,66.3,67.3,9.1,270000.3,2.95,0,casa,Norte,1.4684,2,106.19
55873,109.0,105.9,,319701.3,1.23,0,casa,Sul,-0.0599,0,143.16
51549,160.3,161.3,0.7,706831.51,6.32,0,kitnet,Nordeste,0.4211,2,116.6
51264,159.4,162.0,34.9,500054.31,0.2,1,casa,Sudeste,1.6283,1,1400.45
54113,191.7,189.4,11.5,811370.83,1.77,0,kitnet,Sudeste,0.2441,0,547.9
50865,80.1,81.8,6.2,403163.96,3.12,0,casa,Sudeste,-0.4773,1,96.81
54521,124.5,120.8,3.8,565249.45,6.38,0,apartamento,Nordeste,-0.0665,3,127.3
52570,77.9,76.5,32.3,191408.91,19.97,0,apartamento,Sudeste,-0.6753,0,446.79
51663,116.2,115.3,35.5,339594.61,4.71,0,casa,Sudeste,-0.7504,3,616.66
55836,113.5,116.0,4.9,486768.44,1.42,1,apartamento,Sul,0.3933,0,977.92
53679,114.0,115.2,21.6,379268.58,4.53,1,casa,Sudeste,-0.4466,3,720.33
53076,137.2,135.7,17.5,526935.06,6.81,1,apartamento,Nordeste,1.1334,1,717.2
52924,45.7,47.0,2.4,218243.06,1.16,1,apartamento,Sudeste,0.3864,2,1249.17
53987,69.3,71.0,9.8,312753.94,0.82,1,sobrado,Sul,0.0137,1,1005.38
54175,171.8,174.0,4.1,552588.64,5.24,0,casa,Sudeste,-2.0511,1,148.28
54244,173.7,170.0,0.6,686380.27,24.87,0,casa,Nordeste,0.237,1,30.0
54091,103.5,106.0,48.1,499696.46,2.49,0,sobrado,Nordeste,-1.166,1,823.99
54768,171.3,167.6,1.0,681479.58,2.17,0,sobrado,Sul,-0.8394,2,103.3
54919,83.9,83.3,10.6,254963.26,5.69,0,casa,Norte,0.8189,2,207.39
51041,98.1,98.8,36.5,388090.08,7.33,2,apartamento,Centro-Oeste,1.0506,3,3683.2
51612,68.8,68.6,59.5,181467.94,17.61,1,sobrado,Centro-Oeste,1.6764,1,1394.38
50344,158.7,157.6,1.0,457694.9,5.71,2,casa,Sudeste,-0.1705,0,4852.73
52438,56.0,55.0,5.4,181374.29,2.47,1,casa,Nordeste,0.553,0,2591.31
53014,228.4,231.0,13.5,831559.81,6.39,2,apartamento,Sudeste,-0.9801,2,4379.77
53106,145.3,143.3,2.1,503065.43,12.7,0,casa,Sudeste,-0.0027,2,37.09
50187,79.4,81.3,2.7,254390.76,4.78,0,sobrado,Sudeste,0.6097,1,226.79
53819,37.0,36.8,13.2,103597.22,0.2,0,kitnet,Sudeste,1.1855,1,216.62
50932,91.1,91.0,34.6,372325.05,1.64,0,cobertura_duplex,Sudeste,0.3231,1,432.06
50251,96.3,97.6,3.5,435019.35,7.35,0,casa,Nordeste,-1.1374,2,134.93
55734,127.9,126.6,6.6,653847.52,16.1,0,apartamento,Sudeste,-1.2797,1,169.0
50357,47.1,48.0,0.8,215757.82,3.54,0,apartamento,Sul,-0.5946,0,63.83
50278,138.6,135.8,8.9,683435.29,0.41,0,casa,Nordeste,1.646,1,463.51
51717,228.7,233.1,4.5,923118.5,10.96,0,casa,Sul,-0.5299,1,152.4
54862,101.8,98.7,23.0,233410.89,14.19,0,casa,Norte,-0.8739,3,297.58
51463,64.8,63.5,46.6,274279.06,4.0,0,kitnet,Sul,1.1838,1,214.32
53624,150.6,154.7,23.6,476686.35,6.55,1,apartamento,Sul,-0.7586,2,321.18
55115,91.4,91.8,7.3,464088.61,6.32,1,apartamento,Nordeste,-1.3344,2,684.3
53600,84.0,85.7,0.9,319502.66,3.51,0,sobrado,Centro-Oeste,-0.3266,1,41.08
52280,75.5,75.1,7.4,310308.64,2.3,0,apartamento,Sudeste,1.1203,0,116.0
51923,46.4,45.9,5.9,128882.03,12.14,0,apartamento,Sul,-0.7588,0,83.48
50610,239.1,232.6,3.1,1040647.31,,0,kitnet,Nordeste,1.1034,0,225.38
54906,108.7,106.0,21.0,391121.22,6.51,0,casa,Sudeste,-1.4911,3,336.96
51374,119.1,117.0,7.8,432964.43,5.74,0,casa,Sul,-0.5121,1,238.61
52694,99.1,96.6,10.0,451303.69,2.22,0,apartamento,Sul,1.5184,2,204.67
50328,128.6,127.9,3.0,384827.3,6.51,0,casa,Centro-Oeste,1.2189,2,108.95
52985,104.8,104.1,2.5,457556.04,3.99,0,apartamento,Nordeste,0.4098,2,449.44
53725,160.6,159.3,15.4,615848.35,0.39,0,apartamento,Sudeste,-0.1131,0,442.94
50781,224.9,227.3,18.8,843036.3,0.97,0,apartamento,Sul,-1.4104,2,389.83
54543,136.5,135.2,5.4,498103.16,,0,apartamento,Sudeste,0.7528,2,229.2
54771,81.2,80.1,6.4,298415.29,2.86,0,apartamento,Nordeste,0.1595,2,163.9
55117,188.9,187.1,5.1,884646.88,9.96,0,casa,Norte,-1.4182,1,212.87
53041,130.2,129.6,0.3,552048.61,11.1,1,kitnet,Sudeste,-0.3016,1,316.39
51962,71.7,71.2,1.5,287301.42,17.68,0,casa,Sudeste,1.1007,1,30.0
53238,60.8,62.3,14.3,1022436.7,40.3,0,kitnet,Sudeste,2.0001,1,218.99
55570,84.4,83.8,17.1,317798.35,0.52,0,casa,Sudeste,-0.3082,2,731.3
55154,119.4,121.4,18.0,343553.12,12.75,0,casa,Sul,-1.3951,0,251.73
52559,147.5,147.0,,567437.15,4.31,1,apartamento,Sudeste,0.9401,3,681.3
54174,122.5,120.8,5.9,523257.04,5.55,0,casa,Sul,1.7795,0,224.42
52673,30.0,29.5,13.5,134477.37,2.26,1,apartamento,Sul,-0.5139,2,693.36
55030,145.9,145.9,3.4,488619.3,1.79,1,sobrado,Norte,1.3171,2,823.5
52476,83.1,81.6,7.7,326508.97,11.52,0,casa,Sul,-0.724,2,248.93
52468,133.7,131.1,4.0,485367.14,9.15,0,sobrado,Sul,-1.449,3,100.78
54324,55.9,57.1,20.1,237386.53,3.68,0,sobrado,Sul,0.6918,1,355.55
52420,30.0,29.4,8.7,82258.19,4.12,0,apartamento,Nordeste,1.1287,3,398.67
53832,124.4,124.0,8.2,630548.81,1.52,0,apartamento,Sudeste,-0.3169,3,322.26
51851,138.6,142.6,,499983.36,7.51,0,sobrado,Sudeste,0.1681,1,249.41
52115,182.5,180.2,24.3,524712.64,3.01,0,casa,Sudeste,-1.536,2,494.56
52713,62.8,62.4,13.8,238679.62,3.53,1,casa,Nordeste,0.3963,2,1082.22
52055,141.2,145.3,45.1,276973.76,11.94,1,casa,Norte,1.9744,2,807.52
52560,129.8,130.2,13.9,369798.46,7.92,0,apartamento,Sudeste,1.1816,0,149.76
53846,199.4,199.4,12.9,845036.08,2.21,0,apartamento,Sudeste,-0.2433,2,127.82
55363,53.0,51.6,31.9,202162.6,4.58,0,apartamento,Norte,1.1555,1,959.18
53355,100.1,97.9,4.0,316115.54,1.26,0,casa,Nordeste,-0.1174,3,332.21
50784,116.7,115.8,,504996.22,9.88,0,casa,Nordeste,0.4101,2,186.72
54371,82.3,81.0,37.4,232961.87,5.39,0,casa,Nordeste,-0.7738,0,378.68
55664,130.7,131.3,1.1,507346.63,0.89,0,casa,Sudeste,0.8912,3,89.69
50522,114.3,117.5,3.7,426817.65,4.92,0,casa,Sudeste,2.6578,0,133.28
54920,63.2,63.8,3.5,208301.14,1.0,0,apartamento,Sul,-0.0615,2,154.27
54234,151.5,153.6,,546062.95,1.02,0,sobrado,Nordeste,0.103,0,571.25
52572,72.9,73.0,18.9,293222.28,1.59,0,apartamento,Sudeste,1.2378,3,595.85
53346,55.3,55.4,0.5,241510.16,5.4,3,apartamento,Centro-Oeste,1.0636,1,7214.91
51210,148.5,146.7,0.5,670479.59,4.57,0,casa,Nordeste,-1.027,0,75.38
51083,71.8,70.7,,252851.07,1.37,0,apartamento,Sudeste,1.9453,0,49.09
51017,203.7,202.7,7.2,639643.47,4.28,0,sobrado,Sul,-1.553,0,116.25
51403,113.6,113.4,33.3,507379.2,30.31,0,apartamento,Sul,0.6182,1,274.67
51723,93.9,92.8,6.3,350162.57,6.86,0,apartamento,Sul,-1.4701,1,97.68
54474,89.4,86.7,33.4,197260.57,22.29,0,sobrado,Nordeste,0.2476,2,353.81
53195,39.4,39.8,5.8,127506.28,,0,sobrado,Nordeste,0.4976,0,141.62
53422,140.9,144.6,6.2,374933.19,10.98,0,casa,Sul,-0.8422,0,94.6
51689,141.8,142.9,0.6,429899.3,7.13,0,casa,Centro-Oeste,0.3495,3,138.77
51244,159.2,160.4,8.3,659350.33,,0,cobertura_duplex,Sudeste,0.564,0,198.31
54963,101.4,101.9,11.1,436300.26,7.83,1,casa,Nordeste,-1.603,1,2024.54
54967,69.2,70.4,17.8,238526.26,0.64,0,sobrado,Sudeste,1.2817,0,267.72
50145,156.6,155.6,17.0,620948.2,2.05,0,casa,Nordeste,0.8328,3,299.52
50008,58.1,56.8,5.6,246046.9,0.2,1,apartamento,Sudeste,0.5787,2,1909.46
51893,113.6,115.3,26.8,358593.68,4.08,1,apartamento,Sudeste,-0.3198,1,764.49
55365,136.9,134.1,5.6,591558.73,2.58,0,casa,Sudeste,0.2724,0,87.89
50540,49.8,51.2,10.7,169563.66,1.88,1,apartamento,Nordeste,-1.227,1,1576.91
50080,54.4,52.9,18.5,241750.93,3.57,2,sobrado,Sudeste,0.1536,3,4357.82
51978,78.1,78.9,29.9,243986.84,20.66,0,apartamento,Sudeste,0.5165,1,801.69
52210,39.0,39.0,6.2,139219.27,10.57,1,casa,Sudeste,-0.5791,0,1346.83
55978,258.2,251.4,82.0,1208192.33,1.8,0,sobrado,Sul,-0.244,1,1377.68
54742,114.8,116.7,19.3,466617.33,0.21,0,kitnet,Sudeste,-1.4687,1,594.53
51106,104.5,102.6,,359894.95,7.14,1,apartamento,Sudeste,-2.4971,2,1123.12
51444,139.7,139.5,26.1,492916.34,1.45,1,casa,Sudeste,-0.5427,2,1161.17
51846,149.9,152.3,2.7,555085.94,1.96,0,casa,Sudeste,-0.5825,0,101.38
52032,131.6,135.5,48.2,555785.56,25.27,0,apartamento,Sudeste,-0.8849,0,1495.14
50331,261.3,255.6,22.7,1220714.94,10.92,0,apartamento,Sudeste,-0.2143,1,628.93
50359,87.0,89.2,14.5,418985.76,7.33,0,sobrado,Centro-Oeste,-1.9192,2,230.67
54519,154.7,152.9,8.9,593903.8,5.95,0,casa,Centro-Oeste,-0.4049,2,234.53
51915,61.5,62.6,0.8,268599.71,15.51,1,apartamento,Sul,-1.2673,2,894.45
50486,112.5,114.2,46.7,492393.0,8.45,0,sobrado,Sudeste,-0.3736,3,1553.53
51187,227.7,228.6,40.8,1335648.01,5.19,1,apartamento,Sudeste,-0.4626,3,2354.94
50013,52.0,53.1,18.8,172302.84,9.53,0,apartamento,Sul,-0.7648,2,675.77
55665,145.8,148.3,22.6,523303.03,,1,sobrado,Sul,-0.6592,0,1565.09
54362,90.9,89.1,18.5,351098.96,0.2,2,sobrado,Sul,0.2501,1,3134.19
54527,109.0,111.5,20.2,436092.22,0.46,1,sobrado,Sudeste,-0.205,0,1853.66
52427,115.6,119.0,33.0,393499.49,0.54,0,casa,Sul,-1.0277,0,922.72
54313,46.3,46.3,4.7,236619.08,3.2,0,casa,Nordeste,0.0383,0,59.64
52342,217.7,223.3,0.8,871348.52,18.46,2,sobrado,Sul,-1.5652,2,1406.87
51610,146.6,144.9,1.7,549597.23,0.64,1,casa,Sudeste,0.5225,2,751.01
52226,78.1,80.1,9.8,378771.36,5.5,0,apartamento,Sudeste,-0.0739,1,168.71
50757,163.1,167.0,,718401.97,3.56,0,apartamento,Centro-Oeste,-0.1042,0,239.61
51063,125.1,124.5,11.1,622650.34,27.55,0,apartamento,Sudeste,0.6134,0,166.49
50090,101.1,101.6,1.8,369419.42,1.55,2,kitnet,Sul,1.1537,1,1111.61
50084,143.0,140.1,20.2,515379.53,4.29,0,apartamento,Sudeste,-1.0737,0,247.49
55421,94.9,92.7,30.1,423709.9,5.07,0,sobrado,Norte,0.8089,1,352.09
53103,156.5,158.3,1.4,795808.99,3.97,1,sobrado,Nordeste,-0.3454,3,1011.75
54934,133.7,130.6,64.1,680230.98,14.09,0,apartamento,Sudeste,0.0821,0,828.98
53275,105.7,105.8,15.4,362794.29,1.26,1,apartamento,Sul,-0.4148,1,988.4
52393,126.3,127.2,22.1,452656.96,,1,apartamento,Norte,2.1963,1,1659.45
50966,174.0,173.0,20.5,739122.52,,0,casa,Sudeste,0.6411,2,293.1
55772,94.4,91.6,2.3,359553.61,2.25,0,casa,Sudeste,-0.427,2,266.74
54927,213.2,211.8,1.7,796573.08,4.4,0,apartamento,Norte,0.1699,2,59.09
55879,102.4,102.2,4.9,268312.82,0.2,0,casa,Sudeste,1.7423,3,170.37
54048,140.1,136.7,50.4,610586.68,6.68,1,casa,Sul,0.231,1,2458.09
50059,87.6,89.3,29.5,359557.65,3.07,2,sobrado,Nordeste,-0.7155,2,3812.56
55075,127.8,126.1,6.6,521991.55,12.23,0,sobrado,Norte,-0.6427,0,190.35
51918,81.4,83.1,7.0,360030.47,11.83,0,casa,Sudeste,-1.8101,1,214.01
51976,281.0,287.2,4.2,985100.83,4.69,1,casa,Sudeste,-1.8367,3,486.12
53621,80.1,78.9,0.4,289117.27,0.83,1,apartamento,Nordeste,0.8796,0,862.4
55720,79.7,81.4,2.4,307849.35,2.99,0,apartamento,Nordeste,0.6212,1,160.4
51788,160.9,164.8,12.2,8425607.61,2.58,0,casa,Sudeste,0.9423,2,898.78
53011,113.8,113.0,5.9,431465.28,2.34,0,apartamento,Nordeste,0.64,1,86.46
55083,164.2,162.0,16.6,479034.43,2.71,0,apartamento,Nordeste,1.2768,0,442.27
53122,126.2,123.2,58.7,357117.42,0.99,0,apartamento,Sudeste,0.877,3,850.14
55995,313.1,310.1,49.2,1339326.34,2.62,0,apartamento,Nordeste,0.6165,3,416.37
55241,120.0,120.4,12.9,509584.26,10.91,0,casa,Sudeste,-1.0758,3,166.58
55430,172.2,167.5,20.4,436047.49,8.38,0,apartamento,Nordeste,-0.0864,1,218.06
52688,82.1,81.2,25.4,316389.08,0.45,0,casa,Sul,-0.9733,2,518.67
51673,111.5,110.7,16.7,426282.19,11.87,0,casa,Centro-Oeste,0.6483,1,158.61
55606,100.8,99.4,3.6,530342.2,1.77,0,casa,Sudeste,0.2779,3,188.48
55960,42.4,42.4,2.1,136376.39,4.67,2,casa,Sudeste,-0.5863,1,2246.13
55682,188.9,184.3,10.2,840132.15,8.67,0,apartamento,Sul,-1.1598,2,263.03
50439,163.6,163.3,9.5,804706.48,3.18,0,apartamento,Nordeste,0.7275,2,271.52
54029,87.3,87.8,2.6,3408101.61,1.39,0,casa,Sudeste,0.2193,3,166.5
52488,67.1,68.4,21.6,188549.41,1.45,0,apartamento,Sul,0.8676,0,867.53
52935,106.5,108.4,6.3,488591.46,1.69,1,apartamento,Centro-Oeste,1.188,3,715.34
50477,128.6,129.4,6.5,607351.2,6.02,1,casa,Sul,0.477,2,540.83
55337,69.6,68.7,20.0,255847.94,1.29,0,casa,Norte,-0.244,2,339.64
55714,31.1,31.7,24.8,143709.0,0.66,0,sobrado,Sul,0.3082,0,401.92
51117,78.4,76.5,1.4,366864.19,8.24,0,casa,Norte,-3.4047,3,42.4
55324,46.1,46.5,8.5,188560.18,,1,apartamento,Sul,0.1592,2,1081.97
50715,144.7,146.4,2.0,582514.69,10.77,1,casa,Sul,-0.4208,0,376.27
54511,128.6,128.9,14.3,591720.89,0.58,0,casa,Nordeste,-1.6001,0,194.21
52074,53.5,53.4,7.9,232738.44,14.7,0,casa,Sudeste,0.4325,3,127.66
51528,120.3,120.3,0.2,621963.51,10.85,0,casa,Sudeste,0.1453,1,49.85
53959,172.9,170.0,62.7,716864.3,6.59,0,apartamento,Sudeste,0.3733,1,868.66
52741,145.2,148.6,5.7,577190.19,9.29,0,casa,Nordeste,1.3735,2,262.07
55624,99.1,97.4,,192330.76,5.07,0,kitnet,Sudeste,0.7241,3,820.99
52054,317.7,324.2,2.3,1034499.13,7.24,0,apartamento,Sul,0.2589,0,48.27
53770,106.0,103.6,,394472.76,8.47,2,casa,Sudeste,0.1705,1,2712.5
54563,124.2,123.2,28.9,543795.68,21.65,1,apartamento,Centro-Oeste,-1.4443,2,967.99
51372,99.7,98.9,9.1,423104.92,9.78,0,apartamento,Centro-Oeste,-0.5066,1,106.78
54996,125.4,123.2,13.5,337502.87,1.03,0,sobrado,Sudeste,0.5707,0,285.72
52479,84.1,83.0,3.1,336479.56,4.3,0,casa,Sudeste,1.2302,0,109.64
52330,165.6,168.5,9.7,711813.18,8.33,0,sobrado,Sul,0.6789,3,168.06
50391,73.7,74.6,10.0,286187.05,0.2,0,casa,Sul,1.1348,1,611.34
53089,131.8,135.2,11.5,676271.51,4.06,0,casa,Centro-Oeste,0.7972,1,346.1
50058,127.4,130.5,30.4,602394.38,1.92,1,apartamento,Sudeste,-0.1573,2,1658.49
50568,81.5,83.4,45.3,334973.06,2.66,0,apartamento,Sul,-0.6628,0,751.52
54386,108.8,105.6,22.9,285627.48,5.6,0,apartamento,Sudeste,-0.3015,1,581.47
55697,79.0,78.1,23.9,266356.45,4.77,0,apartamento,Sudeste,-0.6397,2,445.84
50026,157.6,153.8,13.7,670299.75,4.92,0,apartamento,Nordeste,0.9973,3,289.5
51897,81.0,81.1,23.4,310677.64,4.27,0,sobrado,Centro-Oeste,-0.0147,2,685.91
54334,111.8,109.9,49.7,591784.56,10.7,0,apartamento,Sudeste,0.6447,2,298.17
51626,191.1,192.0,19.6,398245.91,1.14,2,casa,Nordeste,-0.7998,3,4052.68
50717,165.5,170.0,16.0,681499.83,4.42,0,casa,Sudeste,0.6536,2,337.47
51025,89.2,88.9,6.0,392933.2,19.67,0,apartamento,Centro-Oeste,-1.5893,0,85.39
52432,242.1,245.2,34.9,1051780.44,13.44,1,sobrado,Sul,0.1254,3,3346.07
53602,63.1,62.9,30.2,228078.85,3.44,0,apartamento,Sudeste,0.4402,2,1053.74
50442,143.3,146.1,9.2,494658.5,4.42,0,kitnet,Sudeste,-0.2776,2,205.11
51477,47.4,47.0,12.5,210623.1,28.67,0,kitnet,Centro-Oeste,-1.1325,3,88.04
55246,122.1,125.2,14.1,473509.76,12.02,0,apartamento,Sudeste,-0.0592,2,160.77
53772,160.8,161.9,61.1,807254.01,3.3,0,casa,Sudeste,0.5324,0,984.26
54224,82.8,83.9,5.8,271553.84,0.99,0,apartamento,Sudeste,-0.1416,0,403.87
52556,57.0,56.0,6.6,191972.41,2.96,1,cobertura_duplex,Sudeste,0.508,0,1664.45
50855,181.8,185.7,6.0,773337.92,2.09,0,apartamento,Sul,2.5942,3,178.04
51099,99.2,100.8,0.5,475521.28,10.5,0,apartamento,Sudeste,0.7335,1,55.84
52168,231.6,224.7,15.8,1014825.57,7.0,0,apartamento,Centro-Oeste,-0.2535,0,210.62
50859,125.8,127.5,0.4,585096.39,23.5,0,sobrado,Nordeste,0.5027,1,30.0
54510,212.6,207.8,14.1,1116160.0,5.61,1,casa,Sul,0.8318,0,381.36
50819,77.0,74.7,9.8,281924.57,1.82,0,sobrado,Sul,1.0071,2,179.71
53023,59.7,59.0,20.8,195475.25,15.07,0,apartamento,Centro-Oeste,0.8413,0,162.42
54572,54.7,55.9,44.9,210846.9,15.93,0,apartamento,Sul,0.858,0,1586.08
51650,38.3,37.6,17.5,145992.19,1.25,0,apartamento,Sudeste,0.1509,0,318.47
53342,90.2,87.6,24.9,355583.62,17.73,1,casa,Nordeste,-1.5363,2,1529.09
51925,194.0,199.3,45.5,628660.47,5.49,0,sobrado,Sudeste,1.592,2,1507.3
50455,114.0,115.6,4.5,462552.65,4.45,0,kitnet,Centro-Oeste,0.1041,1,216.61
50052,145.4,144.9,1.0,593894.98,7.84,1,casa,Sudeste,-0.2069,0,826.03
55926,255.2,253.5,26.1,1099650.46,6.22,1,sobrado,Sudeste,-2.4378,0,870.33
54761,84.9,87.3,3.2,368548.74,2.03,0,apartamento,Sudeste,0.0107,1,80.54
54116,161.6,158.3,14.2,698963.47,,1,casa,Centro-Oeste,0.5037,2,1848.02
55731,212.4,211.7,,627525.31,0.81,1,apartamento,Nordeste,0.5275,3,1608.39
52064,223.7,226.7,62.3,1082406.68,14.67,0,apartamento,Sudeste,0.1112,0,883.03
51217,113.8,117.2,1.7,400780.07,1.46,0,apartamento,Sudeste,0.0073,3,69.23
52312,193.2,191.4,43.2,793495.81,19.88,0,apartamento,Nordeste,-0.8171,1,1296.95
54814,85.7,85.7,8.4,290133.65,0.73,0,apartamento,Nordeste,0.2819,3,97.9
50055,112.4,111.5,,452547.57,2.89,1,casa,Centro-Oeste,0.0497,3,615.42
53077,168.9,171.0,0.8,997143.82,4.32,0,kitnet,Centro-Oeste,0.9184,1,75.3
52341,134.4,132.6,10.5,433590.16,2.33,0,casa,Sul,0.5512,1,130.23
52366,157.7,153.2,12.7,554276.65,1.76,0,casa,Sudeste,0.3056,0,177.0
53707,134.4,132.4,8.7,539153.5,1.46,0,apartamento,Sudeste,-1.8401,2,144.43
52627,127.3,129.9,25.8,518900.72,5.35,0,casa,Centro-Oeste,0.5349,0,605.36
53015,160.8,159.4,8.8,604309.3,3.09,0,apartamento,Sul,-0.5844,3,160.11
52096,162.7,161.0,3.2,686828.48,2.36,0,apartamento,Norte,1.4825,3,307.83
53887,112.5,114.6,4.3,529254.04,0.2,0,apartamento,Sul,-0.8081,3,145.32
51756,98.7,100.7,16.7,346465.37,16.33,1,apartamento,Sudeste,1.1411,0,956.73
55631,122.6,125.9,34.2,495853.71,10.37,0,sobrado,Sudeste,0.6954,3,595.42
51735,140.0,139.1,0.1,587458.23,13.41,0,apartamento,Sudeste,0.1355,2,32.05
51809,123.5,125.8,2.0,518086.32,0.2,0,kitnet,Sul,0.6586,1,200.09
53934,56.0,57.7,0.5,229749.79,3.79,1,casa,Sul,1.6859,0,729.5
52271,95.4,96.8,16.2,435670.23,1.63,1,apartamento,Sudeste,1.6163,3,1583.79
50585,119.1,115.7,3.5,416212.88,17.99,0,apartamento,Sudeste,-0.6585,1,30.0
53610,155.0,156.9,11.3,489463.01,6.13,0,casa,Sul,-1.434,3,100.73
50360,31.1,30.6,,142633.81,14.97,1,casa,Sudeste,-0.7597,3,452.23
50603,97.9,100.7,,342538.91,0.4,0,sobrado,Norte,1.0722,0,161.77
54828,193.2,187.7,15.2,755876.69,0.61,0,apartamento,Sul,-0.7792,3,318.19
51599,103.4,102.8,21.0,386744.69,2.2,0,sobrado,Sul,-0.7918,0,373.81
53012,103.5,103.3,16.3,346287.7,0.55,0,casa,Sudeste,0.0468,1,363.26
53659,122.7,123.9,3.0,564948.92,7.62,0,casa,Sul,-2.5287,3,106.2
51147,126.2,125.0,9.3,426368.73,15.76,0,casa,Nordeste,-0.7788,0,108.33
51686,220.7,223.6,31.1,947416.51,5.26,2,cobertura_duplex,Sul,-1.3679,3,4654.34
51222,185.4,181.8,4.8,754191.31,14.85,0,sobrado,Sudeste,1.273,1,311.89
51714,30.0,30.5,9.6,130656.85,1.44,0,apartamento,Sudeste,0.4251,1,136.32
55876,125.4,121.6,,405411.41,11.53,0,casa,Sudeste,0.1457,1,70.55
53530,91.7,90.3,22.9,305140.98,8.36,0,sobrado,Sudeste,0.9536,2,456.88
54498,207.1,209.0,6.3,858306.02,8.6,0,casa,Nordeste,0.2083,1,57.2
55951,170.3,172.1,,521391.71,3.6,0,apartamento,Nordeste,-0.5711,2,385.75
53278,140.2,138.4,1.1,545319.96,2.21,0,casa,Sudeste,-0.3666,1,124.74
52145,115.1,113.5,,549003.07,10.22,0,casa,Nordeste,0.3406,3,108.6
55588,163.8,167.8,38.1,685283.72,8.53,1,casa,Sudeste,1.7952,3,1820.18
50795,279.2,283.4,16.0,893034.17,0.28,0,casa,Sudeste,1.4856,2,747.89
53815,131.1,131.7,,512488.93,4.66,1,casa,Sudeste,1.6623,3,886.26
54751,30.0,29.5,8.5,91444.38,6.17,0,apartamento,Sudeste,1.5749,2,258.18
55883,84.0,84.4,26.2,1596925.18,5.17,1,kitnet,Sudeste,-1.0429,0,2309.62
55865,72.2,72.8,5.1,311806.9,2.1,0,casa,Nordeste,0.3546,3,117.35
55151,120.7,123.2,20.7,449553.48,1.13,0,casa,Norte,0.2434,1,970.78
55963,320.0,311.3,2.6,1310042.31,,0,apartamento,Norte,-0.1282,3,229.4
50315,106.9,104.6,18.9,286390.0,4.82,0,apartamento,Sudeste,1.3136,3,181.55
51604,153.7,152.7,0.0,557520.6,6.52,0,apartamento,Sudeste,-0.0925,3,30.0
54402,64.3,64.0,37.8,355445.59,4.06,0,apartamento,Sul,-0.743,1,193.72
50926,180.9,176.5,,838345.46,,0,casa,Centro-Oeste,0.6387,1,115.73
52181,207.4,204.0,7.6,651873.06,1.85,1,apartamento,Centro-Oeste,0.1468,2,1289.77
55764,99.5,102.1,13.3,463299.92,0.31,1,apartamento,Nordeste,0.138,2,1526.3
55087,227.7,232.3,2.5,1008987.43,6.49,0,casa,Sul,0.1909,1,109.35
51592,76.5,75.8,11.8,327616.13,,0,apartamento,Sul,0.4131,0,378.71
55806,260.0,263.2,26.8,9101802.01,9.77,0,sobrado,Sul,-0.5688,0,367.19
55782,122.8,119.6,21.4,432677.61,6.86,0,kitnet,Centro-Oeste,-1.0437,2,433.71
52005,126.0,126.0,20.3,428357.88,2.53,0,sobrado,Sul,0.6511,1,1021.63
51959,178.1,176.4,0.1,783020.3,3.04,0,apartamento,Sul,-0.7015,2,159.73
55035,84.1,84.8,20.5,368532.66,15.31,0,sobrado,Sudeste,0.1882,0,307.25
54025,217.9,219.3,1.6,873559.35,12.04,1,apartamento,Sudeste,-1.5253,3,475.34
53506,50.1,50.4,35.8,207817.66,17.48,1,casa,Norte,0.8794,1,1696.22
53897,168.2,172.9,4.9,419287.0,5.91,0,casa,Norte,0.2642,3,97.59
51648,214.1,213.5,21.0,673531.89,10.42,2,apartamento,Nordeste,1.2377,2,2814.22
54374,117.7,114.9,27.8,341909.7,7.01,1,casa,Norte,1.4354,2,2410.63
53377,56.9,55.8,12.4,196510.25,0.63,0,sobrado,Norte,1.3872,3,519.77
55065,63.1,64.4,24.5,256591.57,0.31,1,casa,Sudeste,-0.8736,3,1529.32
55198,201.1,196.8,29.2,943949.58,13.37,1,apartamento,Centro-Oeste,-0.6398,2,485.6
52205,120.3,119.8,9.2,351642.3,9.09,0,casa,Sul,-1.9998,0,242.15
54812,135.2,133.8,49.4,618162.15,1.81,1,casa,Sul,1.1445,0,1757.83
55415,45.3,45.5,4.7,173561.4,0.2,0,casa,Nordeste,0.2814,2,136.6
50505,84.4,83.4,4.0,300616.97,1.07,0,apartamento,Sul,1.3954,1,346.12
52245,115.6,116.8,10.9,338029.2,0.2,0,casa,Sul,-0.2138,1,312.53
54114,92.8,94.8,5.0,454363.32,,0,casa,Sul,0.7183,1,34.71
53813,152.8,152.9,5.7,380384.46,4.4,0,casa,Sudeste,-1.1542,2,146.87
54296,126.5,126.4,17.5,649626.34,2.21,1,apartamento,Nordeste,0.5412,0,810.26
53500,153.3,154.2,22.5,725870.44,6.67,0,apartamento,Sudeste,-0.4611,3,222.09
53446,73.3,72.1,5.9,292573.88,0.94,1,apartamento,Nordeste,-0.4929,1,1246.52
53569,72.4,73.3,18.6,236051.35,0.37,0,casa,Sudeste,-0.5755,2,484.26
50772,95.0,97.2,9.5,349370.84,0.2,1,casa,Sul,2.3664,1,676.03
54143,192.2,186.7,37.4,541602.75,6.96,0,casa,Nordeste,0.2254,2,452.52
55069,124.9,125.9,4.1,545341.01,5.55,1,casa,Sul,0.7982,0,1026.7
54022,203.7,198.7,26.3,809739.62,7.36,1,apartamento,Sudeste,-0.4769,0,1697.98
52856,276.0,277.9,21.5,1305951.4,1.55,0,apartamento,Nordeste,-1.4453,0,640.55
51929,71.2,71.0,10.5,313208.62,8.11,0,sobrado,Sul,0.2477,2,242.52
50267,86.4,85.2,1.3,355205.63,2.76,0,sobrado,Norte,-1.6677,3,106.26
54817,147.6,145.0,1.8,596325.7,2.69,1,apartamento,Sudeste,-1.6611,0,754.31
53247,113.1,113.4,0.1,540254.18,2.36,0,casa,Nordeste,0.8602,3,38.21
52674,62.2,62.5,16.2,251624.59,5.49,0,sobrado,Sul,0.1107,3,283.38
55375,100.0,101.8,23.3,313515.02,9.13,0,apartamento,Centro-Oeste,0.8113,0,238.84
54249,161.1,164.5,8.0,565701.3,14.07,1,casa,Nordeste,1.7685,1,1469.55
51773,122.2,122.3,2.1,399841.83,7.11,1,casa,Nordeste,1.4192,0,541.7
54686,76.9,79.0,6.6,346496.17,3.73,1,casa,Sudeste,0.4009,3,2141.2
52945,101.0,102.8,42.0,414262.88,9.69,0,casa,Centro-Oeste,0.2233,3,613.41
51743,60.0,60.3,4.3,210963.54,23.03,0,apartamento,Nordeste,-1.3678,3,53.36
51637,45.7,46.8,2.4,161433.2,5.96,0,casa,Sudeste,1.3714,3,46.95
55605,61.8,60.3,6.4,195153.25,1.6,0,casa,Sudeste,-1.5693,1,332.24
51211,101.1,102.5,14.8,381483.99,10.65,0,casa,Nordeste,0.8063,0,257.67
51252,106.3,108.7,2.0,420101.44,2.43,0,apartamento,Sudeste,0.8832,1,110.78
51010,186.8,188.6,6.5,663145.69,2.67,0,apartamento,Sudeste,-0.2876,2,250.76
51627,93.7,91.4,7.6,374241.37,2.24,0,apartamento,Sudeste,-2.6095,1,179.78
52461,117.9,116.6,2.3,465210.13,0.85,0,apartamento,Sul,-0.3024,2,122.9
53857,197.9,194.3,2.6,628861.95,6.24,1,sobrado,Norte,1.0088,1,1442.44
53072,77.2,78.3,33.8,310431.37,4.62,1,casa,Sudeste,0.3072,1,2399.15
52302,118.3,121.1,8.1,493633.21,14.27,0,apartamento,Norte,0.1121,2,137.49
53005,245.0,241.5,5.1,797524.46,1.15,0,apartamento,Sudeste,-0.3657,3,209.22
52675,108.5,107.2,0.1,423733.71,5.69,0,sobrado,Sudeste,-1.1849,3,55.68
53967,185.0,184.4,9.8,745533.23,3.62,1,casa,Sudeste,0.0158,2,480.54
51260,192.0,186.7,44.6,604281.27,3.22,1,casa,Nordeste,0.7889,3,1003.67
52348,52.2,52.7,,176828.18,3.1,0,apartamento,Norte,-0.1512,3,133.63
51885,236.7,242.2,23.5,958679.35,0.57,0,apartamento,Sudeste,-0.4504,0,251.81
50128,119.3,116.6,0.0,454918.87,1.15,0,casa,Sudeste,-0.4125,0,103.27
55773,153.9,152.3,11.9,687327.29,3.89,0,apartamento,Nordeste,0.9989,1,198.0
53938,30.0,30.0,9.8,129742.01,2.64,0,casa,Sudeste,-0.7613,2,529.14
51054,120.9,121.1,7.9,386894.36,1.1,0,sobrado,Norte,0.4772,0,280.62
54468,104.2,104.8,11.3,563183.27,5.67,1,casa,Sul,1.1538,2,1471.65
50110,146.2,149.4,0.0,632237.21,2.9,1,apartamento,Sudeste,0.085,1,293.12
51257,32.5,32.4,24.3,141845.88,4.39,0,casa,Sudeste,-1.7049,0,373.84
52833,64.0,62.7,6.2,266840.5,3.07,0,apartamento,Sudeste,-0.4902,3,249.76
51541,117.2,114.4,9.3,421995.6,14.34,0,apartamento,Sudeste,-0.584,3,174.73
54730,168.3,167.1,14.3,735656.39,6.32,0,casa,Nordeste,0.9908,0,97.13
52699,68.4,67.0,22.4,289192.9,10.08,0,apartamento,Centro-Oeste,-1.4559,2,524.79
55592,203.1,201.3,52.0,816801.45,1.82,0,apartamento,Centro-Oeste,-1.0963,1,753.94
55901,110.0,109.5,23.0,509273.95,3.43,0,casa,Nordeste,0.3342,0,526.9
52970,117.4,118.3,17.3,440831.81,1.59,0,kitnet,Norte,-0.525,2,273.7
53703,127.6,124.0,,445947.45,23.67,1,casa,Sudeste,0.444,2,299.32
51301,52.5,51.5,5.7,195474.51,4.15,0,sobrado,Nordeste,-0.2712,0,81.29
53334,85.7,88.0,0.2,304632.6,4.19,0,apartamento,Sudeste,1.4488,2,68.62
51685,122.0,119.4,81.1,406391.81,5.3,0,apartamento,Sudeste,0.6097,1,1213.61
53459,63.6,64.7,24.5,260044.85,23.67,1,apartamento,Sudeste,0.5402,1,442.04
54946,98.5,100.6,19.4,357452.61,4.74,1,kitnet,Sudeste,0.6852,3,698.42
51016,52.0,50.8,8.5,212802.05,0.6,0,apartamento,Sul,0.3875,1,332.78
51263,147.4,147.0,6.8,656580.76,6.12,0,sobrado,Nordeste,2.509,1,94.97
52506,49.6,49.1,3.8,139530.87,2.08,0,casa,Nordeste,0.8006,0,97.39
53575,102.8,104.7,23.2,395746.76,17.14,0,apartamento,Sul,0.0484,3,241.23
54483,105.5,107.8,4.5,385373.47,1.04,0,sobrado,Nordeste,-1.0235,0,246.83
54439,210.2,216.3,3.5,815102.39,3.46,0,casa,Sul,-0.5393,0,280.71
51394,158.9,157.2,5.9,499666.94,4.42,1,casa,Centro-Oeste,-0.5728,1,638.97
51030,72.5,71.7,6.0,264803.79,12.51,0,apartamento,Sul,-0.2812,2,102.41
51857,238.5,236.0,,684868.91,,0,cobertura_duplex,Nordeste,-0.8796,1,368.59
51512,171.2,170.1,30.5,695780.27,3.98,0,kitnet,Sul,-0.8979,2,747.77
54826,211.4,214.7,23.9,934281.35,6.12,0,casa,Sudeste,-0.1443,1,192.36
51543,179.6,177.0,5.6,511139.27,5.13,0,casa,Centro-Oeste,1.6842,2,153.33
53801,144.3,145.4,3.4,534666.45,1.35,0,sobrado,Sudeste,-1.477,1,168.45
50876,187.3,184.3,12.4,752837.95,14.09,0,casa,Nordeste,-1.0643,1,368.67
52597,90.4,90.8,12.4,215626.13,5.17,0,casa,Nordeste,0.2275,3,167.9
52297,78.5,79.6,4.7,324736.01,28.61,0,casa,Nordeste,0.1001,1,42.87
55620,93.6,90.8,9.9,2045851.86,9.99,0,casa,Sudeste,0.2595,1,178.87
54081,65.9,66.2,14.9,297314.75,9.08,0,kitnet,Sudeste,0.8553,2,403.66
50884,137.9,135.4,79.9,539625.55,0.2,0,apartamento,Norte,0.0349,2,2870.88
50490,138.0,139.2,,697390.66,3.86,2,apartamento,Sul,-0.2061,2,2256.16
54455,104.7,104.0,,315929.06,35.46,1,apartamento,Sudeste,-0.2317,3,993.02
55505,68.2,68.1,1.8,288829.39,0.39,0,casa,Sudeste,2.2628,3,120.32
50339,99.5,96.9,2.6,366110.01,3.81,1,kitnet,Nordeste,-1.211,3,1196.42
50822,77.1,78.6,,314975.12,5.77,1,casa,Sul,-0.1771,0,630.21
50492,115.2,115.4,5.2,496632.13,4.28,0,casa,Nordeste,0.7851,0,297.72
50665,244.0,239.5,18.8,1021958.63,14.4,1,casa,Centro-Oeste,-0.1801,2,611.96
55634,128.6,131.7,,422425.98,1.89,1,kitnet,Sudeste,-0.2192,1,824.13
50327,98.7,97.2,38.4,442108.16,,0,casa,Sudeste,-1.1384,0,327.92
55201,288.4,295.8,8.7,1143399.59,7.13,0,casa,Nordeste,-1.5547,2,100.69
50139,121.2,120.1,9.8,466511.51,7.08,0,sobrado,Sudeste,0.3702,3,227.83
54502,174.4,178.6,0.5,602562.82,4.63,0,kitnet,Sudeste,0.3468,1,36.76
52622,146.5,143.6,10.6,639647.1,6.5,0,casa,Centro-Oeste,-0.0621,2,253.04
53666,244.8,248.5,37.6,1003294.8,4.64,0,casa,Sul,0.7896,0,231.35
50250,208.7,212.7,,832945.97,18.47,0,apartamento,Sudeste,0.9162,0,841.37
52821,162.7,160.8,18.7,550703.3,0.21,0,sobrado,Sul,-1.8499,0,628.88
53720,111.9,114.9,1.0,422244.71,43.56,0,casa,Sudeste,0.9286,0,30.0
53546,65.7,66.6,1.6,261900.74,3.68,2,sobrado,Sudeste,0.5164,2,2973.45
54020,123.5,121.3,2.7,303072.94,0.2,1,casa,Sul,-1.0685,0,1645.73
52390,247.5,248.3,7.8,970885.07,15.88,1,casa,Sudeste,0.5272,3,2665.0
54007,142.9,143.8,14.7,563562.22,5.91,0,apartamento,Sul,-0.0657,1,320.28
51000,122.8,125.9,12.5,561857.14,5.51,1,casa,Nordeste,0.1704,0,1240.0
52628,41.4,40.2,13.1,101032.61,3.95,1,casa,Norte,0.0641,0,1400.69
52837,122.3,122.5,75.0,416844.72,15.03,1,apartamento,Norte,-1.0856,1,1942.29
55468,60.0,59.4,8.0,186715.76,4.81,0,apartamento,Sul,0.9062,0,106.54
53360,52.9,53.2,24.2,217298.52,1.19,1,apartamento,Norte,1.0469,0,463.47
52583,83.4,82.4,,218927.28,1.92,1,casa,Sudeste,0.6133,3,827.14
54781,132.8,136.5,14.2,549963.6,2.53,0,apartamento,Nordeste,-1.0721,3,196.42
50043,155.6,159.8,47.5,653747.08,2.41,0,casa,Nordeste,0.6524,0,653.04
55389,65.5,66.9,3.1,275523.38,0.54,0,casa,Sudeste,-0.5359,2,198.7
52128,143.3,139.8,16.1,515069.97,5.23,0,casa,Sudeste,0.3616,3,306.15
50270,95.2,97.7,4.8,387464.0,8.51,1,sobrado,Nordeste,0.3843,1,1887.76
55600,102.8,102.4,0.9,387698.01,0.53,0,casa,Centro-Oeste,-0.0654,2,44.55
50511,105.2,104.4,8.3,444565.73,3.48,0,cobertura_duplex,Sul,0.0734,0,87.74
51323,244.4,244.0,36.0,1010907.85,0.91,0,apartamento,Sul,0.4549,2,1160.17
52871,237.7,241.8,12.6,750366.8,9.55,1,casa,Norte,-0.3314,2,620.39
55362,151.9,148.5,,577000.46,0.95,1,apartamento,Sul,0.7113,3,2441.3
55250,130.0,126.1,21.2,565033.41,2.87,0,sobrado,Nordeste,-0.8505,1,849.3
54329,108.0,105.7,0.9,427431.62,3.85,1,sobrado,Centro-Oeste,-1.0566,1,327.86
51286,138.5,135.3,45.5,368094.97,8.52,0,apartamento,Sudeste,0.2281,0,1065.69
54093,133.6,130.6,9.8,562138.08,5.2,0,casa,Sudeste,1.1122,1,131.49
55885,123.7,120.7,5.8,418351.77,2.96,0,sobrado,Sudeste,-0.7939,1,145.35
54823,124.7,123.8,,339225.04,17.87,0,sobrado,Sudeste,-0.7302,1,244.12
53139,167.0,166.7,2.0,684256.94,1.04,2,apartamento,Centro-Oeste,-0.8157,1,1857.69
52950,120.2,123.1,25.2,508556.52,15.2,0,casa,Sudeste,0.4902,3,945.61
50512,55.2,55.1,45.4,229037.97,7.77,1,apartamento,Norte,1.2127,2,2973.81
50810,69.2,69.9,21.7,234754.0,4.77,0,casa,Nordeste,-0.5563,1,374.54
55522,143.4,143.1,12.9,669207.64,3.13,0,apartamento,Sudeste,0.1337,3,788.58
54788,134.0,134.1,3.6,594076.85,7.49,0,casa,Nordeste,-1.0407,0,62.74
51679,122.6,122.7,6.8,408714.91,2.26,0,casa,Sudeste,1.4089,0,94.03
50815,232.7,229.1,16.0,713340.87,13.94,0,apartamento,Sudeste,-0.6937,1,392.51
53309,108.5,111.7,27.6,397000.71,4.76,0,casa,Sudeste,0.2538,0,329.21
53625,135.8,132.0,41.0,526024.97,8.49,0,casa,Sudeste,1.7391,1,1275.95
55857,52.1,53.1,0.0,222404.59,4.04,0,apartamento,Sudeste,1.2875,2,91.42
54586,73.9,74.8,0.7,301362.72,3.44,1,kitnet,Sudeste,-0.3625,3,1393.89
50279,103.2,100.8,20.1,456588.78,9.87,0,apartamento,Sul,1.4839,2,185.12
54536,72.3,73.8,3.8,222627.24,24.89,0,apartamento,Sudeste,1.356,3,30.0
52298,66.1,66.4,10.6,242114.19,2.62,0,sobrado,Sudeste,-0.3081,3,140.91
52403,154.6,150.7,4.9,845848.46,0.78,0,apartamento,Norte,0.5791,2,325.61
54877,136.9,140.2,14.7,559295.39,16.07,0,casa,Norte,-0.7851,3,172.18
53901,75.5,73.8,16.9,286478.25,7.88,0,casa,Nordeste,-0.2156,0,367.02
53809,104.3,102.5,5.7,391147.65,0.83,0,apartamento,Centro-Oeste,-0.1357,0,143.08
55275,154.6,155.6,17.1,380126.42,0.4,0,casa,Sudeste,-0.6463,1,485.34
53827,47.0,47.4,2.8,174458.7,2.36,1,casa,Sudeste,-0.6662,3,1277.05
55814,153.2,153.8,15.1,590230.24,5.3,2,apartamento,Sudeste,-0.3914,2,2701.13
52912,190.2,194.0,2.4,826601.51,6.49,1,casa,Nordeste,0.0457,2,854.7
54438,183.8,178.9,18.3,849466.44,1.99,0,casa,Nordeste,0.3915,1,336.46
53274,90.2,89.8,8.4,375631.0,15.75,0,casa,Centro-Oeste,-0.1357,3,182.08
54158,173.9,169.9,15.2,662414.92,2.7,0,casa,Sudeste,0.5746,3,266.13
55232,47.6,47.4,11.5,189114.09,7.98,1,apartamento,Sudeste,-0.1534,2,819.34
50171,57.8,56.6,16.3,213106.26,4.6,0,sobrado,Sudeste,1.5237,1,299.94
55833,122.8,123.3,2.3,503999.12,8.84,1,sobrado,Centro-Oeste,-1.2737,2,805.88
54293,66.2,68.0,2.4,222796.3,5.29,0,casa,Norte,0.8697,0,67.2
55775,129.0,129.9,2.9,476786.45,3.12,2,apartamento,Sudeste,-0.2877,2,2339.99
55565,182.6,186.8,8.7,884368.74,0.63,0,casa,Nordeste,-1.3001,0,201.37
53866,51.2,51.6,1.9,206764.66,7.62,0,casa,Sul,-0.2604,1,37.45
50309,164.5,160.2,10.7,538016.5,4.84,0,kitnet,Nordeste,0.2673,2,128.28
51827,102.5,101.7,17.8,396118.55,1.75,0,apartamento,Centro-Oeste,-0.7659,0,317.19
55858,43.4,43.1,14.8,219553.77,2.74,0,casa,Sudeste,-1.8674,3,601.75
55335,73.1,73.6,7.9,308557.43,5.32,1,casa,Sul,0.2797,2,899.76
51981,134.6,133.8,3.4,577714.18,0.97,0,sobrado,Nordeste,-0.8688,0,415.5
51779,159.7,160.2,2.7,603952.53,2.19,0,apartamento,Sudeste,-0.243,1,89.68
50111,140.0,136.8,2.6,613561.12,0.2,0,casa,Sudeste,0.9418,3,165.8
51539,72.3,72.5,,299434.07,3.98,1,sobrado,Norte,0.2558,2,670.23
54913,120.7,118.5,4.4,496901.05,3.23,0,cobertura_duplex,Sudeste,1.0831,0,132.08
51758,94.7,94.7,18.9,320446.28,4.07,0,apartamento,Sudeste,-0.0031,2,415.67
54656,152.4,156.7,26.0,367357.58,17.12,0,apartamento,Nordeste,1.6388,2,694.96
51538,86.2,88.3,14.8,283702.49,9.43,0,casa,Nordeste,-0.6752,3,211.63
50970,83.5,82.0,2.6,403511.8,7.54,0,sobrado,Centro-Oeste,1.1129,1,89.35
55305,58.8,58.8,16.6,200458.99,3.03,0,apartamento,Norte,-1.3653,2,392.67
51188,162.2,166.3,0.5,536041.09,,0,casa,Sul,0.0616,0,230.92
54852,167.0,164.0,24.6,769380.24,13.18,0,casa,Nordeste,-0.4885,3,240.54
55824,124.1,121.3,0.0,365908.81,5.83,0,casa,Nordeste,-1.5768,3,35.62
52441,95.4,97.3,4.5,273547.57,7.66,0,apartamento,Sudeste,-0.2572,1,158.16
54173,138.4,136.1,22.8,574452.32,6.18,1,casa,Sudeste,1.4688,3,1040.9
53504,147.8,147.3,12.1,5229018.0,,0,casa,Centro-Oeste,-1.0944,1,190.2
50262,107.1,104.5,33.4,510861.6,3.68,1,apartamento,Norte,-1.6528,1,878.74
50198,79.2,78.8,12.7,380433.29,1.26,0,casa,Nordeste,0.1725,3,139.04
52288,85.6,86.7,3.8,361181.57,8.36,1,casa,Sudeste,1.607,2,800.61
50721,55.5,55.8,43.6,223622.3,0.2,2,casa,Nordeste,-1.0328,3,3262.35
52220,217.6,218.1,26.5,847182.31,4.15,2,casa,Sudeste,-0.6144,3,1278.64
53923,47.4,46.8,18.7,189316.86,0.2,0,casa,Norte,-0.32,3,248.01
53876,48.0,47.0,76.2,214144.23,14.91,0,apartamento,Sudeste,-0.5116,1,627.57
55405,138.0,135.6,15.7,553320.79,3.56,0,apartamento,Sudeste,1.5138,0,190.13
55063,85.7,83.6,7.2,241323.54,3.6,1,casa,Sul,0.6021,0,846.98
55675,282.3,290.3,5.5,1069461.79,5.71,0,sobrado,Sudeste,0.0822,1,236.72
53882,76.3,75.4,,332684.14,1.86,0,apartamento,Sul,0.0659,3,501.78
52018,144.2,143.5,0.9,648917.98,0.46,2,apartamento,Sul,-1.0367,1,5720.49
55831,126.7,124.8,32.1,454212.59,23.69,0,apartamento,Centro-Oeste,-0.0441,2,278.05
50431,163.2,165.6,,370600.73,3.19,2,apartamento,Nordeste,0.3065,0,6746.12
53084,206.6,203.1,3.6,1066073.33,2.42,0,casa,Sudeste,-0.2501,1,123.03
53258,90.4,91.9,3.8,306792.37,6.39,0,casa,Sudeste,0.4637,2,193.38
51617,62.2,62.4,12.9,242667.5,4.88,0,apartamento,Centro-Oeste,0.8087,3,356.82
54352,109.6,109.4,13.6,281867.36,14.25,0,apartamento,Sul,-0.1078,2,138.95
50106,119.1,120.3,10.6,476219.33,10.09,0,apartamento,Sudeste,-0.2764,3,313.37
54590,302.7,298.1,44.6,1423864.46,8.39,1,apartamento,Sudeste,0.1402,3,1703.72
51226,84.0,84.7,25.1,309725.37,2.68,0,apartamento,Sudeste,-0.0247,1,348.22
51039,249.7,249.5,10.9,918286.08,1.14,0,casa,Nordeste,0.574,1,389.76
52522,107.0,104.6,13.6,452337.9,8.41,0,casa,Sul,-1.3177,0,235.34
55286,154.0,150.0,2.0,519541.09,6.08,0,casa,Centro-Oeste,-1.1903,0,69.25
52413,245.3,250.7,23.6,761672.05,11.04,0,casa,Centro-Oeste,0.3102,2,511.04
53574,159.3,156.1,23.2,475788.74,5.78,0,casa,Centro-Oeste,-0.8695,0,393.96
50513,68.0,66.4,39.3,259045.31,1.93,1,apartamento,Centro-Oeste,1.282,1,5722.22
51725,73.1,72.0,3.5,220767.74,3.29,0,sobrado,Sul,0.5528,2,116.2
54757,243.3,248.1,0.9,1111590.82,0.48,0,apartamento,Centro-Oeste,-0.3889,1,275.33
55943,210.1,210.0,20.1,710467.09,18.55,1,casa,Centro-Oeste,0.1344,3,1153.14
51822,84.1,82.5,3.9,287167.87,8.4,0,sobrado,Sudeste,0.0572,1,111.69
54663,122.8,123.8,3.3,375372.97,17.9,0,apartamento,Centro-Oeste,0.3388,2,68.65
52677,103.9,105.9,0.5,303274.49,6.43,0,casa,Sul,1.0229,1,41.82
53704,136.3,137.4,42.1,552126.36,4.73,0,apartamento,Centro-Oeste,0.7075,2,983.09
55658,189.2,185.5,0.6,774114.29,3.33,0,apartamento,Nordeste,-1.0672,2,89.97
51964,94.5,93.9,24.9,339915.26,0.31,1,apartamento,Sudeste,-0.8157,0,945.52
51339,166.1,170.8,1.4,751254.64,9.94,0,casa,Sudeste,0.1214,2,35.48
55545,171.5,172.1,8.6,758598.87,9.82,0,casa,Nordeste,-0.0916,0,171.1
50301,75.9,77.4,5.8,329080.47,4.03,0,casa,Nordeste,-0.695,2,139.22
54786,75.1,73.6,14.4,255120.92,0.24,0,casa,Centro-Oeste,-0.0987,1,321.63
52642,127.2,124.4,12.3,514671.45,14.21,0,casa,Sudeste,-0.3709,1,389.64
50310,114.5,116.0,21.9,402488.1,7.82,0,kitnet,Sudeste,-2.3803,2,737.39
52783,137.4,140.8,4.4,535209.88,0.51,0,casa,Sudeste,-0.4516,1,293.77
51322,159.7,162.7,16.2,705249.35,7.6,0,apartamento,Sudeste,-0.2063,3,354.63
53708,110.1,108.7,46.9,396227.76,5.73,1,casa,Sudeste,-0.1092,2,1198.9
55721,229.7,229.7,3.8,647509.18,8.98,0,casa,Sul,-0.2693,0,55.69
55971,194.1,193.1,7.1,568093.74,14.93,0,kitnet,Sudeste,0.3606,1,63.18
55462,102.6,104.5,20.3,410938.44,12.13,0,casa,Sul,-0.0586,0,214.43
55896,148.7,151.9,27.0,649753.97,2.24,0,apartamento,Sul,0.7763,3,450.07
55310,136.8,135.5,16.8,309400.23,20.46,0,apartamento,Sudeste,1.116,0,122.17
51588,140.7,142.3,1.7,527346.66,36.48,0,apartamento,Centro-Oeste,0.4685,0,30.0
55464,80.2,78.9,18.8,351887.9,11.12,0,sobrado,Centro-Oeste,-0.3756,3,355.33
53644,202.1,206.9,7.9,917784.06,1.76,0,casa,Sudeste,-1.0608,3,353.12
55242,146.3,143.8,,592643.06,23.86,0,casa,Sudeste,-1.0304,2,41.35
55542,75.0,74.2,12.9,341304.66,8.82,1,casa,Sudeste,0.2344,0,1079.89
55387,52.5,52.6,24.3,246655.38,9.66,0,casa,Sul,0.564,2,211.95
52430,75.9,76.8,3.0,357027.79,12.96,1,casa,Sul,0.723,1,310.7
55221,74.4,74.8,27.2,259197.76,3.45,0,apartamento,Sudeste,-1.9094,1,481.89
50915,117.4,119.2,2.7,393583.32,5.6,0,apartamento,Centro-Oeste,0.3612,1,74.74
54356,149.6,152.5,20.6,370037.74,0.78,1,apartamento,Sul,-0.4465,0,2249.03
53878,110.5,107.8,8.7,567998.78,2.04,0,casa,Centro-Oeste,-1.2627,2,202.44
52320,48.3,48.9,3.3,243567.05,9.74,1,casa,Sul,-0.3257,1,1375.57
55224,80.5,79.7,20.5,347918.28,2.43,0,apartamento,Sudeste,0.0631,1,560.23
54090,394.1,390.7,12.2,1910757.33,2.96,1,casa,Sudeste,-1.8553,1,1323.24
55939,71.9,71.0,15.0,169406.35,3.64,1,apartamento,Nordeste,0.2202,1,932.36
55481,188.4,185.7,35.5,578524.44,13.96,1,kitnet,Sudeste,1.1182,1,1389.41
51966,83.6,86.1,27.0,389124.99,9.55,1,kitnet,Sudeste,0.9206,1,1791.12
50075,117.1,117.3,4.4,317337.26,12.25,2,casa,Sudeste,0.4248,0,1920.23
51401,170.1,166.3,12.3,546035.0,3.6,1,apartamento,Sudeste,0.0211,3,1211.58
55791,211.1,206.2,2.8,881163.78,2.06,1,casa,Nordeste,0.1158,3,361.48
54513,82.7,81.6,4.0,338540.64,2.13,0,casa,Nordeste,-0.0556,3,144.65
52416,118.8,115.2,22.2,315814.47,22.57,0,casa,Sudeste,-1.1055,3,634.89
52801,101.1,98.4,0.9,319663.32,10.74,0,casa,Sudeste,0.3987,3,30.0
53532,282.3,286.2,,1201529.18,1.77,0,apartamento,Sudeste,-0.2631,2,443.05
54844,103.8,102.8,9.7,392877.93,2.92,1,casa,Sul,0.7494,1,700.54
54042,223.5,227.2,14.3,687322.39,3.42,0,apartamento,Nordeste,-0.1602,1,317.73
54492,130.3,129.4,12.7,522476.74,2.8,0,apartamento,Sudeste,0.2748,3,140.86
53249,67.4,68.4,3.7,292401.66,0.24,0,apartamento,Sul,0.3237,1,174.23
54914,230.5,226.5,14.9,923428.29,0.3,0,apartamento,Sudeste,0.092,3,327.89
52408,73.9,75.8,3.4,294218.17,1.01,0,apartamento,Nordeste,1.1011,2,247.28
53211,133.6,137.6,29.4,587788.07,7.34,0,apartamento,Sudeste,0.4153,1,226.52
52668,73.6,72.5,16.1,249070.05,5.27,1,casa,Norte,0.423,0,767.88
55048,146.7,144.1,1.4,522513.45,13.06,0,apartamento,Sudeste,1.9672,3,30.0
50986,118.4,118.7,,471086.13,8.63,0,casa,Centro-Oeste,-1.1651,0,165.16
52082,96.5,93.7,8.7,364442.56,0.8,0,casa,Sudeste,1.3364,0,201.92
54725,145.7,143.1,17.5,714935.28,3.58,0,sobrado,Nordeste,0.0457,2,358.31
52424,104.0,102.4,12.2,369751.26,1.63,0,kitnet,Sudeste,-1.3107,0,259.25
50101,216.6,220.2,56.1,924374.63,4.06,0,casa,Sudeste,-0.9203,0,1098.98
51486,61.5,62.3,26.7,195930.69,10.38,0,apartamento,Sudeste,1.0388,0,401.27
50594,41.8,40.9,19.8,152010.07,10.0,1,sobrado,Sul,-1.6392,3,1252.96
55472,60.7,62.5,50.0,259002.52,1.82,0,casa,Nordeste,2.1834,0,963.29
51901,138.0,139.9,3.6,363821.94,0.53,0,apartamento,Sudeste,0.5251,0,281.24
51258,98.9,98.8,0.0,400229.5,2.33,1,apartamento,Sudeste,1.0708,1,779.75
50679,53.0,52.5,7.2,213817.04,7.43,0,apartamento,Nordeste,0.5719,3,75.93
52158,125.0,124.1,8.8,493274.72,0.77,0,casa,Nordeste,-0.671,1,559.77
51205,151.0,147.2,,602581.44,2.11,0,casa,Nordeste,-0.8652,1,160.57
52109,107.5,109.2,4.3,450291.22,4.58,0,casa,Sul,-0.3297,0,176.45
51175,104.2,107.0,5.9,469784.62,22.63,0,casa,Centro-Oeste,-0.9505,1,250.16
55750,180.1,180.8,11.4,777817.73,50.06,1,apartamento,Centro-Oeste,1.2346,1,831.86
54131,52.4,51.4,12.9,211158.49,8.28,0,apartamento,Sul,-2.1788,3,150.92
55373,171.6,172.1,20.8,704510.88,2.59,0,sobrado,Sudeste,-0.9277,2,482.87
54770,191.1,192.8,0.3,810966.85,3.84,0,apartamento,Sudeste,0.1582,0,31.45
50948,210.6,208.7,16.0,686437.03,1.87,0,casa,Sudeste,-1.1862,1,396.93
54243,48.4,48.7,35.2,193635.1,2.48,1,sobrado,Nordeste,0.5492,0,1083.17
52968,144.5,146.2,24.8,606483.05,2.51,0,casa,Centro-Oeste,-0.4236,1,670.15
54044,98.7,95.9,15.7,314426.53,6.78,0,casa,Sudeste,-0.7141,1,341.96
52073,136.0,139.6,26.7,527852.31,4.95,0,casa,Sul,1.0951,1,253.05
55027,185.0,188.5,26.3,628512.38,15.04,0,casa,Sudeste,-1.7568,3,201.9
54888,102.1,100.5,8.3,329847.74,0.2,0,apartamento,Sul,1.3208,2,71.23
51312,118.6,119.8,29.7,584923.04,2.73,0,sobrado,Nordeste,-1.0854,2,506.62
50312,114.1,116.3,6.3,403207.14,14.72,0,sobrado,Norte,0.269,1,63.44
53339,122.8,124.5,1.3,521979.34,3.29,0,casa,Sudeste,-0.0912,1,258.42
54899,123.7,121.2,5.3,436803.09,0.7,0,apartamento,Sul,-0.9732,2,111.95
52410,136.6,136.6,20.8,413981.53,11.63,0,apartamento,Norte,-1.3231,1,300.26
54846,98.3,98.8,1.5,410599.02,4.81,0,casa,Nordeste,0.6717,1,108.59
51565,101.0,98.8,6.9,290038.36,1.74,0,apartamento,Nordeste,2.0482,1,620.32
54159,106.1,103.9,13.5,397506.4,4.68,0,sobrado,Sul,-0.0637,2,202.82
53218,183.5,181.9,28.0,684919.11,4.21,0,apartamento,Norte,0.1914,3,853.53
53409,86.1,86.2,24.8,277671.16,7.06,0,apartamento,Norte,0.4198,3,475.86
54248,157.4,159.1,4.7,746006.3,3.22,0,casa,Nordeste,-0.6146,0,211.01
55215,122.8,124.8,6.7,351214.7,1.84,0,casa,Sudeste,0.5265,2,88.1
51611,76.3,75.2,12.9,299666.46,12.5,0,apartamento,Sudeste,0.8793,2,116.97
51381,84.9,84.2,2.4,213064.08,2.24,0,casa,Nordeste,0.4591,0,302.76
50407,57.6,56.6,8.2,187957.33,3.01,0,kitnet,Sul,1.626,0,200.98
54151,214.5,220.0,35.4,729383.92,7.25,0,apartamento,Nordeste,-1.494,2,582.89
51677,156.0,158.1,7.9,529185.32,2.7,2,apartamento,Norte,-1.1488,2,2299.92
55321,92.2,90.2,2.9,236645.65,4.15,0,casa,Nordeste,-1.1217,3,178.51
51335,176.4,173.9,32.8,355317.84,0.35,0,apartamento,Sul,0.6639,0,528.44
50255,113.1,111.2,2.0,516342.97,0.2,1,apartamento,Norte,0.7476,0,892.85
53794,77.7,76.2,24.8,277143.17,12.79,0,casa,Sudeste,-2.4991,1,291.31
52919,140.3,137.4,21.6,493960.99,,0,sobrado,Sudeste,-0.0604,1,408.37
52941,63.5,61.6,9.5,232325.45,8.08,0,casa,Sudeste,0.1451,0,276.16
55040,76.7,77.1,7.6,233705.63,0.49,0,apartamento,Sudeste,-0.507,2,262.5
51801,90.0,92.5,11.9,338976.89,0.75,2,casa,Sul,-0.2397,2,4170.08
54932,80.6,81.2,25.5,285456.04,1.77,0,casa,Nordeste,2.5441,0,460.83
55788,69.4,71.1,5.1,294236.58,0.33,0,casa,Sudeste,0.7125,3,117.45
55005,71.4,72.6,5.3,241700.11,10.03,0,apartamento,Nordeste,-1.7272,0,199.82
53881,129.7,131.4,88.2,382215.88,3.03,0,casa,Sudeste,-1.3721,0,2894.62
53919,126.8,128.7,10.9,647394.44,,0,apartamento,Sudeste,0.0254,1,507.58
50335,77.4,76.8,15.1,290479.88,3.51,2,casa,Sul,1.077,1,4912.4
50551,311.4,312.3,52.3,1402129.42,10.26,0,casa,Sul,0.0278,1,1279.56
53333,138.4,138.7,3.0,409701.6,3.34,0,casa,Nordeste,-1.095,1,144.57
55012,111.1,111.5,29.9,504133.47,9.53,0,apartamento,Centro-Oeste,0.3327,2,346.66
53911,174.8,176.6,4.3,711865.9,6.84,0,kitnet,Nordeste,0.2875,1,188.21
51716,85.2,85.9,36.5,386528.63,2.5,0,apartamento,Nordeste,0.4135,3,907.83
54623,183.9,182.5,32.6,798720.42,7.28,0,casa,Sudeste,1.2776,1,486.98
54829,132.9,130.9,28.0,546704.72,,0,casa,Centro-Oeste,0.1203,1,374.44
53899,170.0,166.2,13.0,529463.35,11.93,0,apartamento,Sudeste,1.4086,1,195.42
51249,170.7,174.6,30.2,679040.46,8.03,0,casa,Sudeste,0.5935,2,686.84
54733,101.7,103.4,,341096.55,6.64,0,apartamento,Sudeste,0.1123,2,408.5
54236,100.5,100.0,10.7,471217.04,3.93,1,apartamento,Sul,-0.3509,1,1762.58
51880,138.6,139.8,74.5,657063.08,1.43,0,apartamento,Nordeste,1.5955,0,1241.93
51097,86.2,88.2,14.0,194511.83,3.17,1,apartamento,Sudeste,-0.2321,3,807.89
52918,123.1,123.8,13.6,522736.86,0.51,0,apartamento,Sul,-0.755,2,270.95
55767,174.6,171.2,11.8,634686.08,5.69,0,apartamento,Centro-Oeste,-1.3601,2,135.83
51841,90.7,91.3,42.8,277121.76,0.27,0,sobrado,Nordeste,0.1976,3,498.13
50091,117.9,119.7,,428794.13,1.22,0,casa,Sudeste,0.084,3,589.24
50907,188.4,193.0,5.7,790128.68,9.54,0,apartamento,Centro-Oeste,0.9671,1,47.62
54657,86.2,88.5,12.7,248475.23,1.09,0,casa,Sudeste,-1.4223,0,170.71
51628,100.0,100.1,5.4,468741.44,3.82,0,apartamento,Centro-Oeste,-0.2872,3,126.26
50102,47.2,45.9,11.4,228450.72,0.75,0,apartamento,Sudeste,0.04,2,348.21
51866,55.6,54.4,10.6,149578.81,3.51,0,kitnet,Centro-Oeste,0.3942,2,245.68
51193,101.5,104.0,4.1,401132.76,28.09,0,casa,Centro-Oeste,1.2734,3,35.96
51884,129.6,132.6,22.8,475767.9,0.34,0,sobrado,Nordeste,1.4879,2,1202.68
51416,171.2,169.2,8.1,627242.81,13.24,0,casa,Sudeste,2.2357,1,205.8
52326,117.3,115.2,38.4,496462.94,6.03,1,apartamento,Sudeste,0.0522,1,1117.99
52144,168.8,173.4,20.6,638116.77,0.45,0,casa,Norte,-2.4046,0,460.37
52233,184.3,184.1,9.8,675639.7,1.8,0,casa,Nordeste,1.2726,3,247.02
52704,178.5,182.7,3.5,559770.47,1.18,0,casa,Sul,-0.7078,0,90.2
50208,85.1,86.2,0.4,203175.79,4.27,0,casa,Centro-Oeste,-0.6455,1,83.44
55427,110.2,111.9,31.0,458307.76,8.26,0,sobrado,Sudeste,1.3605,3,672.69
51007,112.9,114.1,2.2,466172.81,0.25,1,kitnet,Sul,-0.2025,0,801.89
50019,120.1,118.9,6.7,375882.76,0.96,0,sobrado,Sudeste,0.2096,2,395.3
53198,76.2,74.2,28.3,315248.38,0.87,0,sobrado,Sul,0.976,1,496.57
51316,63.1,63.9,26.7,156556.01,13.18,0,casa,Sudeste,0.874,0,236.35
50054,147.1,147.1,16.6,535458.71,18.02,1,casa,Centro-Oeste,-1.2151,0,4199.92
53577,130.1,131.4,4.0,564977.71,0.6,0,casa,Nordeste,2.1675,3,245.37
52295,85.8,84.2,16.8,384833.73,6.3,1,casa,Centro-Oeste,1.2795,0,557.53
54491,88.3,87.1,53.0,250764.77,1.61,0,casa,Sudeste,0.7536,3,383.76
55191,39.8,39.3,52.7,159609.63,1.77,0,apartamento,Sudeste,0.2278,2,471.45
54211,229.5,230.8,4.2,899078.8,13.86,0,casa,Nordeste,-1.0192,0,89.22
52313,105.3,102.6,3.5,368724.63,10.19,0,casa,Sudeste,1.4687,0,54.88
51537,85.6,86.9,1.8,250742.11,0.34,0,apartamento,Nordeste,-1.2338,2,209.13
50155,105.1,105.9,31.4,526407.14,11.29,0,casa,Sul,-0.3348,0,991.34
53185,55.2,55.6,46.1,242285.78,6.13,2,casa,Sul,-0.0278,3,1831.86
50750,106.3,106.0,7.3,381944.76,15.07,0,casa,Sul,-0.1954,1,177.1
54813,141.9,140.0,12.8,533207.23,11.21,0,apartamento,Sudeste,-1.2043,2,100.04
52130,63.0,61.8,0.8,250224.52,0.4,1,casa,Sudeste,1.2373,3,561.87
52170,70.0,69.5,0.5,276501.66,0.2,0,apartamento,Sudeste,0.6464,0,75.61
55285,324.9,330.2,38.7,1107945.04,6.54,0,casa,Nordeste,0.6038,3,614.26
50484,161.1,159.4,75.2,605528.93,1.85,0,apartamento,Sul,-1.2434,2,1563.57
52037,95.3,97.5,0.3,311869.93,0.2,1,kitnet,Nordeste,-0.1736,1,1161.92
52662,196.1,201.3,26.4,738204.28,24.06,1,casa,Nordeste,0.0086,2,1095.93
51350,288.5,284.3,10.9,959444.45,16.58,1,casa,Nordeste,0.6651,0,1339.89
52482,85.0,86.9,3.5,469822.28,0.61,0,kitnet,Norte,-1.0252,2,458.88
55148,202.1,203.8,10.4,632968.98,0.89,1,casa,Sudeste,0.439,0,737.29
51345,70.5,72.6,36.5,197554.49,9.31,0,casa,Sudeste,-0.7818,3,957.18
55076,99.9,99.0,26.6,322902.93,7.86,0,apartamento,Norte,-0.0568,0,471.33
52737,90.0,87.6,8.4,237572.23,4.75,0,apartamento,Sul,0.5065,3,167.17
51146,96.7,94.9,40.3,482861.4,12.37,0,casa,Sudeste,-0.543,1,397.65
50193,109.7,111.5,30.3,481375.0,8.15,1,kitnet,Sudeste,0.1786,2,1274.45
54746,184.5,181.3,2.5,643189.89,3.7,0,apartamento,Sul,-0.418,3,113.62
54134,142.6,140.4,45.3,388475.37,8.02,0,casa,Centro-Oeste,1.2831,2,640.42
55993,143.6,145.2,0.0,536819.5,3.52,1,casa,Sudeste,0.2126,3,2302.19
50640,110.0,108.9,24.3,279283.13,1.6,1,casa,Norte,0.6782,0,1503.84
54907,83.4,82.3,0.1,300522.53,,0,kitnet,Sudeste,1.5032,1,113.1
52698,219.1,219.0,4.9,637473.32,2.38,0,sobrado,Nordeste,-0.7845,1,136.68
51076,59.9,59.4,6.0,269684.05,0.85,2,sobrado,Nordeste,0.7395,0,9326.38
53869,170.1,168.4,15.3,813068.1,4.64,0,casa,Nordeste,-0.1841,1,277.34
54079,93.2,95.6,29.2,395018.26,13.23,1,casa,Sul,0.8951,0,1680.81
55579,170.6,175.3,55.4,712840.76,0.2,1,sobrado,Sudeste,0.9389,3,2100.29
53880,51.7,50.3,2.7,175612.1,2.28,0,apartamento,Sul,0.0242,1,125.6
54435,152.5,153.5,3.3,649983.68,3.04,0,casa,Sudeste,0.4772,1,127.44
52363,162.4,157.5,9.8,561539.43,0.2,1,apartamento,Centro-Oeste,-1.1111,3,899.99
55789,64.0,63.6,0.5,271379.53,9.67,0,sobrado,Nordeste,-0.5435,3,58.36
50293,79.7,80.1,13.8,308902.65,0.49,0,kitnet,Sul,1.3023,2,322.32
51676,74.8,74.7,4.9,290507.47,1.33,0,casa,Sul,0.2795,0,151.86
52765,100.7,103.6,61.7,385652.5,0.54,0,apartamento,Sul,1.2521,1,573.42
52238,76.8,75.9,16.3,364150.05,3.02,2,apartamento,Sudeste,0.4595,1,1923.11
54881,251.6,255.7,8.6,849794.09,0.24,0,sobrado,Sudeste,-0.4078,1,331.73
50184,46.5,46.9,,213460.65,7.28,1,casa,Centro-Oeste,-0.0905,0,563.33
53423,65.5,63.5,4.7,207890.36,13.89,0,apartamento,Sudeste,1.0736,1,123.17
51664,113.9,113.4,12.9,332296.14,4.79,0,casa,Sudeste,0.5148,2,345.95
51661,116.7,113.2,,406081.73,2.64,0,apartamento,Centro-Oeste,1.0463,1,174.18
51154,97.7,94.9,46.5,324416.69,3.96,0,kitnet,Sul,-0.7259,1,1636.29
53767,218.8,223.1,23.3,663667.02,3.69,0,sobrado,Nordeste,0.8361,3,336.48
54678,122.9,123.9,0.5,349457.3,1.53,1,sobrado,Sudeste,0.6335,1,1292.9
52582,117.9,115.2,24.2,498796.77,6.29,0,casa,Sul,1.7814,2,783.1
54575,77.2,75.1,9.7,201982.38,4.91,0,casa,Sudeste,-1.4221,2,266.69
51227,120.4,120.3,12.4,458904.41,8.07,0,apartamento,Sudeste,0.3757,1,210.76
50974,145.3,142.1,6.9,585112.86,12.95,0,apartamento,Norte,0.146,3,252.39
53588,105.0,106.4,10.7,414076.53,4.96,0,apartamento,Norte,-1.0642,3,152.13
53406,251.4,256.4,12.6,735414.59,4.02,0,casa,Sudeste,0.4143,2,458.18
54842,190.9,192.2,20.1,651905.07,10.92,0,casa,Sul,-0.9658,2,732.11
53982,153.4,148.8,90.0,477330.6,0.88,0,casa,Sudeste,1.456,3,2425.53
55784,170.9,175.7,,528651.87,4.25,0,casa,Sul,-0.1309,2,952.15
55614,184.7,185.9,2.5,860503.67,17.75,0,apartamento,Norte,-1.1856,1,84.24
51228,47.6,48.7,22.1,99476.71,3.87,0,casa,Sudeste,0.5845,3,271.98
51968,105.5,107.0,27.1,379325.15,6.5,0,apartamento,Sudeste,-1.6253,3,725.68
50434,45.6,44.5,22.0,203411.91,0.86,0,apartamento,Sudeste,1.7735,0,757.15
54890,62.0,63.3,2.9,231916.68,4.1,0,apartamento,Sudeste,0.0265,2,91.32
52136,91.5,92.8,14.1,315096.43,11.08,0,apartamento,Sul,-0.5198,1,213.91
52113,38.2,37.7,37.0,134469.21,8.11,0,casa,Sudeste,-0.1149,0,818.88
53792,185.7,184.3,13.5,791775.72,0.3,0,apartamento,Sudeste,-1.23,0,283.62
55907,128.7,130.3,7.9,505399.0,31.31,0,apartamento,Norte,-1.1792,3,105.18
52914,97.5,99.5,0.2,468508.23,14.41,0,casa,Sudeste,0.0291,0,33.65
52316,156.5,159.5,3.7,543352.04,2.71,1,casa,Sudeste,1.6028,1,586.55
52099,139.4,139.0,2.8,507709.86,0.81,1,casa,Nordeste,0.2826,2,814.71
50205,97.1,97.0,7.7,395104.95,1.78,0,casa,Centro-Oeste,-0.6515,3,130.77
51682,140.1,140.1,17.8,599523.88,0.91,2,casa,Sudeste,-0.1558,0,1853.33
55396,123.1,126.1,15.6,528042.99,,0,cobertura_duplex,Nordeste,0.7319,1,130.71
54954,198.5,196.2,2.1,837856.46,21.05,0,kitnet,Sudeste,-0.3305,0,62.54
55239,109.1,109.8,8.5,389993.59,6.07,0,apartamento,Centro-Oeste,0.3902,1,153.68
52395,139.5,135.9,1.8,590453.17,3.36,0,sobrado,Sudeste,0.4627,2,100.42
52656,219.5,225.6,9.2,1017230.24,1.45,0,apartamento,Sudeste,-0.2108,3,713.01
53193,111.2,108.0,15.3,364173.39,24.44,0,apartamento,Sudeste,-0.1376,0,128.26
55725,106.3,106.8,0.6,435178.14,20.11,1,casa,Centro-Oeste,-0.7049,1,501.21
52291,195.9,192.1,4.2,551008.64,10.33,0,kitnet,Sudeste,2.201,0,35.28
50089,91.3,91.1,27.9,379619.44,2.44,0,casa,Nordeste,-1.0308,3,455.32
50644,150.9,150.1,0.8,548492.26,14.1,0,casa,Sudeste,-0.2701,0,30.0
52225,211.2,212.0,25.6,1084100.63,4.77,0,casa,Norte,-0.6293,0,570.03
50823,278.1,274.0,2.7,1266463.61,0.85,0,apartamento,Centro-Oeste,1.1989,1,142.95
55694,96.2,97.5,3.2,369092.97,9.59,2,casa,Nordeste,0.136,3,3240.57
55276,109.3,106.2,1.0,504937.04,18.92,0,apartamento,Sudeste,0.491,1,32.36
50707,194.9,196.6,30.3,872166.66,15.36,1,sobrado,Sul,-0.1918,0,747.53
54239,78.2,80.3,25.4,210911.62,9.31,1,casa,Sudeste,-1.4021,3,3563.44
50785,110.5,108.7,28.8,477336.83,5.7,0,apartamento,Sudeste,-0.6137,2,1065.63
52050,263.1,260.5,23.9,1215513.54,9.53,0,casa,Sudeste,-0.2828,2,946.55
52680,114.1,116.1,6.6,207612.97,1.32,0,casa,Centro-Oeste,0.3329,1,428.83
55318,184.6,186.3,2.8,644058.81,17.29,0,apartamento,Sudeste,-0.94,2,45.03
52156,148.6,149.3,16.7,653749.06,2.93,0,casa,Sudeste,-1.4207,3,225.47
52862,125.5,127.3,7.5,484189.14,4.78,0,casa,Nordeste,-1.1136,0,215.4
50178,112.2,112.0,39.4,446619.44,10.02,1,apartamento,Sudeste,-0.7954,1,868.73
54267,88.6,88.6,38.8,360264.79,1.87,0,apartamento,Sudeste,-0.0102,0,373.09
50412,149.1,144.7,10.5,460706.5,1.6,1,casa,Nordeste,-2.3558,2,1178.56
54674,104.3,102.9,38.9,366696.76,0.22,0,casa,Nordeste,1.0742,2,1048.04
50416,164.4,163.5,37.4,601567.87,1.57,0,apartamento,Sudeste,0.5833,0,604.54
53415,114.7,111.5,14.3,251805.93,4.79,0,casa,Sudeste,2.0819,1,113.71
55655,103.8,106.5,31.8,362195.41,9.97,1,apartamento,Sudeste,-0.367,0,2248.21
53248,164.6,162.5,6.2,773421.92,7.99,0,apartamento,Sudeste,0.6396,3,105.36
54460,101.9,104.0,2.9,318136.12,2.42,0,casa,Sudeste,-0.6522,3,128.25
53401,86.6,88.4,10.1,345137.76,11.11,0,casa,Sudeste,-2.287,2,72.27
52398,51.0,50.4,8.1,1053994.94,1.94,0,casa,Sul,-2.1532,0,287.98
50740,91.0,89.1,24.5,356406.01,3.88,0,casa,Nordeste,-1.4903,2,337.86
50073,117.4,114.1,20.1,393318.82,0.72,0,apartamento,Sul,1.1742,0,303.04
55371,98.3,99.2,2.5,376318.48,8.7,0,casa,Sul,0.8717,3,40.78
52208,60.8,60.0,18.9,202342.9,37.8,0,casa,Sudeste,0.4751,1,201.83
52360,78.4,79.5,4.8,353661.42,7.56,0,casa,Nordeste,-0.7173,1,45.07
51988,129.0,132.4,2.5,708585.61,9.88,0,casa,Sudeste,-2.0535,0,61.53
54965,171.1,173.5,,598184.67,5.23,0,apartamento,Nordeste,-0.2576,3,45.88
55686,84.0,83.5,,336782.02,2.02,1,apartamento,Sudeste,-0.4337,0,1884.36
51492,103.7,101.5,8.4,462478.75,10.87,1,apartamento,Sul,-0.3746,2,977.95
52202,167.0,165.1,19.5,698077.51,,1,casa,Centro-Oeste,-1.412,1,3593.74
53963,255.3,247.9,16.2,861323.41,1.53,0,casa,Sudeste,0.4737,0,325.05
55354,73.3,71.8,6.7,364423.66,15.18,0,casa,Sudeste,0.2757,0,125.0
55187,228.9,234.3,3.9,793768.8,0.59,0,kitnet,Centro-Oeste,0.4021,0,210.93
52978,132.5,130.3,0.8,370991.84,9.42,1,casa,Nordeste,1.1463,1,937.64
53159,73.8,72.9,18.9,297179.19,,0,cobertura_duplex,Sudeste,-0.3743,1,640.84
52356,138.8,139.3,44.8,461488.47,2.4,1,apartamento,Centro-Oeste,1.1255,3,988.82
53049,160.6,155.8,6.7,680676.98,3.3,0,apartamento,Centro-Oeste,2.1602,0,341.69
50631,264.0,266.6,19.2,902777.1,4.61,1,casa,Sudeste,-0.9686,1,1044.91
52191,270.4,275.3,5.1,1125859.61,0.78,0,kitnet,Sudeste,-0.9101,0,193.92
55829,63.8,64.6,20.0,195299.93,1.77,0,apartamento,Sudeste,0.1159,1,420.47
55120,143.2,145.4,18.4,603751.24,0.2,0,apartamento,Centro-Oeste,2.5578,2,760.25
51080,149.8,148.9,18.4,715586.12,9.23,0,kitnet,Centro-Oeste,1.6681,3,187.79
52035,151.7,150.1,28.7,507201.61,12.85,0,apartamento,Sudeste,2.6356,3,930.77
51166,130.1,128.4,12.1,456350.76,7.0,0,casa,Sudeste,0.6612,2,215.84
55602,112.0,109.6,6.6,299021.6,0.91,0,sobrado,Centro-Oeste,1.1379,3,366.11
53003,113.8,111.4,0.7,417522.39,1.5,0,casa,Norte,0.6573,0,140.63
53627,111.4,113.1,34.3,313266.83,0.4,1,sobrado,Centro-Oeste,-0.359,2,567.91
51802,138.5,135.0,1.5,637709.93,0.77,0,sobrado,Sul,-1.3516,0,116.85
53670,196.9,199.9,7.9,540667.95,11.76,0,casa,Centro-Oeste,-1.0219,2,232.79
54274,78.8,81.0,18.3,273979.16,1.98,0,casa,Nordeste,-0.2382,3,552.68
54594,183.5,178.7,18.7,642911.12,3.73,0,kitnet,Sudeste,-1.964,1,141.04
54023,91.7,94.1,31.7,459848.87,6.76,1,apartamento,Centro-Oeste,0.0486,2,1850.31
54580,73.2,74.0,3.9,256520.57,3.07,0,casa,Centro-Oeste,1.3479,1,100.09
54124,176.3,180.6,8.5,645556.3,11.41,0,apartamento,Centro-Oeste,0.1999,3,159.15
52246,85.3,87.7,,288251.53,3.11,1,apartamento,Sudeste,0.445,2,1557.02
53613,133.4,129.6,5.7,840940.78,3.28,0,casa,Sudeste,1.4119,2,197.23
50081,85.8,85.1,14.4,321606.89,10.56,1,casa,Norte,0.3011,1,832.89
54277,30.0,29.3,39.3,98219.98,1.94,0,kitnet,Sudeste,-0.5086,3,640.05
50877,190.9,195.9,18.4,763819.52,3.91,0,casa,Nordeste,0.8387,0,677.71
51340,85.3,86.6,15.8,312888.62,5.73,1,kitnet,Sudeste,-0.5258,0,1498.31
55948,150.0,147.7,17.5,729223.69,0.2,0,apartamento,Centro-Oeste,1.2771,0,368.59
53387,193.2,188.0,2.5,776912.74,0.3,2,casa,Sudeste,0.4225,0,3162.61
55619,142.3,140.0,13.5,516153.85,9.17,0,apartamento,Sudeste,1.0692,0,155.19
50759,75.0,76.4,12.2,333172.9,0.22,0,casa,Sudeste,-0.7658,1,175.92
52218,110.7,113.2,12.8,349492.24,7.87,0,kitnet,Sudeste,0.1039,1,166.36
51356,132.7,135.3,1.2,497153.93,12.03,0,casa,Sul,-0.0355,1,46.49
53721,135.8,133.3,5.2,544705.62,12.41,1,sobrado,Sul,0.9043,1,1678.18
53094,81.5,81.1,55.6,364253.52,13.65,0,casa,Sudeste,1.3551,3,946.36
51598,323.2,324.9,77.5,1606428.44,22.16,1,casa,Centro-Oeste,-0.0011,1,2817.08
52093,144.8,144.8,25.3,540423.41,1.95,0,apartamento,Nordeste,-0.7148,1,681.28
52515,79.1,77.8,47.6,216163.6,3.36,0,apartamento,Nordeste,2.4173,0,447.26
53178,104.0,101.9,1.1,413677.57,6.87,0,kitnet,Sudeste,1.33,0,103.05
54900,134.2,138.1,12.2,524686.79,1.45,0,apartamento,Nordeste,-0.265,0,404.45
51466,105.6,103.1,21.6,262491.34,4.85,0,kitnet,Norte,0.4271,3,147.3
50319,52.2,52.9,12.4,167986.56,16.58,1,casa,Nordeste,-0.4129,0,641.48
54280,68.3,67.3,11.4,154249.76,0.62,0,casa,Sudeste,0.002,3,351.61
55433,176.1,177.8,17.7,695854.93,9.3,0,casa,Sudeste,-1.0992,1,232.32
55633,91.5,92.0,8.6,268676.42,3.82,0,kitnet,Norte,-0.6315,2,676.32
54884,115.7,114.0,8.6,542993.7,2.87,0,sobrado,Sul,0.7538,1,333.43
55073,90.5,90.4,44.5,313642.82,8.85,1,casa,Nordeste,-0.1299,1,1140.91
52028,140.7,138.6,17.5,355408.01,4.64,0,casa,Nordeste,-0.1806,0,319.39
53983,201.2,206.9,12.9,678397.69,1.23,0,apartamento,Sul,0.2155,3,271.17
54471,203.9,207.8,24.7,834283.06,4.37,0,apartamento,Centro-Oeste,-0.8597,1,806.46
52792,192.9,195.0,13.3,896359.43,8.87,1,apartamento,Centro-Oeste,-1.7963,2,2591.83
54635,123.7,126.7,3.2,665849.73,6.65,2,kitnet,Norte,-0.0354,1,2355.73
50801,47.1,47.5,,150971.49,3.94,1,apartamento,Sudeste,0.9205,3,1541.59
53470,86.9,86.3,34.3,299561.64,4.26,1,casa,Nordeste,1.1921,2,1385.67
54306,374.6,382.1,3.2,1536607.16,4.08,0,casa,Centro-Oeste,0.9563,2,179.17
52512,141.4,141.8,28.7,523302.57,2.1,0,apartamento,Sul,-0.8155,2,1029.73
54161,177.7,174.7,13.5,769615.8,6.63,0,casa,Sul,1.5051,3,82.75
50374,113.7,113.6,0.9,363918.03,0.98,0,casa,Sudeste,0.7271,1,80.8
54938,109.7,108.7,23.5,423006.33,2.1,2,apartamento,Centro-Oeste,-0.6337,1,2587.46
55927,181.3,183.2,19.0,730474.88,0.8,1,apartamento,Sudeste,0.8493,1,1056.83
53527,190.2,190.1,13.0,551610.91,4.5,0,casa,Centro-Oeste,1.1955,0,266.49
51026,232.0,225.7,13.4,868510.18,10.56,0,apartamento,Nordeste,0.0789,3,235.72
54437,109.3,110.7,26.6,376934.13,,0,kitnet,Nordeste,-0.4141,0,475.35
51506,121.1,122.1,12.5,286201.6,3.41,0,casa,Sudeste,-1.0116,3,837.35
53168,179.6,178.7,6.3,562778.63,8.39,0,casa,Nordeste,-0.6288,3,108.82
55099,189.0,187.0,9.0,632907.45,0.48,0,sobrado,Nordeste,-1.1142,2,318.53
50372,203.6,208.8,9.9,901937.2,0.2,1,sobrado,Sudeste,1.0492,3,649.59
55306,45.0,44.6,6.5,150998.35,2.05,1,apartamento,Nordeste,0.0597,1,665.21
54208,198.7,198.4,4.8,887358.23,4.08,0,sobrado,Norte,-1.0388,0,62.17
54892,188.2,186.3,,612754.28,19.38,0,apartamento,Nordeste,-0.1626,0,108.24
55766,95.5,97.4,,414581.28,0.96,0,casa,Norte,-0.183,1,87.76
51325,56.5,57.2,4.7,170523.26,3.12,1,casa,Sul,0.7068,2,1331.13
53859,110.8,111.9,7.1,502404.33,8.88,1,kitnet,Norte,0.0253,2,823.29
51579,142.5,139.9,4.3,349879.59,12.65,0,apartamento,Sul,-0.5446,2,61.9
54192,238.7,236.9,16.4,744485.53,2.96,0,apartamento,Sudeste,0.1344,3,295.77
54869,156.8,159.3,22.8,614860.56,0.5,1,apartamento,Sudeste,-1.5856,0,996.46
53250,107.6,109.0,8.3,376594.32,4.97,2,sobrado,Sudeste,0.6423,1,3231.25
52637,168.8,165.5,36.3,769762.81,5.62,1,casa,Sudeste,0.6448,3,1966.08
54926,94.5,92.7,5.0,353421.54,10.39,0,casa,Sul,2.4319,1,79.72
53737,62.1,60.6,0.8,259435.02,6.66,0,casa,Sul,1.7275,1,32.14
54295,141.2,140.2,0.3,499560.14,2.42,0,casa,Sul,-1.6327,0,75.29
50129,118.8,119.7,20.9,380294.91,6.78,1,casa,Nordeste,-0.1648,2,4527.47
52561,145.2,145.7,2.6,615279.39,1.71,1,casa,Sudeste,-1.292,0,612.17
52119,33.9,33.3,4.9,146768.02,1.95,0,apartamento,Nordeste,-1.0576,3,206.95
51635,81.8,83.8,25.2,271682.56,9.53,0,apartamento,Norte,-1.5221,1,121.69
55673,99.4,99.8,6.1,398174.67,0.34,0,sobrado,Sul,-0.4048,0,206.85
50370,47.3,48.2,34.6,206684.47,6.49,0,sobrado,Sudeste,1.1359,3,522.68
52504,82.1,80.0,7.1,301984.25,0.66,0,apartamento,Sudeste,0.0945,0,294.97
52116,114.8,114.2,18.5,404044.2,11.24,0,apartamento,Norte,-0.5658,0,274.47
55094,49.0,48.6,30.0,184198.78,10.68,1,apartamento,Sudeste,0.6796,1,1174.84
51820,61.2,60.3,0.5,196092.06,,0,casa,Nordeste,-0.7437,0,30.0
50881,120.7,121.5,1.6,333869.94,19.68,0,casa,Centro-Oeste,-0.5061,0,30.0
54327,204.8,206.2,20.9,946408.97,22.16,0,apartamento,Sul,-0.768,1,632.23
50377,67.3,65.4,6.2,275314.71,0.2,0,sobrado,Sul,0.0199,0,115.36
52910,35.3,35.1,25.7,106420.74,3.45,0,apartamento,Centro-Oeste,2.6894,3,354.39
52007,184.5,183.6,6.4,663621.33,10.66,0,apartamento,Sudeste,-0.4563,0,101.51
50432,112.1,112.0,2.9,369986.21,9.84,0,sobrado,Sudeste,-0.5828,3,95.51
55451,201.6,203.1,81.3,890533.97,6.85,0,casa,Sul,1.8507,1,870.95
55225,169.1,173.7,90.0,659465.14,11.7,0,casa,Sudeste,0.2064,2,2946.91
53483,61.0,59.8,43.2,214780.44,9.29,0,casa,Sudeste,-1.0922,0,1580.64
51591,55.7,55.4,0.2,252440.14,3.17,0,casa,Nordeste,0.1169,2,68.41
54268,99.8,100.5,7.3,331800.65,2.14,1,casa,Sul,0.1147,1,1045.03
53727,112.4,112.6,15.4,563036.89,,0,apartamento,Centro-Oeste,0.9469,1,458.06
53863,85.0,87.1,26.5,299306.76,33.51,0,casa,Norte,0.8648,2,496.8
51876,289.4,290.3,,1308944.74,10.41,0,kitnet,Nordeste,-2.8173,3,76.89
52654,234.9,236.5,4.8,1107939.13,,0,apartamento,Norte,-0.5964,2,67.07
50814,80.8,82.3,12.2,309383.66,0.39,0,apartamento,Nordeste,0.5104,3,282.17
52256,182.5,179.2,19.6,801697.65,,0,cobertura_duplex,Sul,0.649,3,218.27
54072,319.9,315.7,11.5,1498040.45,5.9,0,sobrado,Centro-Oeste,2.6359,1,143.7
54112,154.8,151.8,49.6,766973.5,,1,apartamento,Nordeste,-2.9858,2,997.26
52020,145.6,143.5,55.9,530247.48,0.2,0,casa,Sudeste,0.1442,0,804.2
55349,151.8,153.8,11.7,575199.8,5.0,1,casa,Sudeste,1.6085,1,574.35
50367,133.5,136.7,6.8,574907.34,0.62,0,apartamento,Sul,0.1042,3,133.09
53436,100.1,101.9,,449523.56,1.58,0,casa,Sudeste,-1.709,0,327.72
54256,124.1,125.5,18.2,419267.74,24.24,0,casa,Sudeste,-0.7068,3,193.13
55807,190.8,187.8,21.1,967737.88,12.06,0,apartamento,Nordeste,0.9251,2,104.08
54875,70.5,69.7,28.5,237176.68,13.45,0,apartamento,Sudeste,-0.8862,1,473.39
55378,79.7,82.0,4.7,340400.14,1.23,0,apartamento,Nordeste,-0.1248,2,123.98
55980,73.4,75.3,31.3,283210.75,3.26,0,apartamento,Sudeste,-1.89,2,1025.53
55395,241.5,245.4,7.5,1318273.06,9.14,0,apartamento,Nordeste,-1.0103,3,205.11
50239,115.0,117.4,25.4,255516.26,3.31,0,casa,Sudeste,-0.7877,2,727.05
55353,143.6,141.8,0.0,655194.1,7.11,0,apartamento,Sudeste,-1.081,0,34.24
50542,102.7,103.8,11.3,343321.17,12.62,0,sobrado,Sudeste,-0.3107,3,183.52
52725,134.1,133.3,3.9,414269.35,9.35,0,apartamento,Sul,0.1684,2,58.88
52454,167.9,169.1,37.3,432605.94,0.74,1,casa,Sul,1.322,0,2821.22
51459,82.4,81.6,6.9,316829.31,3.13,1,casa,Sudeste,0.1487,2,2026.22
53867,67.8,66.2,17.3,266029.44,1.11,1,apartamento,Sudeste,-0.9363,3,831.27
51903,107.9,108.9,26.9,372689.02,2.68,1,casa,Nordeste,-2.8354,2,693.48
54648,91.8,92.4,17.6,268229.11,4.7,0,casa,Nordeste,-1.0602,3,213.8
50362,259.6,262.7,19.0,973878.28,3.52,0,apartamento,Sudeste,-2.2899,2,169.38
54645,40.4,40.3,47.1,178994.23,14.89,0,casa,Sudeste,0.3988,3,1065.39
52086,42.5,41.7,27.1,188601.09,11.34,1,kitnet,Sul,3.4566,1,1867.99
52988,144.3,143.0,24.8,551711.86,1.4,0,casa,Centro-Oeste,-0.2891,3,565.28
54177,262.8,256.1,,1171659.84,12.75,3,casa,Sul,-0.2602,3,4549.42
51730,135.6,132.3,2.4,481178.07,7.26,0,sobrado,Sul,1.2215,1,119.02
54451,128.2,130.0,6.9,518022.57,8.53,0,kitnet,Sudeste,-0.0599,2,148.47
53607,86.1,86.7,28.2,296027.12,0.85,0,apartamento,Sudeste,-0.1606,1,1255.26
53984,168.1,169.7,9.8,442631.17,2.44,0,casa,Sul,-0.8447,2,282.73
53347,64.1,64.5,17.2,253732.37,8.3,0,apartamento,Norte,1.4027,2,137.33
52083,55.5,54.3,2.5,231768.72,0.32,2,casa,Sudeste,-0.2097,0,2345.19
52845,126.6,127.3,5.0,418629.87,6.36,0,apartamento,Sudeste,-0.9394,2,86.15
54891,90.1,92.4,26.3,340972.63,3.01,0,apartamento,Norte,0.3739,1,919.74
54650,153.0,153.3,8.2,335163.13,4.13,0,apartamento,Sudeste,0.0663,0,187.84
53004,203.6,203.9,2.1,662604.66,15.49,0,apartamento,Centro-Oeste,-1.2196,1,72.83
54789,147.0,150.4,48.2,717772.73,12.29,0,apartamento,Centro-Oeste,-0.0409,2,926.24
51181,97.2,96.6,18.5,205354.52,7.63,0,casa,Nordeste,-0.5909,1,239.43
53599,199.1,203.3,,637826.83,2.73,0,casa,Nordeste,-0.0827,2,102.41
54745,183.2,180.6,18.9,657363.6,1.72,0,casa,Sudeste,0.1794,1,568.78
55409,88.8,87.9,26.9,305880.76,7.49,0,casa,Sudeste,-0.1951,0,436.42
51333,279.1,273.6,75.6,832581.18,8.3,0,casa,Sudeste,0.5514,0,1092.38
54516,105.1,102.6,5.6,598681.37,2.36,0,apartamento,Sul,-0.0622,2,137.45
51229,170.0,170.3,5.0,514481.09,5.59,1,apartamento,Nordeste,0.1462,3,645.5
52780,79.1,80.3,,268931.44,0.48,0,casa,Sudeste,-0.968,0,130.55
52746,275.9,268.6,1.1,874228.98,1.35,2,apartamento,Nordeste,-0.7792,3,3177.15
51534,141.8,145.0,5.6,381474.08,5.11,0,casa,Sudeste,0.5956,0,102.63
53946,175.6,177.5,5.9,556748.02,0.77,0,cobertura_duplex,Sul,0.579,3,173.59
53492,141.9,141.6,79.7,540549.28,13.78,0,casa,Centro-Oeste,0.0417,3,792.98
52305,91.4,89.2,1.1,345185.48,18.08,0,sobrado,Sudeste,1.3907,0,55.32
50960,112.0,111.4,26.0,4292259.91,6.66,0,casa,Sudeste,-1.0183,2,331.51
53313,122.7,124.6,2.0,399353.25,0.9,0,casa,Sudeste,-1.8109,0,398.49
51164,120.6,120.8,2.4,322918.12,14.47,0,casa,Sudeste,-0.6232,0,106.17
54467,196.6,196.1,10.4,661622.4,0.48,0,casa,Norte,-0.0487,1,470.84
51306,179.6,179.2,4.6,714572.96,,0,apartamento,Sudeste,1.0865,1,103.7
52993,96.3,93.8,5.4,214145.89,5.7,0,casa,Centro-Oeste,-0.5152,1,102.03
51575,149.0,150.1,8.3,581506.46,3.02,0,casa,Centro-Oeste,-0.5255,0,173.26
53742,91.1,89.2,15.2,343494.18,6.0,1,casa,Norte,-0.5567,0,1017.47
53834,69.9,69.0,3.1,312940.08,7.32,0,sobrado,Sudeste,1.1111,2,76.93
52548,227.7,233.8,21.3,785650.82,4.23,0,casa,Nordeste,0.8145,2,79.74
55690,90.6,88.7,0.3,372513.6,17.13,1,apartamento,Nordeste,0.4996,1,1568.22
51858,163.8,160.6,10.2,555792.12,3.71,0,apartamento,Sudeste,-0.6297,3,212.82
54354,116.7,113.4,3.0,330541.16,15.57,0,apartamento,Sudeste,0.0499,3,49.81
53835,76.7,78.6,0.9,266629.45,0.53,1,apartamento,Sudeste,1.498,2,845.61
50769,110.6,110.5,2.2,360307.41,5.01,0,kitnet,Sudeste,-1.9857,1,191.7
52061,153.3,152.3,3.1,554562.51,13.96,0,casa,Sul,0.7007,0,30.0
53940,46.4,45.3,21.8,2102140.1,2.54,0,casa,Sudeste,0.1428,1,693.09
53344,61.9,63.2,45.0,156600.35,6.3,1,casa,Sudeste,1.0404,1,1517.07
54210,127.2,126.1,6.5,457835.32,2.48,0,apartamento,Sul,-1.4222,0,42.18
51594,161.1,161.2,9.0,707407.57,0.2,0,apartamento,Sudeste,-0.3433,0,157.67
50957,261.8,256.8,13.8,1001389.69,5.03,0,apartamento,Sudeste,1.3981,3,268.72
52973,119.9,123.3,2.7,459681.82,4.29,0,casa,Nordeste,0.5324,0,170.52
52289,162.6,158.5,4.1,788437.73,2.62,0,sobrado,Sudeste,2.118,0,355.62
55160,101.0,99.0,10.7,421849.45,22.07,0,casa,Norte,0.0774,0,214.82
53818,178.2,182.8,14.2,606478.92,8.26,1,casa,Sul,-0.4247,3,1592.43
54775,120.7,117.4,17.0,487210.4,1.34,1,kitnet,Nordeste,0.6666,2,1232.15
50056,68.5,70.4,1.1,234688.37,4.27,1,apartamento,Sudeste,0.1718,3,1967.76
53300,219.3,221.4,2.5,880046.65,11.11,0,casa,Nordeste,1.7996,3,78.7
51435,195.8,191.9,,868219.78,5.8,0,apartamento,Nordeste,-0.0191,3,54.87
55357,74.2,76.3,36.0,341932.76,3.45,1,casa,Sul,-1.4547,2,878.76
54531,130.8,130.6,13.1,292044.91,35.81,0,apartamento,Centro-Oeste,1.4954,2,151.64
51057,176.2,177.5,,717740.96,4.49,0,apartamento,Sul,0.8265,1,143.56
54251,83.7,84.5,6.2,285528.34,0.54,0,casa,Nordeste,0.1041,3,317.22
55052,174.8,174.6,13.1,840400.38,7.46,1,apartamento,Nordeste,-0.449,3,1467.52
50060,38.6,39.7,31.9,158364.91,8.1,1,casa,Sudeste,-0.8199,0,738.46
50035,111.5,111.9,11.1,486807.55,3.76,0,apartamento,Centro-Oeste,-0.3769,1,295.93
55508,131.5,127.9,6.5,352738.75,4.49,0,casa,Sudeste,0.7951,3,135.56
53494,172.4,173.9,23.8,732225.34,0.7,0,apartamento,Nordeste,-2.1676,2,517.87
54454,44.2,44.0,3.2,138481.84,4.21,0,apartamento,Centro-Oeste,0.4788,3,183.68
55514,67.2,68.0,29.5,230335.79,6.36,0,sobrado,Sudeste,-0.7333,1,1104.1
53782,161.6,156.8,10.6,643074.65,2.18,1,sobrado,Sudeste,-0.0864,1,1240.63
54620,204.5,209.2,2.5,936806.4,12.81,0,casa,Nordeste,-1.209,3,58.8
51200,91.0,91.6,0.4,481037.05,3.88,0,casa,Sul,0.3565,0,30.0
52785,145.2,148.1,10.0,579639.51,2.64,0,apartamento,Nordeste,0.8427,2,485.33
54361,97.7,97.4,45.1,420873.12,2.5,0,apartamento,Nordeste,0.5483,3,1104.77
53257,97.1,99.3,20.9,389283.43,1.65,0,kitnet,Nordeste,0.0756,3,480.22
51518,95.3,97.2,18.5,400417.25,7.51,0,casa,Sul,-0.1108,3,142.1
54957,101.9,103.1,6.7,446947.41,4.47,0,sobrado,Nordeste,-1.4724,3,276.34
50734,121.0,124.5,8.3,470690.99,15.92,0,sobrado,Nordeste,0.5481,3,151.46
55054,80.4,78.4,16.7,213699.88,0.45,0,apartamento,Sul,-0.7814,3,1406.72
52514,49.4,49.8,9.3,183023.7,2.05,2,apartamento,Sudeste,1.6213,1,4461.73
54432,189.7,193.6,3.6,482535.84,,0,kitnet,Sudeste,-2.3131,2,250.37
52596,74.3,75.1,14.7,323571.56,,1,sobrado,Nordeste,-0.9828,0,1208.91
54080,157.3,161.2,4.7,468145.36,1.79,0,apartamento,Norte,-0.3168,0,147.35
54069,198.1,195.3,23.2,605486.8,12.45,0,apartamento,Sudeste,0.0867,0,309.35
50887,66.7,68.4,4.0,209703.6,0.2,0,apartamento,Sudeste,-0.0218,1,60.2
50494,109.2,111.7,14.0,388802.74,1.29,2,apartamento,Sudeste,-1.9267,3,2660.82
50580,76.5,76.0,13.3,263346.64,0.54,0,kitnet,Centro-Oeste,0.3752,2,290.91
54199,162.9,167.3,46.7,527754.19,2.52,0,casa,Sudeste,0.7506,1,973.59
55223,103.4,103.3,51.4,374870.92,7.43,0,casa,Norte,-1.2281,1,1519.67
51133,72.8,72.2,30.0,293997.8,9.9,1,apartamento,Sul,-1.71,1,1245.68
50212,68.9,69.4,4.1,379725.53,0.68,0,casa,Nordeste,2.1766,2,153.43
51064,191.3,189.4,45.3,939622.04,2.97,0,casa,Nordeste,-0.3521,2,1420.17
53293,77.7,78.4,1.9,353823.94,4.6,1,casa,Sudeste,-1.0295,1,1884.77
54171,233.6,234.9,16.1,909684.88,11.25,0,casa,Sudeste,-2.069,3,345.1
55754,74.0,75.0,8.8,323628.33,4.5,0,apartamento,Nordeste,0.3151,2,221.85
53796,139.4,135.4,5.9,291029.35,1.75,0,apartamento,Nordeste,-0.2921,0,70.9
55561,125.1,124.8,6.1,2123755.39,9.26,0,casa,Sudeste,-0.907,2,345.93
51004,89.9,88.4,4.1,438856.72,9.12,0,apartamento,Nordeste,0.4298,0,63.23
54343,97.3,96.5,8.5,389701.9,4.32,1,casa,Nordeste,-0.5786,0,2447.26
55670,111.0,112.3,9.6,277780.68,28.34,0,casa,Sul,0.2328,3,404.98
52159,160.3,160.3,40.6,711796.34,7.44,1,casa,Centro-Oeste,-0.1534,0,1186.18
54049,235.3,241.3,6.2,831345.33,8.45,1,casa,Sul,0.0276,3,564.88
53966,152.9,156.7,32.3,767974.41,6.65,2,apartamento,Nordeste,0.1575,0,3776.49
50186,286.0,287.4,3.8,954526.89,4.99,0,kitnet,Sudeste,1.0624,3,176.57
52015,94.0,93.6,26.4,302029.42,3.26,0,apartamento,Sul,0.671,2,768.69
53384,120.2,117.8,14.3,593443.24,1.33,1,sobrado,Sul,0.0809,2,1084.8
52056,58.1,58.5,22.0,225495.95,0.29,0,apartamento,Nordeste,1.6307,0,1023.05
51631,73.1,73.5,5.7,242111.0,1.79,1,apartamento,Sudeste,-0.1651,2,703.59
51307,137.8,139.9,29.6,485126.41,1.42,0,apartamento,Nordeste,-0.921,1,486.7
51781,86.3,83.9,37.8,354136.93,15.4,1,casa,Norte,0.6241,2,1674.21
52422,160.4,160.6,4.9,464863.16,6.14,0,casa,Centro-Oeste,0.4019,2,100.04
51655,104.8,101.7,18.0,317654.28,5.89,2,casa,Sudeste,1.2005,1,1202.79
53153,110.2,111.0,10.5,328080.3,7.72,0,apartamento,Centro-Oeste,-1.7047,1,111.35
54128,174.1,175.2,6.0,532188.03,2.23,0,apartamento,Nordeste,0.8912,0,158.91
51124,82.1,81.4,7.3,235767.84,4.33,0,casa,Centro-Oeste,-1.1524,0,83.23
50445,109.7,107.1,11.1,479036.98,0.92,1,apartamento,Centro-Oeste,-0.2695,0,351.53
53716,101.2,104.1,41.1,529371.07,3.41,2,apartamento,Centro-Oeste,-1.9941,3,2254.68
55564,150.8,153.4,86.2,544576.83,5.95,0,apartamento,Centro-Oeste,-1.3598,0,925.22
54560,166.8,170.1,13.5,584112.37,4.32,0,apartamento,Centro-Oeste,1.5774,0,303.35
52503,90.3,92.1,19.3,286126.75,13.28,0,casa,Nordeste,-0.5131,3,838.48
55970,108.4,105.3,1.5,391335.41,1.24,1,casa,Sudeste,-0.7879,2,1289.85
53047,97.9,95.3,39.3,557703.31,5.9,0,apartamento,Centro-Oeste,0.5283,0,436.12
51681,189.1,188.9,14.8,606971.53,1.75,0,apartamento,Sul,0.1847,3,219.62
52800,164.9,164.2,14.8,571778.1,12.15,0,casa,Sudeste,-1.3227,0,358.36
53215,83.0,82.0,12.1,337139.06,35.22,0,apartamento,Sudeste,1.4741,1,238.44
52581,59.6,60.1,5.4,251652.43,2.27,0,casa,Nordeste,0.7307,0,195.34
50243,161.8,163.2,2.0,539773.94,7.5,1,apartamento,Sudeste,1.4246,1,1672.85
54497,108.3,110.1,10.0,537180.26,3.39,0,sobrado,Nordeste,0.1438,3,225.37
53543,68.5,67.5,15.2,179445.33,12.67,0,apartamento,Centro-Oeste,1.0578,3,249.46
55356,181.0,181.2,2.8,600418.3,5.18,0,casa,Sudeste,0.0041,0,67.78
52695,45.1,46.3,12.0,162993.32,5.18,2,kitnet,Sudeste,1.7961,2,3813.94
53549,114.7,115.9,7.2,427877.64,0.87,1,casa,Sul,-0.1927,0,868.87
54546,107.5,104.3,10.4,394830.26,,0,casa,Sul,1.3094,1,568.93
51659,99.2,100.4,4.3,419671.16,0.61,0,sobrado,Sudeste,0.0545,3,224.14
54710,181.1,186.1,38.6,767223.95,4.56,1,apartamento,Norte,0.4338,1,1612.28
52333,160.3,156.8,10.2,600222.24,,0,casa,Centro-Oeste,-0.2405,3,183.22
54567,137.8,134.1,22.7,540661.11,8.6,0,casa,Sudeste,-0.9035,1,1247.53
51297,137.3,139.5,,401366.77,10.17,0,apartamento,Sul,-0.3216,0,71.76
51674,67.9,69.7,2.9,135306.37,0.71,1,apartamento,Sul,0.002,0,1116.77
52352,51.5,51.9,6.1,231496.63,16.59,1,casa,Sudeste,0.9417,1,936.66
53995,92.4,94.0,59.0,370837.1,3.14,0,apartamento,Sul,-0.049,3,603.17
50611,53.0,53.2,1.2,201855.52,1.84,0,sobrado,Nordeste,0.4157,0,99.1
51407,54.6,53.7,8.3,236126.44,6.34,0,casa,Sudeste,-0.2509,3,152.61
52474,117.9,118.9,61.4,704485.69,1.33,0,sobrado,Sul,0.6563,3,653.63
53232,75.6,77.1,1.6,310346.2,3.63,0,apartamento,Nordeste,0.6061,0,75.51
50373,83.8,83.7,10.4,274679.15,2.55,0,sobrado,Sudeste,-0.4189,1,409.92
53062,103.9,103.2,58.7,419069.22,3.06,0,casa,Centro-Oeste,1.5346,0,1472.77
53752,159.3,157.3,5.7,585407.78,1.22,0,apartamento,Sudeste,0.0761,1,167.16
55295,127.5,125.3,11.6,417775.79,15.74,1,apartamento,Norte,1.8621,2,711.87
55212,289.4,297.1,2.8,735849.82,2.22,1,kitnet,Sul,-0.3038,1,806.69
54758,119.7,118.0,0.5,353064.32,1.62,1,apartamento,Sudeste,0.256,3,900.13
50236,71.7,73.4,23.7,339800.52,3.56,1,casa,Nordeste,0.7111,2,462.75
51344,84.5,86.9,13.3,265266.02,12.04,0,apartamento,Nordeste,-0.6544,1,132.36
52321,145.7,142.1,29.0,596909.3,0.2,0,casa,Nordeste,1.5544,2,250.47
51218,104.9,107.7,15.8,299511.96,8.09,0,apartamento,Sudeste,-1.1348,1,99.71
51776,35.7,35.7,11.0,143742.51,,0,sobrado,Nordeste,0.4121,2,305.4
51498,262.9,259.1,1.5,1113429.78,3.83,1,apartamento,Sudeste,-0.1805,1,1016.04
55640,82.3,79.8,0.5,224405.03,0.42,0,casa,Sul,0.1563,1,130.52
52097,187.1,188.0,17.9,555339.1,2.53,0,apartamento,Nordeste,0.5193,3,109.06
54636,128.6,126.5,19.9,285542.47,19.37,0,apartamento,Sudeste,0.664,0,300.2
54206,79.5,79.8,0.1,267903.25,6.46,0,apartamento,Sudeste,-1.217,2,30.0
50510,81.7,83.3,28.1,271971.56,1.98,0,casa,Nordeste,-0.1249,1,383.65
51613,131.3,129.0,23.2,656476.98,0.56,0,kitnet,Nordeste,2.3034,1,865.61
51623,155.2,154.5,34.1,585303.6,0.2,0,casa,Norte,0.37,3,598.23
52045,206.8,202.0,2.9,744933.57,3.22,1,apartamento,Nordeste,-0.7172,0,438.52
53163,204.6,198.5,28.6,1009264.27,2.31,0,apartamento,Sul,-0.6879,0,660.62
53372,332.7,329.1,50.9,1707596.49,1.18,0,casa,Sul,0.5981,3,1220.07
50078,84.0,84.6,0.4,312479.8,3.42,0,casa,Nordeste,-1.8964,0,160.45
52317,114.3,111.3,17.0,480363.0,0.38,0,apartamento,Sudeste,1.2821,2,536.73
55157,235.4,232.6,2.8,1096459.65,12.16,0,casa,Sul,1.7304,2,58.43
52874,75.3,76.3,27.9,235748.24,6.31,1,apartamento,Nordeste,0.5306,0,779.96
54409,286.4,281.9,23.0,1229640.56,20.98,0,sobrado,Sul,-1.234,1,370.71
53399,85.4,83.5,13.8,309617.18,3.62,0,sobrado,Sudeste,-2.1098,3,219.58
55706,96.2,94.7,52.5,312911.33,3.77,1,casa,Sul,-1.2248,0,3069.21
50911,77.9,79.9,1.4,329553.35,0.2,0,casa,Sudeste,1.3127,2,130.75
53478,144.2,145.2,8.7,497196.47,4.02,0,apartamento,Centro-Oeste,-0.1661,1,140.73
50697,30.0,29.6,14.7,123266.98,18.45,0,casa,Sul,-0.876,0,308.74
52386,130.3,131.9,2.0,642884.8,6.04,0,sobrado,Centro-Oeste,1.7562,1,44.85
54562,134.8,131.7,1.2,5458779.12,0.34,0,apartamento,Sudeste,2.388,2,286.17
50363,43.9,44.3,13.9,186964.89,5.0,0,casa,Norte,1.5095,0,368.28
51842,77.3,76.6,,266626.31,1.98,1,casa,Sudeste,-0.1275,0,3865.23
51153,105.3,104.5,0.4,504988.57,23.36,0,casa,Sudeste,-0.2729,3,30.0
51360,67.0,67.1,9.5,199976.99,4.02,0,apartamento,Centro-Oeste,1.6506,1,275.54
55535,68.0,69.3,85.0,228355.51,2.29,1,casa,Sul,0.4339,2,2540.16
53806,94.6,93.2,20.3,520095.25,6.28,0,apartamento,Nordeste,-1.1043,3,408.6
53142,87.7,87.4,12.5,342903.87,13.11,0,sobrado,Sudeste,0.4555,3,239.21
55453,93.2,93.8,10.1,304782.42,8.16,0,casa,Norte,0.8592,2,315.95
55946,100.9,98.0,13.7,308475.11,1.05,0,apartamento,Centro-Oeste,-0.0902,1,735.5
52733,87.5,89.1,8.4,356992.4,3.97,1,apartamento,Sul,0.3511,3,668.21
55988,38.0,38.4,5.3,142595.49,0.78,0,casa,Sudeste,-0.1034,3,224.75
55656,107.0,103.9,23.2,512955.32,1.26,0,apartamento,Sul,-0.9812,2,496.68
50083,120.6,118.3,6.4,534647.46,10.61,0,apartamento,Sudeste,1.1962,1,78.32
50079,135.8,136.8,0.8,401845.84,8.39,0,kitnet,Sul,0.659,3,37.56
50662,129.0,130.2,18.6,453971.61,27.56,0,casa,Sudeste,0.7742,1,162.19
50324,128.1,124.4,,434064.34,20.86,0,sobrado,Norte,0.1782,3,33.76
51440,171.0,170.9,46.4,555024.89,7.6,1,casa,Sul,-1.7733,2,1587.8
55399,121.6,125.1,12.2,488879.85,2.11,0,apartamento,Centro-Oeste,-0.7199,2,718.66
55881,86.9,87.3,2.3,360266.77,3.24,0,apartamento,Sudeste,-0.6486,0,136.69
51130,97.6,96.8,,328354.62,13.5,0,casa,Centro-Oeste,0.2553,2,784.02
52253,134.1,131.4,9.2,582858.0,0.22,0,apartamento,Sudeste,-0.0835,2,405.2
52376,59.3,60.5,16.6,228919.21,3.28,1,casa,Nordeste,1.4879,1,1284.15
50808,129.4,132.7,21.0,475502.78,13.28,0,casa,Centro-Oeste,-0.5941,1,1256.0
51510,92.2,93.4,28.6,368594.83,2.65,0,apartamento,Sudeste,0.926,2,306.49
53105,63.0,63.7,8.4,275202.83,7.32,0,casa,Sul,-1.3909,2,222.48
52593,197.1,191.9,2.3,761150.04,11.63,0,casa,Nordeste,0.2991,3,109.31
52576,158.4,159.6,17.3,650888.63,10.37,0,apartamento,Sudeste,0.6209,2,298.29
53329,58.7,58.1,6.8,250289.15,1.6,0,kitnet,Sudeste,-0.4069,1,533.13
50656,74.2,76.3,9.8,251854.51,6.23,0,kitnet,Centro-Oeste,-0.3828,1,228.99
53070,262.0,254.2,6.5,1095797.94,1.87,1,apartamento,Sul,1.1066,1,1616.23
55851,85.6,85.7,15.2,292255.73,8.07,0,casa,Sudeste,0.5942,0,226.18
50858,111.4,108.3,31.5,393452.7,2.35,0,apartamento,Sudeste,-1.4757,3,884.43
51383,111.3,113.9,3.9,493259.88,2.58,0,apartamento,Sudeste,-1.5542,0,145.37
55417,149.1,145.1,13.1,568874.43,8.6,0,apartamento,Centro-Oeste,1.7759,2,364.68
55106,77.1,75.6,58.1,310320.71,14.51,0,casa,Norte,-0.4306,2,1082.54
54940,84.3,82.1,3.2,394707.41,3.34,0,kitnet,Centro-Oeste,-0.165,1,110.74
50833,103.4,103.4,25.7,370796.69,20.59,0,sobrado,Sudeste,0.7288,3,591.31
52927,151.0,147.7,7.8,592064.62,11.68,0,casa,Sudeste,0.1352,1,158.68
51614,117.8,117.9,14.0,332536.48,9.54,1,sobrado,Sudeste,-0.6125,1,909.62
53797,184.6,180.5,2.2,621157.09,7.94,0,casa,Nordeste,-0.302,1,225.57
55560,74.2,73.6,13.7,287384.12,0.55,0,apartamento,Sudeste,1.2985,3,329.64
53356,460.8,466.7,15.0,1128513.24,2.34,0,casa,Nordeste,-0.1496,3,121.28
50213,93.6,91.8,4.9,336115.91,9.94,0,casa,Nordeste,0.7482,0,54.98
52520,236.1,233.3,48.8,1152188.95,0.2,0,casa,Sul,-1.6912,3,1272.15
50131,68.9,67.0,4.9,262649.76,6.09,0,sobrado,Norte,-0.601,1,72.53
53087,124.2,125.7,19.7,409863.91,,0,casa,Centro-Oeste,-0.2802,0,340.4
54535,106.5,108.5,45.0,415749.68,5.57,1,apartamento,Centro-Oeste,0.9485,2,745.2
55983,168.9,168.3,6.2,693104.18,0.58,0,sobrado,Nordeste,1.2178,2,425.43
52524,169.0,168.9,0.8,769216.8,3.15,0,sobrado,Nordeste,1.3999,1,36.46
53467,122.8,124.2,10.7,455652.67,1.57,0,apartamento,Centro-Oeste,1.5856,0,169.24
53800,105.8,103.2,1.3,523091.48,4.57,0,apartamento,Sudeste,0.4578,2,102.95
54949,208.3,209.6,6.5,805055.35,0.65,0,casa,Norte,-0.5725,1,407.41
50448,156.4,160.5,14.4,743992.16,1.89,0,apartamento,Sudeste,0.1338,3,527.51
53765,117.4,115.7,7.0,513011.99,6.37,1,apartamento,Sudeste,0.1224,3,1303.6
50699,74.0,72.7,23.4,316557.79,20.83,0,apartamento,Sudeste,-0.1739,1,315.59
50103,70.0,71.2,51.3,217259.45,13.03,0,casa,Sudeste,-1.3702,1,1058.86
55521,249.6,249.0,30.7,1268643.49,2.44,1,casa,Sudeste,-0.6076,1,2219.72
50523,39.0,38.3,5.5,103194.82,1.46,0,casa,Sul,-2.2903,2,292.72
53017,188.6,193.9,1.4,740933.8,1.48,0,apartamento,Nordeste,0.7083,3,131.66
53851,56.2,57.8,3.6,197730.78,0.73,0,casa,Sudeste,-0.0116,0,122.16
51102,55.9,55.1,6.7,201817.72,0.41,0,casa,Nordeste,0.9564,3,97.84
51821,117.7,117.4,6.7,404802.77,0.2,0,apartamento,Sul,-0.4067,3,410.43
51415,81.5,83.4,0.2,403944.9,2.57,0,sobrado,Sul,1.022,2,91.01
50165,134.8,135.8,18.5,547779.55,0.93,0,apartamento,Sul,-1.1814,0,661.15
55553,217.9,220.4,1.6,969009.09,4.54,0,apartamento,Sudeste,0.296,1,95.13
53308,114.3,115.9,25.8,431398.2,6.37,1,apartamento,Sudeste,0.0476,2,1972.56
55095,142.2,138.8,3.3,663350.77,19.32,0,sobrado,Sudeste,-2.0202,2,76.32
55003,170.4,171.8,16.8,511217.43,4.08,0,apartamento,Sudeste,-0.4464,0,372.84
53189,160.0,160.7,0.1,532637.84,2.92,1,apartamento,Norte,-0.6753,1,1511.65
55176,121.6,122.3,8.5,572925.6,4.43,0,apartamento,Sudeste,2.5847,3,200.17
52555,85.7,83.7,14.1,284797.88,3.01,0,apartamento,Sudeste,0.7599,2,286.16
53383,108.4,111.4,12.2,447313.24,3.87,0,apartamento,Nordeste,1.6169,1,175.87
53962,70.2,68.2,1.7,251049.51,6.31,0,sobrado,Nordeste,-0.3793,2,65.52
52499,172.0,174.3,4.6,816352.02,14.49,1,apartamento,Sudeste,-2.0647,1,692.99
50395,106.2,104.4,62.3,387694.97,6.45,0,apartamento,Sul,0.1536,3,2071.07
50625,128.9,128.0,8.4,451805.42,5.52,0,sobrado,Sul,-0.368,2,217.82
54791,119.0,115.5,26.3,337633.85,2.03,1,apartamento,Sudeste,-1.1681,3,2694.77
53997,143.7,139.5,19.0,535736.06,0.2,0,apartamento,Norte,-0.5626,3,864.0
50947,131.6,128.9,5.9,426356.94,2.61,1,apartamento,Centro-Oeste,1.4559,2,1250.29
50761,124.9,123.4,5.7,547782.4,1.23,0,apartamento,Sudeste,-0.5025,3,236.82
53430,120.9,117.3,8.1,373367.74,4.37,1,casa,Sudeste,-0.6437,3,911.54
52739,94.8,95.6,8.5,373021.91,9.38,0,apartamento,Sul,0.05,2,179.72
51443,113.3,111.5,25.3,407671.96,7.8,0,apartamento,Sudeste,0.7466,1,294.35
54039,252.8,254.6,11.5,681270.71,11.14,1,kitnet,Sudeste,0.9797,3,1034.48
50645,140.8,140.7,2.3,607005.48,4.2,0,apartamento,Sudeste,-0.2204,0,133.29
54866,63.2,64.9,24.6,255306.33,6.03,0,apartamento,Sudeste,-1.6552,0,297.97
54526,188.5,194.0,0.0,876073.48,1.88,0,casa,Sudeste,0.8412,3,87.77
51882,30.0,29.8,0.7,117422.97,2.8,0,casa,Sudeste,-0.333,1,78.43
54867,204.4,208.3,0.9,542779.44,18.69,0,casa,Norte,0.475,2,30.0
53802,116.5,119.6,11.4,420624.32,4.45,0,casa,Sudeste,-1.002,1,205.19
55703,184.0,182.6,14.8,734604.22,3.9,0,casa,Sudeste,-0.2374,3,338.79
54147,78.7,77.5,7.3,297128.01,5.19,0,apartamento,Sul,-0.2591,1,178.82
52598,65.5,67.0,3.0,226563.39,4.54,0,sobrado,Sudeste,1.5214,1,70.67
52541,151.4,155.5,19.8,436495.0,4.46,0,apartamento,Sul,0.8182,1,866.23
55726,132.0,131.6,2.5,594148.08,0.91,2,apartamento,Sudeste,-0.9464,3,2174.0
52822,143.0,141.1,9.9,494925.05,16.24,1,casa,Nordeste,0.4724,0,1442.18
55303,211.7,209.9,19.7,491829.75,10.12,0,casa,Centro-Oeste,-1.9476,2,702.35
52286,38.1,37.3,42.6,168817.24,12.43,0,apartamento,Nordeste,-2.3491,0,919.34
54066,182.6,179.4,19.9,749443.99,3.46,0,casa,Sul,-0.4244,3,305.23
52827,114.9,111.8,15.8,437634.47,,0,cobertura_duplex,Nordeste,0.8122,1,210.77
54207,100.4,103.3,17.0,459577.12,3.69,0,casa,Sudeste,-1.2412,0,533.55
53268,107.9,108.5,16.6,377772.41,3.61,0,apartamento,Norte,1.3815,0,332.39
50183,159.1,162.2,8.5,564100.47,3.74,2,apartamento,Nordeste,-0.5239,0,2206.08
53316,235.7,237.9,3.8,920153.69,1.78,1,apartamento,Sudeste,-0.3891,0,877.46
54057,142.1,138.4,33.5,539848.27,13.28,0,casa,Sudeste,-1.4734,0,534.9
54709,78.1,77.2,5.7,304625.12,5.4,0,casa,Norte,-0.396,1,140.53
51169,215.0,218.0,13.3,813946.53,5.0,0,casa,Sul,0.4542,3,331.92
55460,232.6,231.9,10.4,656279.4,3.56,0,apartamento,Sudeste,-0.7577,0,160.61
55575,74.4,74.8,15.4,266032.28,4.64,0,casa,Sudeste,1.0725,2,218.98
51711,214.9,219.3,4.3,1004566.72,2.18,0,casa,Norte,1.0747,0,166.9
55297,97.8,97.7,10.0,477765.8,8.31,0,sobrado,Sudeste,0.8387,1,232.11
51178,190.6,190.2,17.9,975259.32,0.83,0,casa,Sudeste,-0.1376,3,250.19
52129,161.0,161.6,59.7,478779.13,,0,apartamento,Sul,0.6037,2,657.51
52532,152.2,152.2,16.9,546231.7,1.76,0,apartamento,Sudeste,2.0821,3,473.35
50397,62.5,62.5,4.7,254210.21,11.55,0,apartamento,Sudeste,-0.6268,0,74.23
51291,179.5,184.8,3.5,781919.31,5.18,0,casa,Sudeste,0.6531,1,148.8
53661,143.2,140.9,2.8,634106.75,2.54,0,casa,Nordeste,-0.1613,1,157.23
53971,90.6,89.0,17.5,406644.94,11.19,0,kitnet,Sul,-0.0831,3,109.44
53458,96.8,98.3,5.6,281042.03,1.08,0,apartamento,Sudeste,2.1292,2,172.61
51630,165.1,165.6,9.2,708369.81,1.49,0,sobrado,Sudeste,-0.0973,2,138.14
53096,66.2,65.9,9.9,261166.47,3.05,0,casa,Sudeste,0.2513,3,293.4
54087,107.6,106.3,11.0,520614.08,2.98,0,casa,Sudeste,1.0197,0,440.12
51289,202.3,204.6,8.0,528724.01,3.11,0,casa,Sudeste,2.6933,3,212.07
53747,71.9,72.8,17.4,230713.97,1.59,0,apartamento,Norte,-0.0418,3,522.04
55123,37.6,37.1,17.1,113886.07,2.39,0,casa,Sul,0.3415,3,243.15
50901,68.0,67.2,,273155.36,2.1,0,casa,Sudeste,-1.1004,3,220.89
53748,43.0,43.0,9.1,136856.27,0.29,2,casa,Norte,-0.4789,0,5253.67
50571,80.2,82.0,1.6,315943.19,8.11,0,sobrado,Nordeste,1.4015,1,30.0
55997,115.2,113.7,8.3,408071.16,0.54,0,apartamento,Sudeste,-1.1037,3,246.88
54545,126.4,123.7,37.9,405414.08,3.43,0,apartamento,Sul,-0.4109,3,900.11
55325,154.9,158.9,2.4,567345.43,7.28,0,casa,Sudeste,-0.2493,3,154.17
53366,68.4,69.7,7.2,174982.82,10.99,1,casa,Sudeste,1.1137,3,701.28
52309,93.4,95.3,14.5,331403.41,11.35,0,apartamento,Sul,0.9689,2,222.69
55184,59.5,60.1,13.8,222261.24,7.22,2,kitnet,Nordeste,1.232,3,1601.99
55732,203.3,208.3,16.5,596108.14,7.26,0,kitnet,Nordeste,0.4406,3,1190.93
55711,132.2,133.6,11.0,367633.43,0.2,0,casa,Sudeste,-0.1848,1,324.2
51874,78.8,78.8,5.6,317280.07,3.21,1,casa,Centro-Oeste,-0.6008,0,2098.16
54452,183.4,178.6,29.9,696525.55,4.27,0,sobrado,Centro-Oeste,-0.8339,1,316.35
54704,62.4,61.6,30.4,211224.68,17.66,1,casa,Nordeste,0.7532,1,1067.9
52742,161.1,160.4,5.3,938713.29,9.07,0,apartamento,Sul,0.1933,1,79.26
54335,144.5,147.8,4.7,638479.3,13.28,0,casa,Sudeste,-0.1739,0,271.57
53271,109.8,112.6,9.4,357306.89,0.2,0,apartamento,Sul,-0.0598,2,448.18
55912,63.0,64.6,7.9,244079.37,11.2,0,apartamento,Sudeste,0.8286,1,158.01
55510,151.6,151.4,2.8,597818.38,4.18,0,apartamento,Sudeste,-1.5318,0,242.73
52167,90.6,90.4,25.6,386563.18,0.49,0,sobrado,Nordeste,-0.1814,2,964.1
53437,67.7,69.2,16.2,203733.29,31.85,0,casa,Sudeste,-0.8235,1,188.77
55296,57.2,57.1,45.7,325391.46,2.51,0,casa,Sudeste,-2.6587,3,513.75
54470,103.3,105.0,2.3,426361.98,2.91,1,sobrado,Sul,0.6899,0,649.22
53525,42.1,43.3,4.1,158866.47,9.25,0,sobrado,Norte,0.1982,3,75.05
55839,128.8,129.3,1.7,432875.44,5.04,1,apartamento,Nordeste,0.0764,1,745.54
53115,68.2,68.7,3.2,302793.37,2.47,0,apartamento,Centro-Oeste,0.2553,0,85.66
53952,33.2,33.7,6.2,108974.71,3.6,0,apartamento,Nordeste,-0.3063,1,167.57
51937,79.2,78.5,36.4,318055.85,1.63,0,sobrado,Sudeste,-0.3361,0,531.72
51321,321.9,319.3,16.6,1411175.18,4.21,0,apartamento,Nordeste,0.9279,1,529.01
51125,184.1,187.5,25.6,663331.64,0.38,0,apartamento,Norte,0.5442,1,993.74
52511,120.6,122.7,29.2,451566.42,0.98,0,casa,Nordeste,0.0797,2,613.94
51527,264.5,257.6,35.5,1004098.18,1.31,0,apartamento,Sudeste,-0.3547,3,465.88
54825,45.4,44.1,11.4,131201.6,6.62,0,apartamento,Sul,0.543,3,776.28
52458,79.6,79.0,8.9,264478.67,1.34,0,casa,Sudeste,-1.2325,0,182.24
52495,146.3,147.7,,643922.77,3.14,1,casa,Sudeste,0.4268,0,1193.68
53877,124.8,121.6,16.8,555659.22,3.22,0,casa,Sul,-0.3837,0,117.81
55688,236.2,237.7,2.6,835901.54,7.73,0,apartamento,Nordeste,-0.271,0,97.39
51408,109.4,112.0,0.7,363869.24,0.73,2,apartamento,Nordeste,0.5855,1,2272.16
53272,79.1,77.0,17.0,391498.46,2.35,0,apartamento,Sul,-0.5857,2,281.21
53137,134.5,138.1,9.5,435578.74,11.45,0,casa,Centro-Oeste,-0.3282,0,201.49
55741,129.5,131.9,0.9,598152.95,2.16,0,casa,Centro-Oeste,-0.5579,1,61.55
52264,222.8,216.7,19.7,912860.51,5.44,0,kitnet,Nordeste,-0.1405,1,443.93
54478,66.2,65.1,52.5,317156.6,3.28,0,apartamento,Sudeste,-0.7696,2,578.75
53749,94.7,95.4,28.3,325440.41,5.88,0,sobrado,Sudeste,0.4535,0,501.49
52589,119.8,122.5,2.8,543250.7,4.63,0,casa,Sul,0.9159,3,138.7
51502,79.2,81.4,3.8,285437.64,1.28,0,sobrado,Sul,-0.5434,2,195.89
52538,91.2,91.5,8.5,397476.73,0.8,0,sobrado,Norte,1.3873,1,168.12
51320,76.7,74.5,8.6,229630.14,4.7,0,apartamento,Sul,-1.1473,2,258.07
54787,105.2,106.6,4.6,460474.19,4.24,0,apartamento,Sudeste,0.3524,1,204.47
51233,174.8,179.6,37.2,780125.66,0.77,0,apartamento,Sul,-0.4693,1,886.58
52236,115.9,115.0,13.1,397582.91,13.51,0,apartamento,Centro-Oeste,-1.5874,1,161.32
54777,140.5,136.5,11.7,626601.58,0.4,0,casa,Sul,1.4562,2,196.52
51629,144.8,147.5,21.6,730420.45,20.31,0,apartamento,Norte,0.3825,0,202.17
52789,205.4,209.0,39.7,882498.68,0.44,0,apartamento,Sudeste,-0.6793,3,751.32
50123,39.4,38.4,6.9,180077.57,1.17,0,apartamento,Centro-Oeste,-0.1682,2,245.71
52634,68.8,67.1,8.3,1765069.21,3.33,0,casa,Sul,-0.6063,0,85.91
54756,138.3,140.0,43.5,380409.03,6.23,1,apartamento,Nordeste,0.4928,1,950.03
51796,99.2,96.4,5.8,519699.44,4.46,0,apartamento,Sul,0.5404,3,169.7
53102,74.2,74.1,,258910.68,6.19,0,apartamento,Sudeste,0.0557,0,55.23
52710,109.5,112.1,10.4,360642.33,4.14,0,apartamento,Sul,-0.094,2,269.81
54600,75.4,76.4,3.4,232933.06,5.37,0,casa,Nordeste,-0.154,2,92.78
54326,93.4,95.7,22.4,257589.79,15.26,0,apartamento,Sudeste,1.2631,1,286.55
54997,130.6,134.2,10.1,629849.54,0.98,0,kitnet,Sudeste,-0.9668,1,250.91
50765,149.7,148.3,10.3,515444.42,18.43,0,casa,Nordeste,1.0185,1,83.76
51409,108.9,111.9,20.6,575142.89,0.79,0,cobertura_duplex,Nordeste,-0.769,2,475.29
55424,105.8,108.0,4.9,411248.08,2.14,1,casa,Sudeste,0.1583,2,2402.08
52428,156.4,153.1,27.9,653474.02,6.45,0,casa,Nordeste,1.5176,3,351.83
51745,140.6,138.8,,603418.07,3.71,0,apartamento,Sudeste,-0.3755,0,941.95
53336,111.9,112.2,6.8,378660.78,7.97,0,sobrado,Nordeste,1.8341,3,54.17
54883,162.9,167.0,30.6,688426.52,,0,apartamento,Sudeste,0.4114,1,650.69
55687,179.6,176.1,19.4,666384.9,9.45,1,apartamento,Sul,1.1471,2,854.21
55650,183.4,181.9,2.5,777922.62,0.72,0,casa,Nordeste,-0.884,2,171.16
55188,193.5,197.1,1.4,581539.69,1.12,0,apartamento,Sudeste,-0.3455,3,210.5
54517,236.1,235.8,19.9,896193.31,4.34,0,kitnet,Sul,1.1085,3,522.36
55860,185.5,185.9,29.1,804693.92,8.1,1,casa,Centro-Oeste,0.0273,3,1874.53
51873,66.5,66.6,5.0,323509.7,1.44,0,casa,Sudeste,0.5371,1,232.18
52614,113.7,117.0,24.8,507229.96,2.24,1,apartamento,Nordeste,0.4338,3,1207.52
52138,244.4,251.6,,998880.87,1.45,0,apartamento,Sul,-1.5932,2,651.35
50798,120.8,117.7,1.8,627601.93,5.1,0,apartamento,Nordeste,-0.2731,1,43.73
55940,239.0,232.1,46.1,967420.82,1.35,0,casa,Sudeste,0.8774,2,751.19
50626,184.0,179.1,10.0,777917.87,5.93,1,apartamento,Nordeste,0.6996,2,952.58
54591,139.7,141.5,1.5,401171.15,1.96,0,casa,Sul,-0.5477,3,63.81
55447,119.7,119.9,19.2,462963.54,7.78,0,apartamento,Norte,-1.7269,2,140.14
51616,199.7,196.8,6.8,591696.98,5.25,0,sobrado,Sudeste,2.389,2,175.54
51782,70.4,69.1,18.3,272162.5,2.7,0,apartamento,Sul,-0.7034,1,777.06
52206,202.0,200.7,9.8,542816.14,5.69,0,apartamento,Sul,1.4273,2,630.15
51890,137.5,140.2,1.2,489244.58,27.33,0,apartamento,Centro-Oeste,1.4794,0,30.0
50790,83.3,82.7,4.4,389961.86,10.43,1,sobrado,Sul,1.1316,1,1204.85
50007,115.1,117.0,8.1,431452.91,5.09,2,casa,Sul,0.2042,3,5950.17
52414,30.0,29.3,16.1,72578.45,,0,cobertura_duplex,Sul,-0.7325,3,170.25
55821,138.7,136.4,7.2,751915.23,10.44,0,casa,Centro-Oeste,1.2292,2,81.83
52276,231.7,238.7,43.0,723327.89,4.28,0,casa,Sudeste,-0.2177,0,1316.83
52960,42.6,43.0,63.4,178508.97,7.6,1,casa,Sudeste,0.1407,0,1355.72
55391,148.9,146.9,22.9,532150.64,15.05,0,casa,Centro-Oeste,1.5625,1,804.27
50417,92.4,93.3,6.0,388122.35,4.0,0,apartamento,Sul,-0.5173,3,135.89
50742,88.2,86.2,6.7,275288.58,4.63,1,casa,Nordeste,2.1359,2,791.78
52127,40.7,39.6,0.2,168416.07,8.67,0,casa,Sudeste,-1.2496,2,39.56
54588,129.4,132.9,4.0,513152.58,3.76,0,casa,Sul,0.3342,3,91.04
53593,81.6,80.9,10.4,296135.84,0.2,0,apartamento,Norte,-0.9749,3,291.37
51909,147.9,148.2,22.1,809613.87,4.59,0,apartamento,Sul,0.6757,1,559.98
50824,90.3,90.9,11.5,325400.91,0.62,1,apartamento,Sudeste,-0.5911,3,644.97
55465,122.1,120.7,,396939.61,9.55,1,casa,Sudeste,0.5153,1,2588.4
50116,56.5,57.1,0.4,251497.0,0.79,0,kitnet,Centro-Oeste,0.5496,1,127.63
51481,151.9,155.7,67.3,521089.63,7.39,0,casa,Norte,1.4759,0,1769.87
51904,232.7,228.8,10.0,879105.51,1.03,0,kitnet,Nordeste,-1.3989,3,234.65
53216,67.6,68.9,3.4,238390.71,1.36,0,apartamento,Sul,0.8762,1,63.15
55853,178.4,173.3,10.1,658239.06,4.49,1,casa,Sul,0.2991,0,2423.08
54669,233.3,229.6,2.3,1070804.82,1.18,0,apartamento,Sudeste,1.1734,2,308.97
55386,102.0,103.3,2.0,443266.54,0.2,0,apartamento,Sul,-0.4836,2,225.66
53799,137.0,136.4,13.1,516056.73,0.2,1,apartamento,Centro-Oeste,0.6612,3,1950.25
51024,80.2,82.0,1.9,293810.32,1.77,0,casa,Centro-Oeste,-0.6555,3,155.53
50592,78.2,80.4,13.0,248454.62,6.49,0,casa,Sul,0.17,3,202.53
55331,107.3,107.9,2.6,576035.17,2.56,0,sobrado,Sul,-2.3034,0,97.71
55536,234.8,228.0,0.2,958636.89,7.59,0,sobrado,Centro-Oeste,0.4654,3,73.84
52022,93.2,93.7,3.5,359573.36,1.45,0,casa,Sudeste,-1.8322,1,181.33
53980,146.1,145.6,6.0,511574.39,8.58,1,sobrado,Sudeste,-0.0235,0,1071.27
51107,255.1,254.9,32.0,787883.2,1.72,1,sobrado,Centro-Oeste,-0.2397,1,2093.86
53825,61.3,61.0,16.5,191546.69,0.35,1,kitnet,Sudeste,-1.4791,0,815.39
52508,187.9,183.2,61.0,871563.49,,0,apartamento,Centro-Oeste,0.6855,0,1775.06
51797,115.7,118.5,19.1,536904.54,3.62,1,casa,Nordeste,2.1243,3,1216.24
51508,163.8,160.2,4.1,681547.85,0.39,0,apartamento,Sudeste,-0.0448,2,119.7
50127,189.0,187.5,26.2,718692.56,16.63,0,sobrado,Nordeste,-0.4033,3,886.95
54691,94.2,92.7,7.5,358402.2,10.63,0,apartamento,Sul,-0.3141,0,235.38
55745,87.3,88.9,3.3,381528.33,3.45,0,casa,Sudeste,-0.6653,3,96.12
52437,113.3,112.6,10.1,322766.45,4.55,1,sobrado,Sudeste,1.4646,1,2449.68
50403,197.0,198.4,0.0,835046.25,2.63,0,sobrado,Nordeste,-0.6703,0,378.08
50150,85.6,83.9,3.8,171926.09,4.35,0,casa,Sudeste,0.9836,1,212.27
55897,152.4,153.2,5.6,618720.11,0.74,1,apartamento,Sudeste,2.1703,0,1707.83
52444,107.8,108.1,7.7,453456.12,0.69,0,apartamento,Nordeste,-0.8269,2,203.17
52442,238.6,239.2,3.8,950893.51,2.73,0,casa,Centro-Oeste,0.6169,3,166.28
50062,168.6,171.2,12.1,840482.5,0.95,2,apartamento,Sul,1.641,0,3756.85
52544,124.8,122.7,11.6,500991.56,6.49,0,casa,Norte,0.9924,0,272.99
54191,153.2,156.7,36.7,582494.24,4.14,0,apartamento,Sudeste,0.8874,1,328.94
53109,111.4,109.6,24.6,430936.27,6.13,0,apartamento,Sudeste,-1.1907,2,371.73
53557,88.1,90.2,8.9,317238.29,1.05,0,sobrado,Sul,-0.1987,0,107.45
55055,169.2,171.0,2.5,827700.5,0.61,0,apartamento,Sudeste,0.6494,3,122.75
55313,132.1,129.6,7.4,612287.24,9.02,0,casa,Norte,-0.1465,2,91.85
51576,120.0,120.7,14.6,426973.41,5.51,0,apartamento,Sul,-0.7765,3,414.31
53632,68.1,67.0,1.1,314843.22,0.29,0,apartamento,Sudeste,-1.1707,1,100.87
54708,324.4,332.5,0.1,800248.03,0.68,0,casa,Nordeste,-0.1841,3,65.38
53590,246.0,239.9,18.9,907642.78,1.85,0,apartamento,Centro-Oeste,-0.3777,3,513.99
53285,86.7,84.2,13.8,286102.33,,0,apartamento,Sul,0.0421,0,262.99
52153,140.2,141.2,0.2,677438.14,3.25,0,apartamento,Sul,1.3474,2,125.31
54332,51.5,50.3,31.7,148659.7,14.2,1,sobrado,Sul,0.779,3,771.9
53676,122.1,121.1,7.4,452246.83,17.64,0,casa,Sul,1.4848,3,65.59
50222,104.8,103.6,6.5,345890.89,13.52,1,apartamento,Centro-Oeste,-0.6304,1,673.73
55822,161.5,163.2,3.5,813508.62,20.22,0,kitnet,Sudeste,-0.312,1,110.63
50120,121.1,124.6,,337109.55,3.13,1,sobrado,Centro-Oeste,-0.121,2,599.82
52380,144.3,140.1,10.6,488137.01,1.83,0,apartamento,Nordeste,-1.1669,1,259.51
53134,208.6,211.5,27.4,849375.84,7.3,0,cobertura_duplex,Sudeste,-0.2682,0,406.36
54289,98.5,96.2,3.0,403640.76,2.06,0,sobrado,Nordeste,-1.3138,3,86.87
52283,77.4,79.0,5.5,358382.95,2.83,1,apartamento,Centro-Oeste,-0.2573,3,1328.01
50181,138.9,139.5,40.6,640489.77,7.69,0,kitnet,Sul,0.0513,2,411.4
54485,191.7,190.6,13.7,589612.31,1.14,1,apartamento,Sudeste,-1.8119,3,2561.5
50968,56.4,55.2,1.5,287626.61,1.21,0,casa,Sudeste,-0.2595,0,119.39
50627,30.0,29.7,3.3,103739.1,4.24,0,casa,Nordeste,-0.9833,3,89.22
54765,51.5,51.0,22.8,119809.72,4.79,0,kitnet,Sudeste,0.4427,1,462.9
53330,110.7,110.8,9.3,319266.84,4.45,1,sobrado,Nordeste,-1.0836,0,1193.84
55892,106.0,106.9,0.6,422907.52,17.68,0,apartamento,Centro-Oeste,0.0161,1,33.7
53454,128.9,127.3,12.6,598183.5,8.71,1,casa,Nordeste,0.5466,2,1971.69
51365,138.4,142.1,2.4,690975.87,1.5,0,casa,Sudeste,-1.438,3,155.12
54427,126.9,124.2,11.0,286082.96,7.01,0,apartamento,Sudeste,0.6261,0,160.0
54006,113.8,115.6,8.0,432328.23,7.8,1,sobrado,Sudeste,0.3196,2,1764.24
50614,52.3,53.7,3.5,213876.75,7.17,0,casa,Sudeste,-1.1608,0,177.61
53078,46.8,45.6,0.3,204937.08,2.69,0,casa,Sudeste,-0.329,1,60.25
50266,120.3,116.9,30.7,483210.73,13.4,1,casa,Sul,0.3736,1,2142.93
53841,82.4,83.2,30.2,306992.32,0.47,0,apartamento,Norte,-0.7473,1,666.02
53973,67.0,67.4,28.0,313315.03,6.45,0,casa,Norte,0.5994,2,300.7
51932,106.2,107.9,28.0,204001.79,0.42,0,casa,Nordeste,-1.1439,2,379.81
52199,89.8,87.2,9.7,357686.76,1.51,0,casa,Sudeste,0.3509,3,376.52
53190,80.8,83.0,3.8,226906.67,4.57,0,apartamento,Sudeste,-1.124,3,115.67
51807,81.7,83.8,13.2,333088.29,2.7,0,sobrado,Sudeste,-0.0271,2,220.05
50225,67.3,66.9,36.6,302931.81,0.84,0,apartamento,Sul,1.6681,0,483.5
54201,128.1,131.1,21.9,429051.54,8.6,1,casa,Centro-Oeste,-1.5031,2,536.74
55953,77.2,78.1,12.8,325328.9,3.72,1,casa,Sudeste,-0.5475,0,1749.09
54726,115.9,118.3,5.8,407639.28,7.94,0,casa,Centro-Oeste,-0.7021,1,70.5
52068,138.9,135.0,22.7,468122.88,5.12,0,sobrado,Nordeste,-0.0097,1,701.16
54966,73.9,75.6,6.8,185101.39,6.0,1,apartamento,Sudeste,0.0248,0,396.56
52098,99.1,98.0,24.4,305295.7,1.54,1,sobrado,Sudeste,-0.1382,1,1258.31
51186,93.7,91.4,16.6,409076.85,3.63,0,kitnet,Sudeste,0.8209,3,424.87
52963,227.0,227.1,12.6,717262.02,19.35,1,casa,Sul,-0.4268,1,584.23
54038,143.3,141.4,7.0,531565.71,30.94,0,apartamento,Sul,0.3841,2,37.35
52489,112.2,110.4,3.4,477029.59,10.58,1,apartamento,Nordeste,-0.2308,0,694.26
54803,105.7,104.2,6.7,476461.66,1.05,0,kitnet,Centro-Oeste,-1.0711,3,312.49
52186,175.5,176.5,11.3,513603.88,,0,apartamento,Sudeste,1.5231,0,533.46
55518,193.4,195.3,5.3,483115.8,0.88,1,casa,Sudeste,-0.4536,3,1678.43
52870,101.7,103.0,9.0,403875.81,0.92,0,apartamento,Nordeste,-0.6649,2,459.0
52349,212.4,217.0,34.9,643279.52,3.68,0,sobrado,Sudeste,-1.299,3,1021.08
53730,60.7,60.0,26.9,262094.26,6.59,1,casa,Sudeste,0.5815,1,603.94
50284,175.3,173.1,,573264.11,8.68,1,casa,Sudeste,1.2113,0,686.69
53306,281.3,276.9,,1309471.78,1.82,0,casa,Nordeste,-1.1008,1,264.69
50920,107.2,110.2,46.0,447374.19,4.86,0,apartamento,Sudeste,-1.6207,3,891.31
55404,120.9,120.0,5.3,415205.34,4.29,0,apartamento,Sudeste,1.4401,1,199.49
54830,140.9,144.4,7.4,568713.66,27.83,0,apartamento,Sudeste,0.3477,3,99.99
52392,80.7,80.8,30.7,433576.26,3.22,0,casa,Norte,-0.0698,0,283.69
52354,75.0,76.2,25.4,273846.51,3.03,0,apartamento,Sudeste,-1.1355,0,662.67
55973,114.2,117.3,39.3,456704.45,0.41,0,casa,Norte,1.616,3,502.71
50922,137.2,134.2,11.6,498913.07,13.84,1,casa,Sudeste,2.0555,2,868.71
55737,95.1,95.2,70.8,428080.58,,0,apartamento,Centro-Oeste,0.2094,0,696.25
51402,178.5,183.1,16.8,850369.14,0.2,0,apartamento,Nordeste,-0.5251,0,459.32
55828,56.6,56.2,22.9,193884.38,3.35,0,apartamento,Norte,0.055,2,194.69
54263,89.0,88.9,14.1,359879.08,3.71,1,apartamento,Nordeste,0.7915,1,1373.82
52469,99.3,101.4,19.0,417946.24,6.9,0,apartamento,Centro-Oeste,-0.6814,3,375.45
52273,174.5,174.6,12.0,756089.15,9.72,0,kitnet,Sudeste,-0.0713,1,296.83
54108,123.6,126.1,21.6,420744.0,1.04,1,apartamento,Sul,0.8398,2,1262.5
51546,144.5,146.3,15.6,486077.45,1.74,0,apartamento,Centro-Oeste,0.1387,0,661.14
50617,132.7,134.2,,578964.03,3.25,0,apartamento,Nordeste,0.7988,0,201.11
51092,125.5,129.1,0.7,625003.88,7.79,0,apartamento,Sudeste,0.0825,2,81.87
54186,184.0,186.2,7.1,861063.55,1.65,0,apartamento,Sudeste,0.2126,2,237.75
50612,54.3,52.7,45.0,206169.38,10.91,1,apartamento,Sudeste,-2.1078,3,2401.76
50885,92.0,93.3,,483100.5,4.48,0,apartamento,Norte,0.3472,1,238.36
54953,158.3,155.7,25.2,578019.83,10.3,1,casa,Centro-Oeste,-0.6776,2,374.92
53444,222.0,225.8,0.8,690408.18,2.24,1,apartamento,Sudeste,-1.8763,3,899.66
50777,116.3,115.6,11.7,531252.53,1.38,0,casa,Centro-Oeste,-0.5702,3,291.01
51638,153.0,154.4,4.1,369342.92,2.12,0,apartamento,Sudeste,1.4159,1,96.93
53252,69.0,68.7,11.5,222246.95,2.04,0,apartamento,Sudeste,0.4392,0,589.47
55643,67.8,68.4,5.1,285074.02,1.17,0,apartamento,Sudeste,1.8379,0,119.42
55856,118.9,115.5,41.2,465232.77,0.42,0,casa,Centro-Oeste,0.3773,1,574.28
50028,83.8,85.3,14.1,379771.56,4.53,0,apartamento,Sul,1.375,1,443.18
55162,244.9,243.7,17.2,702271.52,3.3,0,apartamento,Sudeste,-1.0508,3,258.66
53280,191.3,187.2,13.5,836511.7,0.39,0,sobrado,Nordeste,1.6062,3,417.82
53604,96.4,99.1,25.7,360374.81,6.46,0,apartamento,Nordeste,0.5916,0,368.07
53393,105.8,107.5,9.7,533510.95,7.77,0,apartamento,Nordeste,1.3197,2,119.73
50074,99.9,98.1,17.3,371883.4,1.35,0,casa,Sul,0.3015,3,438.22
54611,102.5,105.3,11.0,397991.63,5.01,0,casa,Nordeste,-1.721,1,80.91
54078,103.3,105.4,15.6,440469.88,20.74,0,kitnet,Norte,1.2827,0,255.14
53505,186.8,185.2,6.7,687555.71,0.44,1,casa,Sudeste,0.6255,1,1131.2
53143,136.1,136.3,,529319.47,1.59,0,cobertura_duplex,Centro-Oeste,0.6109,2,256.46
52609,105.0,102.7,12.2,338507.6,0.96,0,apartamento,Sul,-0.5117,0,345.94
52227,260.9,256.0,35.0,829018.69,3.92,0,kitnet,Sul,-0.3344,1,934.61
52002,148.1,152.2,0.5,580165.64,0.6,0,casa,Sul,0.3705,1,164.53
51584,144.2,140.2,0.3,450907.41,8.41,0,sobrado,Sudeste,-1.4947,0,53.65
51517,125.5,129.2,4.1,606793.78,5.47,0,casa,Sudeste,-1.2596,1,99.95
54212,103.4,105.6,65.8,269104.21,0.88,0,casa,Sudeste,0.2451,0,1576.75
53148,80.2,80.5,19.0,329610.72,0.88,0,apartamento,Nordeste,1.4342,0,728.55
51072,132.3,130.0,14.2,586817.72,0.88,0,sobrado,Norte,-1.4422,3,534.64
52691,43.1,42.7,0.2,163193.57,19.7,0,apartamento,Sudeste,1.5023,0,30.0
51799,122.1,122.6,4.4,426017.58,0.33,0,apartamento,Sudeste,0.9003,2,191.95
52820,169.5,171.6,28.8,624350.71,1.61,0,casa,Sul,0.8413,1,260.2
54242,84.2,82.3,2.7,237595.51,23.03,0,casa,Sudeste,-0.9649,3,56.9
52633,97.1,97.7,2.4,258253.78,1.83,1,apartamento,Nordeste,0.5984,3,886.38
53958,178.9,183.6,2.1,740690.06,14.9,1,casa,Sudeste,-0.1356,1,3263.91
53404,119.0,119.9,43.1,331962.95,5.18,0,casa,Sudeste,0.3442,1,334.01
54718,200.9,202.9,3.1,567574.23,2.96,0,casa,Sudeste,2.6565,1,231.11
55708,179.9,174.9,52.1,494961.67,7.85,0,sobrado,Norte,1.2925,2,2926.46
53246,183.0,186.1,,787149.33,8.72,2,apartamento,Nordeste,-0.3464,2,3339.75
54505,101.6,104.5,,414933.25,3.63,0,casa,Sul,-1.5646,3,505.95
52684,170.2,174.7,,654649.19,1.44,1,apartamento,Sudeste,0.3419,0,480.13
50115,136.0,132.9,,456837.91,1.31,0,casa,Nordeste,1.2934,3,511.48
54384,106.1,108.5,1.0,419331.65,5.2,0,sobrado,Nordeste,0.6832,2,71.24
55834,55.2,55.9,54.1,183601.55,3.27,0,sobrado,Nordeste,1.5084,0,463.85
55480,109.4,107.1,2.7,440434.21,0.2,0,apartamento,Sudeste,-1.1654,1,172.4
53702,108.3,107.9,21.0,321599.7,7.4,2,apartamento,Sul,0.5842,1,2510.72
53596,59.2,59.1,18.0,217258.42,5.18,1,apartamento,Centro-Oeste,-2.7511,0,1043.89
55277,101.4,103.0,4.6,305270.72,2.86,0,apartamento,Sudeste,0.5447,1,95.76
50337,80.3,82.0,22.1,225355.4,20.36,0,casa,Norte,-0.5723,2,512.25
52687,195.1,196.7,14.0,807048.96,0.22,0,apartamento,Sudeste,0.2873,3,495.97
54142,87.6,86.9,12.5,374549.93,5.53,0,apartamento,Sudeste,1.6373,0,158.52
54843,89.1,91.8,17.2,376206.06,21.57,0,sobrado,Nordeste,-0.9111,0,416.07
51973,119.9,117.8,7.8,530199.87,0.2,1,apartamento,Sudeste,-1.7093,3,862.4
50753,217.0,220.7,3.0,678112.64,13.29,0,kitnet,Sudeste,-1.6217,3,74.94
54558,55.9,56.8,34.4,214171.26,6.9,0,casa,Centro-Oeste,0.3489,3,632.83
51938,152.8,153.0,7.6,579110.75,0.2,1,apartamento,Nordeste,-0.1832,0,1311.77
50673,138.8,140.0,18.1,580655.3,9.48,1,apartamento,Sudeste,0.7231,2,1648.92
52712,84.8,86.8,,264285.2,3.38,0,casa,Nordeste,0.5555,3,30.0
53511,58.5,60.0,,222320.32,1.0,0,casa,Sudeste,0.5186,3,1097.83
51201,63.8,65.4,24.5,319103.56,7.28,0,apartamento,Sudeste,-0.5499,1,695.04
54260,144.8,145.6,30.2,525771.46,,0,sobrado,Sudeste,-0.4305,0,527.8
50424,112.5,112.0,42.1,392878.47,10.03,0,casa,Norte,-1.1346,2,1523.91
54421,329.7,335.5,5.5,1161730.19,16.41,0,apartamento,Sudeste,-0.7731,2,48.97
53715,81.2,80.1,20.8,371755.57,9.44,0,apartamento,Sudeste,-0.4661,1,604.47
50664,55.8,57.2,5.1,217221.87,11.42,0,casa,Nordeste,-1.3535,0,135.61
50350,145.4,145.7,15.2,630347.2,0.2,0,sobrado,Sudeste,0.6665,3,288.73
50447,71.8,72.9,9.7,266291.52,2.94,0,casa,Nordeste,0.5067,3,123.66
50709,61.6,61.8,10.8,307035.38,0.24,0,casa,Sudeste,-1.7608,1,237.86
51924,193.6,196.2,1.3,640654.56,0.26,0,casa,Nordeste,-0.3401,1,64.66
51221,180.8,177.5,8.1,707767.66,1.75,1,cobertura_duplex,Sudeste,0.9692,0,908.48
53922,109.9,112.4,6.0,337860.48,0.51,1,kitnet,Centro-Oeste,0.3901,3,821.53
52766,163.7,161.1,25.7,559725.47,21.58,0,casa,Nordeste,-1.2928,2,436.67
55245,70.1,68.4,15.5,350792.16,7.31,0,casa,Sudeste,-0.1544,1,286.11
50387,156.3,159.2,27.1,727183.43,8.58,0,apartamento,Sudeste,0.0465,1,942.28
53547,113.8,115.3,0.4,354535.42,8.71,0,casa,Nordeste,-1.1259,0,90.8
51337,63.7,65.5,29.2,285592.74,15.99,0,casa,Sudeste,-0.3897,3,772.38
54850,88.7,87.2,6.5,302232.01,15.52,0,casa,Norte,2.5728,3,118.98
54547,72.1,70.3,20.6,259878.93,1.78,0,casa,Nordeste,0.3226,3,215.42
55290,228.2,234.1,21.3,798941.53,4.68,0,apartamento,Nordeste,0.4707,1,108.41
54795,109.1,112.0,10.7,395651.28,10.69,0,casa,Sul,0.0066,2,123.28
53205,81.5,79.2,0.9,382917.14,8.12,0,apartamento,Sul,1.2154,0,47.69
51608,172.3,171.5,14.6,835106.31,8.9,0,apartamento,Sudeste,0.6093,1,83.11
50830,113.0,114.9,7.0,474831.46,4.79,0,casa,Sudeste,-1.5365,0,229.81
55046,78.1,76.3,6.1,308285.55,7.31,0,apartamento,Centro-Oeste,0.9848,2,168.26
55790,122.1,120.2,8.2,558291.0,2.83,0,apartamento,Sul,0.7855,0,97.68
53418,128.6,125.9,19.9,492809.13,5.75,0,apartamento,Sudeste,-0.5052,1,699.71
51734,110.8,110.7,0.8,355077.3,,0,kitnet,Sudeste,0.6134,3,99.69
55982,47.9,48.7,3.2,147911.64,2.76,1,apartamento,Nordeste,-0.4915,0,1330.22
55936,207.0,205.6,10.2,831413.72,1.07,0,apartamento,Sudeste,1.0135,0,653.56
51006,155.5,151.6,20.7,611986.37,3.19,1,sobrado,Sul,-0.3093,3,755.38
55273,166.3,161.4,3.7,641641.87,14.33,0,casa,Sudeste,0.96,3,166.3
50400,158.5,157.5,12.7,674109.75,3.2,0,casa,Sudeste,-0.1799,3,184.44
51253,270.8,266.7,54.4,1127455.26,3.29,0,apartamento,Sudeste,-1.751,3,1023.28
50021,51.5,52.5,32.2,231042.98,2.79,0,casa,Centro-Oeste,-0.4728,3,605.48
51305,85.2,85.3,,384169.82,1.5,0,apartamento,Sul,-1.8781,1,398.42
50237,43.0,42.9,0.3,170931.58,13.27,1,casa,Sudeste,-1.6462,2,969.25
53107,165.6,170.1,37.9,592002.83,15.34,0,casa,Sul,-1.7891,3,626.75
53665,100.3,101.6,21.5,389445.41,4.05,0,casa,Sul,-0.2968,2,174.01
50671,105.7,104.0,,225757.32,25.67,0,casa,Nordeste,1.7987,1,30.0
50845,35.2,34.4,1.7,186884.56,4.46,0,apartamento,Centro-Oeste,-1.0657,0,51.53
54790,127.7,128.0,27.0,430035.62,1.22,0,casa,Nordeste,1.4695,2,596.08
55463,229.1,222.8,7.5,932434.06,7.03,0,apartamento,Sudeste,-0.5901,3,202.04
51353,79.4,77.4,1.1,288229.73,31.8,0,apartamento,Sul,-0.6599,2,30.0
55229,87.1,86.3,22.6,240000.61,14.46,0,apartamento,Nordeste,0.11,1,269.64
55799,105.3,102.4,4.5,405964.99,2.45,2,casa,Nordeste,1.28,1,2736.04
53451,114.2,110.9,12.4,525932.28,14.15,1,casa,Centro-Oeste,0.313,2,624.25
50869,104.3,104.5,4.0,393543.16,3.29,1,kitnet,Nordeste,1.3757,1,2300.39
53686,119.3,117.2,12.8,417260.78,0.2,0,casa,Sul,-0.1641,3,403.11
50604,88.2,86.5,17.9,364859.53,4.56,0,apartamento,Sul,-2.87,0,263.79
54930,64.2,65.0,14.6,320302.57,9.15,1,apartamento,Nordeste,-0.4033,1,1631.96
54998,70.2,70.1,10.6,280813.35,12.4,0,casa,Sudeste,1.5031,1,213.28
54723,55.4,54.2,25.8,230696.44,4.82,1,casa,Sudeste,0.2895,0,922.22
53868,148.1,148.4,34.6,348776.36,11.57,0,apartamento,Sudeste,-1.9986,3,506.42
50902,112.7,115.6,28.8,414678.68,4.16,0,casa,Nordeste,0.4187,3,679.28
52904,96.3,96.1,0.7,272916.24,3.94,1,casa,Sudeste,2.3187,0,860.39
51747,73.8,75.7,34.4,213083.48,5.74,0,casa,Sudeste,-0.423,1,713.58
53310,112.2,113.3,59.6,555122.36,7.66,0,casa,Nordeste,1.4537,1,510.72
52051,148.7,149.3,5.2,575783.74,0.31,0,casa,Norte,-1.7907,0,146.05
54047,115.2,114.6,5.6,488740.56,2.5,0,casa,Sul,0.0062,1,192.6
53928,247.3,246.5,6.8,738305.28,12.65,0,kitnet,Nordeste,-0.3401,0,206.09
52757,169.5,171.4,3.7,808489.0,1.99,0,sobrado,Sul,-0.1944,0,123.51
55974,185.9,184.2,6.9,730422.46,10.94,0,sobrado,Sudeste,-0.3531,2,106.77
54417,111.1,109.9,2.4,489582.2,11.54,0,apartamento,Sudeste,-0.3619,1,74.86
50696,153.9,157.1,24.7,752288.71,4.68,0,apartamento,Sul,-0.7711,3,218.75
51179,170.8,169.6,14.8,740801.38,8.84,1,apartamento,Sudeste,-2.2988,3,1521.52
54720,250.9,256.7,4.8,1025170.32,0.74,0,apartamento,Nordeste,0.4001,0,178.7
55909,244.0,238.8,3.5,755535.55,0.2,0,casa,Nordeste,0.1679,2,97.48
52173,104.6,103.7,5.3,334454.38,5.42,0,casa,Sul,-1.3405,2,114.93
55107,64.5,63.9,9.7,254367.57,0.2,0,apartamento,Nordeste,1.0968,0,525.25
51090,107.3,104.8,51.1,446421.37,2.17,0,apartamento,Centro-Oeste,-0.568,3,1020.39
50848,57.2,56.0,17.4,223311.03,3.72,0,apartamento,Sudeste,-0.1485,3,269.31
51769,71.5,72.8,4.1,223394.18,2.39,1,sobrado,Nordeste,1.0178,1,1467.66
53808,140.9,137.1,90.0,516370.35,1.16,0,apartamento,Norte,0.5077,2,1292.85
54876,124.0,127.0,30.8,490923.95,4.96,1,casa,Sudeste,-0.2094,3,1364.33
53745,99.4,98.0,,443353.93,0.6,0,apartamento,Sudeste,0.0957,1,270.79
50605,74.9,73.9,,323241.74,0.65,1,apartamento,Sudeste,-0.5688,3,547.89
50174,91.5,91.8,14.0,275210.48,26.6,1,sobrado,Sul,-1.6102,0,1566.87
55298,31.4,30.9,,120886.21,,0,sobrado,Sul,0.0107,2,478.1
52269,132.0,130.6,2.7,406230.39,8.04,0,casa,Nordeste,2.0262,3,85.12
52463,223.3,224.8,18.1,710196.95,2.65,1,apartamento,Sul,-1.7036,3,1690.56
50100,170.5,166.2,3.2,7426168.43,5.91,1,casa,Sudeste,-2.4013,1,785.41
51243,117.6,120.2,2.0,343759.51,9.14,0,apartamento,Sul,0.101,3,90.08
50741,162.3,162.7,26.4,631511.57,12.3,1,casa,Sudeste,-0.2632,2,618.72
50334,123.1,120.9,57.6,476088.96,11.4,0,casa,Sul,-1.0706,3,886.84
52908,145.8,148.6,4.7,509146.34,0.35,0,apartamento,Sul,0.5553,0,47.57
52881,136.5,135.5,0.3,552691.15,5.75,0,sobrado,Sul,1.4175,1,58.26
53292,170.9,171.9,55.5,513895.35,12.61,0,apartamento,Nordeste,-0.5642,0,227.12
53463,80.4,78.3,12.8,210705.13,13.24,0,casa,Sul,0.7422,2,463.25
54690,140.0,137.6,0.0,305316.38,4.72,0,casa,Sul,-0.1104,2,50.18
52987,87.8,89.5,,317332.45,1.38,1,casa,Centro-Oeste,0.178,0,1200.11
55429,89.9,89.6,22.5,373386.46,7.36,0,casa,Sudeste,0.0235,1,321.1
54702,148.4,145.4,16.1,453285.44,31.64,1,apartamento,Sul,-1.2065,1,1499.04
54423,108.3,106.1,11.4,391607.54,1.16,0,sobrado,Sudeste,-0.848,2,355.04
54043,113.1,112.7,13.2,384341.42,4.67,0,apartamento,Sudeste,-0.587,2,104.07
55771,72.3,73.9,5.2,306312.17,0.38,0,sobrado,Centro-Oeste,0.3202,2,164.93
54736,128.1,124.4,7.6,648237.86,12.08,0,sobrado,Sudeste,-0.1828,0,159.87
51468,175.4,176.6,14.7,437110.97,1.51,0,apartamento,Sudeste,-0.8799,0,285.0
51838,145.9,144.0,2.5,478002.78,12.83,1,apartamento,Nordeste,-0.878,3,407.82
53123,184.9,183.2,1.0,769027.88,10.46,0,casa,Sudeste,-1.2479,2,45.58
53674,152.3,150.6,18.3,468369.32,13.51,0,casa,Sudeste,0.5216,0,160.18
50460,172.3,170.1,8.1,791878.76,0.73,0,apartamento,Nordeste,-0.9644,1,200.37
55142,149.8,149.3,13.1,581974.33,27.35,0,apartamento,Sudeste,0.749,2,140.08
51562,102.4,104.5,10.8,475612.66,14.89,1,casa,Nordeste,0.2286,2,872.5
51975,36.0,35.6,4.0,79137.21,20.6,0,kitnet,Norte,0.4979,3,36.51
53290,183.6,184.0,32.9,674899.18,2.57,0,sobrado,Norte,-1.4489,1,558.35
54515,120.1,119.4,17.9,536765.46,0.24,0,apartamento,Centro-Oeste,-0.0317,1,281.04
50738,147.7,145.3,7.7,654765.99,5.37,0,casa,Sudeste,0.2492,2,165.48
55485,108.4,110.0,25.6,300535.28,7.12,0,casa,Nordeste,0.5687,2,1055.51
51438,131.7,128.9,30.3,397668.47,0.62,0,casa,Norte,-1.3595,2,764.76
50497,99.2,99.1,12.6,376126.13,1.04,0,casa,Sudeste,0.4344,2,226.74
52750,242.3,248.5,9.1,402920.28,16.12,0,casa,Centro-Oeste,-1.5596,2,103.22
53945,131.1,130.8,,397919.17,18.78,0,casa,Nordeste,1.966,0,30.0
50375,101.6,103.8,0.5,405272.21,11.41,0,apartamento,Centro-Oeste,-0.1977,3,30.0
55071,112.5,111.7,11.2,572852.12,11.93,1,apartamento,Sudeste,2.6474,1,1343.12
51209,151.2,153.5,4.9,599639.16,8.21,0,casa,Centro-Oeste,-0.9253,0,65.01
55037,101.9,102.8,,464141.96,13.82,0,apartamento,Nordeste,1.0082,3,1087.11
50404,139.1,143.3,1.5,336581.42,17.11,0,casa,Sudeste,-0.2762,0,59.82
53778,94.5,92.5,18.0,438321.88,0.2,1,apartamento,Sudeste,-0.6315,0,1118.65
52467,141.8,142.8,67.7,482885.11,0.89,0,casa,Sudeste,-0.1185,0,603.32
50093,88.8,87.2,2.1,172614.99,4.9,0,kitnet,Sudeste,-0.3144,3,78.88
53513,42.8,43.1,0.0,179867.33,8.08,0,casa,Sudeste,-1.7346,1,40.79
53204,132.5,135.1,24.3,509659.79,,2,apartamento,Nordeste,-0.9329,2,3197.18
52221,161.4,161.6,86.9,549512.2,4.77,0,apartamento,Sul,0.2898,3,929.9
51849,64.0,65.4,33.1,230909.0,45.82,0,casa,Nordeste,0.0367,3,277.1
50827,128.6,131.7,2.9,476564.6,,0,sobrado,Sudeste,-1.3232,3,70.01
54524,163.9,159.6,5.0,595534.76,0.68,0,casa,Norte,-0.1359,0,139.67
53187,191.8,186.8,,771844.27,2.42,0,sobrado,Sudeste,-0.2397,1,210.03
54378,128.1,125.2,11.5,197763.55,11.06,1,apartamento,Sudeste,0.8811,3,2499.68
50343,98.7,101.0,12.1,292163.43,8.03,0,casa,Nordeste,-0.1058,2,125.85
52683,174.4,172.3,14.9,949717.15,1.16,0,apartamento,Sudeste,-0.0752,1,672.66
52786,65.8,65.6,1.0,195794.15,5.58,0,casa,Centro-Oeste,-1.137,2,68.98
52547,101.4,104.4,4.8,441408.18,0.71,0,casa,Nordeste,-0.4985,1,126.03
53146,86.0,86.9,9.9,373221.45,9.89,0,casa,Sudeste,-1.4432,2,194.58
55209,249.0,255.1,45.6,916827.5,2.18,1,apartamento,Sudeste,0.8773,2,1426.01
50691,162.2,163.3,,623143.55,7.81,0,apartamento,Sudeste,0.4946,2,565.79
50000,116.7,116.8,1.1,388219.27,9.28,2,casa,Nordeste,-1.0364,2,2213.29
51582,86.8,89.2,18.7,436560.54,,1,apartamento,Sudeste,-1.2607,0,1411.39
51707,117.0,118.4,3.0,407962.59,8.62,0,casa,Nordeste,-0.7906,2,103.02
55512,150.6,151.9,6.1,449031.82,8.04,0,sobrado,Sul,0.544,3,89.89
52021,69.4,71.0,5.8,269177.99,3.99,0,apartamento,Nordeste,-1.7099,3,80.78
53221,95.3,96.7,,410914.16,2.23,1,casa,Sudeste,1.6317,3,395.78
53591,63.6,62.1,6.5,2478045.87,0.23,1,apartamento,Sul,0.2462,2,1622.04
52003,209.8,208.5,7.0,672161.26,3.91,1,casa,Centro-Oeste,-1.1953,2,1431.2
51131,122.3,123.9,7.9,352083.96,0.2,0,sobrado,Nordeste,-0.2226,1,192.88
55747,122.7,122.0,1.3,305725.89,0.2,2,apartamento,Nordeste,0.0077,0,1405.56
53717,77.0,77.7,4.1,374044.62,2.72,0,apartamento,Sudeste,-0.0659,1,186.71
52304,83.5,83.9,25.8,355787.46,4.66,0,apartamento,Sul,0.1554,1,388.63
55343,172.5,168.3,0.9,637624.86,19.05,0,casa,Sul,-1.4867,3,30.0
55672,109.7,113.0,3.6,450441.34,2.0,1,casa,Sudeste,-0.4992,0,816.71
52375,105.5,106.2,0.6,433750.76,5.64,0,apartamento,Sudeste,0.1411,1,43.56
53395,200.0,204.6,4.2,772246.4,4.1,0,casa,Norte,-0.3856,1,258.0
52261,172.3,177.1,11.8,736039.15,1.25,1,apartamento,Sul,-0.893,0,770.45
51731,101.7,101.0,6.8,486109.79,0.84,0,casa,Centro-Oeste,-1.6442,2,180.68
51159,96.9,94.1,4.7,380463.17,13.8,0,casa,Nordeste,2.1701,0,118.12
54342,131.2,131.2,30.8,454241.18,7.18,0,casa,Nordeste,-0.986,3,632.89
52120,206.5,205.7,0.2,804270.26,18.58,3,apartamento,Centro-Oeste,0.5746,1,3851.39
55701,58.7,60.0,3.5,307092.16,3.11,1,casa,Nordeste,-0.1117,0,465.3
52685,149.5,145.9,,417938.35,2.99,0,casa,Sudeste,-1.5569,0,310.98
51671,120.5,119.4,10.8,423296.25,1.13,0,apartamento,Nordeste,-0.4303,2,370.17
55025,95.4,97.8,38.0,3550268.76,3.41,1,casa,Sudeste,0.4954,3,1363.41
55756,243.0,243.6,15.1,1302791.86,4.33,0,casa,Sul,0.5784,2,263.61
53273,135.1,137.7,18.6,347149.37,10.84,0,casa,Sudeste,-0.4798,3,488.83
51971,58.8,57.1,6.5,217752.46,5.89,1,casa,Nordeste,-0.5272,0,956.1
54461,164.0,164.1,12.5,781329.91,1.11,0,apartamento,Norte,-0.4007,0,285.64
52296,112.3,112.6,,408281.15,7.16,0,casa,Sul,1.3149,3,36.7
50736,40.8,40.1,6.7,138531.85,2.66,0,apartamento,Sudeste,-0.3103,1,92.38
54122,75.5,76.5,27.5,302068.7,0.28,1,apartamento,Sudeste,1.1483,3,1164.71
55537,61.8,60.2,2.6,243768.89,17.29,0,apartamento,Sul,-0.5294,3,32.07
54776,65.7,66.2,3.0,158312.23,2.43,0,casa,Sudeste,1.5914,0,157.87
55346,144.6,147.8,6.5,429310.1,11.35,0,apartamento,Sul,-0.763,3,178.89
54099,153.2,151.1,0.6,631935.15,5.57,1,casa,Sudeste,0.9777,1,738.82
50837,88.3,88.5,3.4,386243.08,4.03,0,casa,Nordeste,0.6025,2,150.24
50292,122.7,123.6,3.0,537486.97,6.29,0,apartamento,Sudeste,-0.5887,3,122.97
50698,159.2,156.3,18.5,438790.1,,2,cobertura_duplex,Centro-Oeste,1.6648,3,2745.49
55144,210.1,215.9,,1006822.22,,0,casa,Sul,0.9111,3,205.47
54903,127.2,130.2,50.8,392325.53,1.11,0,casa,Sudeste,-0.4367,3,688.48
53969,145.1,147.0,22.7,400020.2,0.93,0,apartamento,Sudeste,-0.6031,1,645.03
55649,195.5,193.5,0.1,919051.38,3.42,0,apartamento,Sul,0.7034,3,68.06
55930,136.0,138.4,,455963.96,4.0,0,casa,Sudeste,-0.3055,3,263.89
51963,140.0,139.2,1.3,375991.59,0.66,0,apartamento,Norte,-2.4101,2,56.54
55345,119.0,116.7,3.2,406616.88,1.04,1,apartamento,Nordeste,1.5544,1,828.44
52274,118.6,115.2,6.6,473932.35,4.83,0,casa,Sul,0.9595,0,53.13
53441,134.9,134.7,0.8,732410.88,8.61,1,casa,Centro-Oeste,0.0082,0,999.87
55394,112.5,111.1,2.2,527559.9,0.91,1,casa,Sudeste,0.3933,3,1225.19
51868,50.2,49.2,8.3,185500.39,4.66,0,kitnet,Nordeste,1.1141,1,134.68
52387,145.6,149.1,21.8,499673.76,5.57,0,sobrado,Norte,-1.7907,2,156.0
55539,165.9,170.7,17.0,742057.77,3.1,1,sobrado,Nordeste,2.2173,3,737.53
52671,63.4,65.0,18.9,214938.97,8.12,0,casa,Sudeste,-1.121,3,198.43
54699,237.6,240.9,30.9,731900.01,2.63,1,casa,Sul,0.3529,3,4866.91
53516,99.1,100.5,9.2,377469.69,4.82,0,casa,Sudeste,-0.8458,2,466.0
55385,94.6,96.8,2.6,429213.55,4.64,0,apartamento,Sudeste,0.109,0,101.16
52502,79.1,80.9,40.1,328763.59,3.73,0,casa,Norte,-0.7692,3,1090.37
53988,130.8,134.3,20.3,661491.45,1.08,1,casa,Sudeste,0.2602,2,3322.66
53999,125.1,123.2,46.4,259351.22,14.91,1,casa,Sudeste,0.4718,1,2970.71
50063,162.5,158.9,18.7,595512.03,6.74,0,sobrado,Nordeste,-2.6667,2,408.06
55086,202.5,199.2,90.0,771761.05,1.92,0,apartamento,Centro-Oeste,-0.8603,3,1294.31
51384,84.7,85.1,2.3,423225.55,4.43,2,cobertura_duplex,Nordeste,-0.482,3,6727.51
54333,238.0,242.3,4.3,472516.27,2.74,0,apartamento,Sul,-1.924,0,172.13
50650,151.2,149.0,15.3,584749.97,18.35,0,sobrado,Nordeste,0.7938,3,240.44
51967,203.9,206.3,9.9,864450.61,6.18,0,kitnet,Sudeste,0.7168,3,319.39
50112,84.6,85.2,,187167.63,5.39,0,casa,Sudeste,1.0166,2,885.09
53024,53.5,53.2,18.4,246063.38,5.05,0,casa,Nordeste,-1.3798,3,323.92
55444,92.4,90.3,50.8,258220.61,0.9,2,apartamento,Norte,0.4786,3,3337.82
50804,61.4,60.6,3.4,238103.88,7.09,0,casa,Sul,0.8797,1,122.23
50577,68.3,68.9,26.6,228328.65,7.17,0,sobrado,Sudeste,-0.8357,1,400.8
50126,64.1,63.2,0.0,282006.7,15.91,0,apartamento,Sul,-0.9484,0,30.0
53331,153.6,155.4,12.0,663660.92,1.38,0,casa,Norte,-1.789,2,262.73
53793,109.6,110.2,13.3,392153.73,6.19,0,casa,Sul,-1.2232,3,303.05
55681,118.3,119.4,2.4,474569.94,6.74,0,casa,Sudeste,0.0388,3,104.85
51400,93.1,93.5,5.2,322153.65,4.79,0,sobrado,Nordeste,-0.4052,2,239.13
50851,78.9,79.7,15.1,368967.23,4.99,0,casa,Sudeste,-0.5564,0,196.41
55704,105.5,107.0,62.2,396384.93,2.12,0,casa,Sudeste,0.7159,1,427.95
53057,198.1,197.7,3.3,648982.8,13.22,0,apartamento,Sudeste,0.4546,1,30.0
52665,121.5,122.9,,567944.24,1.18,0,kitnet,Sudeste,-0.6511,1,383.77
54103,101.7,103.4,19.7,462985.39,29.0,0,apartamento,Sul,-0.7904,3,196.95
54950,87.9,89.4,14.2,402676.12,3.55,1,casa,Sudeste,-0.4301,1,1452.1
52995,162.4,157.9,2.8,732246.95,1.64,0,casa,Sudeste,-0.1755,0,113.81
52679,125.1,124.5,5.5,520216.56,7.18,1,casa,Sul,0.6258,0,369.95
53893,87.4,88.0,,451085.84,2.24,0,casa,Sudeste,-0.0542,1,197.79
55870,100.9,99.5,14.1,409822.7,1.5,0,sobrado,Sul,-0.8301,0,759.11
52977,183.1,185.9,9.2,504173.21,11.45,0,apartamento,Sudeste,0.1991,3,245.52
51053,146.9,147.4,9.9,590064.42,0.67,1,apartamento,Nordeste,1.4984,2,1994.71
54503,205.2,199.1,4.8,930375.91,4.66,0,apartamento,Sudeste,2.1341,2,247.13
55965,77.3,79.0,37.0,390866.08,6.86,2,apartamento,Sudeste,1.6432,3,2054.97
52405,104.5,103.1,12.1,446802.67,2.76,0,casa,Centro-Oeste,-2.4058,3,141.57
53860,200.3,196.0,17.7,685441.43,0.71,0,casa,Nordeste,1.0666,1,819.43
50153,113.1,110.4,0.6,428479.85,6.84,0,casa,Norte,-2.8309,3,30.0
52391,71.7,73.2,1.2,343228.33,1.51,1,casa,Sudeste,-0.5007,0,539.6
52353,127.2,129.1,4.9,604206.15,0.6,0,casa,Nordeste,-1.0446,0,109.94
55100,100.6,99.1,62.6,339535.33,1.21,0,kitnet,Nordeste,1.5273,1,1357.1
52660,75.5,73.6,11.7,286002.32,4.47,0,apartamento,Sul,0.3655,1,428.38
55663,95.7,93.6,40.7,373617.11,6.5,2,casa,Sudeste,3.2829,1,5986.76
50280,141.5,138.3,5.9,472006.99,0.2,0,sobrado,Sul,-0.6026,1,113.0
55787,152.3,156.0,,642161.91,7.16,0,casa,Sudeste,1.2838,0,248.34
53821,126.5,124.6,7.3,469320.9,10.24,0,apartamento,Sudeste,-0.2506,3,180.41
53128,78.1,76.9,8.1,216333.58,0.2,0,apartamento,Sudeste,0.8588,0,166.8
54496,167.9,168.9,38.1,494489.2,,0,apartamento,Sudeste,-0.2589,2,510.81
55593,47.4,46.2,28.0,155928.85,2.76,1,casa,Nordeste,-0.5079,1,765.21
51479,137.6,135.6,4.4,7114181.18,0.2,1,casa,Nordeste,-0.4168,0,703.99
53811,230.3,233.9,28.0,968284.3,17.78,0,apartamento,Sudeste,0.4529,0,453.08
50504,241.3,240.7,,1002149.88,5.21,0,casa,Nordeste,-0.9196,2,202.18
50903,247.3,240.3,,1025029.45,1.31,0,casa,Sudeste,1.1312,3,204.58
52040,193.7,188.0,11.9,767324.03,35.22,1,apartamento,Sudeste,1.1082,1,1103.02
51672,279.9,277.0,6.6,1122444.41,3.29,0,casa,Sudeste,0.1812,3,150.29
53751,86.9,85.5,21.6,253887.39,7.32,0,casa,Nordeste,-0.5554,1,381.23
50550,54.2,52.7,20.9,184105.24,3.13,1,apartamento,Sudeste,0.8927,1,1741.28
51862,128.0,130.6,,460590.17,7.17,2,casa,Nordeste,0.0253,2,4416.34
51805,100.8,99.3,6.7,522626.67,3.07,0,apartamento,Sudeste,0.3451,0,151.23
55895,197.6,198.2,23.9,784101.16,1.94,0,apartamento,Sudeste,0.0532,3,548.66
55226,97.7,99.8,48.6,344836.49,0.33,1,casa,Nordeste,-1.3652,0,924.43
50945,148.3,146.1,46.2,458684.67,1.57,0,apartamento,Sul,-0.2089,1,3579.78
53642,115.4,115.6,4.7,513961.5,13.16,0,sobrado,Sul,0.5596,2,88.66
54259,126.2,126.2,4.8,477139.85,12.95,0,casa,Sudeste,0.6536,0,88.02
51690,105.0,104.3,8.8,351036.53,1.2,0,sobrado,Sudeste,-1.2536,0,368.31
52107,141.0,139.6,15.9,512547.89,13.13,1,casa,Sudeste,1.0915,2,1028.3
55902,114.5,112.0,8.8,486643.63,2.49,0,casa,Centro-Oeste,-0.0527,1,297.45
53125,33.2,34.0,18.6,153930.76,1.19,1,apartamento,Nordeste,-0.3419,2,728.77
55610,64.5,65.1,6.6,226360.17,6.5,0,sobrado,Centro-Oeste,-1.1572,2,255.35
53398,152.5,149.2,29.3,515162.85,19.1,0,apartamento,Nordeste,1.0689,0,166.45
50449,126.8,123.9,26.5,490796.17,0.35,0,kitnet,Nordeste,-1.8788,2,782.97
52903,124.7,123.6,1.5,589119.72,3.54,0,casa,Sudeste,-1.0187,2,105.62
50941,83.0,81.7,,274250.03,16.19,0,casa,Sudeste,-0.2246,2,253.58
51020,166.0,168.6,24.4,638094.85,7.86,0,apartamento,Sul,-0.4293,2,369.74
51532,120.8,121.0,2.1,465753.32,6.26,0,apartamento,Nordeste,2.0637,0,75.53
51847,87.1,88.8,59.0,175915.98,3.96,1,casa,Norte,-0.1809,0,5040.73
54011,252.7,252.1,6.6,859398.1,7.54,0,apartamento,Sudeste,-0.6962,3,79.58
53898,72.1,71.5,29.6,213698.95,14.22,0,apartamento,Sul,-1.4339,1,252.89
50437,166.3,161.7,19.6,655958.12,3.06,0,casa,Sudeste,0.4012,1,298.15
55410,219.2,215.9,4.4,816822.78,5.02,0,casa,Sudeste,-0.8603,2,165.9
53445,136.8,133.7,12.4,491495.27,3.18,0,sobrado,Sudeste,-0.3573,2,207.06
54882,90.4,90.1,1.9,343929.72,17.73,0,casa,Sudeste,1.7417,1,36.88
54969,105.6,108.5,18.6,354232.9,4.49,0,sobrado,Nordeste,1.854,2,333.45
50739,68.9,69.9,8.8,255680.86,0.32,2,casa,Nordeste,-1.1185,3,1990.89
52867,175.0,172.8,14.6,673714.39,2.93,0,apartamento,Sudeste,0.8884,0,207.38
53291,51.3,50.1,22.3,165393.92,0.5,0,apartamento,Centro-Oeste,-1.0711,0,618.07
55102,185.7,180.7,26.4,774159.72,6.68,1,apartamento,Sul,-1.845,1,1734.76
50586,97.7,99.6,57.5,368801.11,17.86,0,apartamento,Sul,0.7329,0,1752.71
55402,170.3,171.4,5.5,547716.52,0.59,1,sobrado,Nordeste,0.611,1,575.33
52989,34.4,34.7,3.2,131293.03,8.9,1,apartamento,Sudeste,1.1988,0,1154.1
54444,145.6,141.9,16.6,560376.54,18.42,0,casa,Norte,-0.2913,2,132.8
51028,144.8,144.6,11.7,592972.84,0.35,0,apartamento,Nordeste,0.0714,0,300.53
55259,97.6,99.6,30.5,459236.82,0.2,0,casa,Sul,0.4678,1,2169.83
53279,44.3,45.0,21.9,124216.12,5.48,0,apartamento,Nordeste,-1.0874,2,256.43
53208,105.1,107.0,1.1,528706.66,11.58,0,casa,Sudeste,0.9176,1,75.58
55906,119.1,122.1,3.7,481561.55,0.7,0,casa,Sudeste,0.2193,1,173.53
55637,119.6,118.8,12.9,507176.37,1.04,1,apartamento,Sudeste,0.1576,2,1287.31
50573,91.2,93.8,9.8,351580.01,5.43,1,casa,Centro-Oeste,-1.0232,2,982.6
54040,167.5,168.5,,728100.52,19.07,0,casa,Sudeste,0.1468,1,378.73
50647,53.4,54.4,2.9,143052.71,1.91,0,kitnet,Nordeste,0.8745,0,130.73
50595,76.3,75.0,,436125.68,0.2,1,sobrado,Sudeste,-0.2069,0,1407.16
55347,230.3,224.5,16.7,1187256.73,0.48,0,kitnet,Sul,0.5618,3,305.41
55654,94.5,92.5,19.3,318439.12,0.92,0,kitnet,Norte,2.5711,2,426.12
53396,77.4,78.8,5.9,380601.41,4.21,0,casa,Centro-Oeste,-0.7633,0,110.87
51308,140.0,143.1,11.6,483913.17,4.92,0,sobrado,Sul,-0.234,0,226.02
54566,97.8,98.6,13.3,326833.02,2.48,1,apartamento,Sudeste,0.8195,1,1287.68
55852,63.2,61.5,15.8,157010.96,15.17,0,kitnet,Sudeste,-0.9793,2,95.99
54896,171.3,169.8,8.5,5000578.34,7.95,0,apartamento,Nordeste,0.1073,1,299.42
50281,52.5,53.2,3.6,145496.1,8.31,0,casa,Nordeste,-1.574,2,61.0
55028,171.8,176.3,13.3,724375.19,6.13,0,apartamento,Sudeste,0.61,0,313.65
50732,83.6,85.0,0.8,347812.28,3.24,0,casa,Sul,-1.2626,0,90.99
52763,105.5,107.6,14.6,355918.1,0.25,1,casa,Nordeste,0.0148,2,583.05
52999,88.9,89.3,16.6,413890.3,0.79,0,apartamento,Nordeste,-1.1174,2,400.67
51908,119.7,121.0,13.2,377354.2,6.01,1,apartamento,Sudeste,-0.3421,2,1626.13
55240,168.3,164.1,14.0,695316.82,2.37,2,apartamento,Sudeste,0.7309,2,3348.55
53085,336.1,326.9,6.1,1161491.98,6.16,0,casa,Centro-Oeste,0.3845,1,195.69
51111,140.7,143.8,,522967.5,6.23,2,apartamento,Sul,-0.2116,3,1026.25
54680,137.7,138.3,3.9,628681.41,6.38,0,sobrado,Nordeste,1.7547,3,154.13
52195,107.0,107.2,,370459.61,4.33,0,apartamento,Sudeste,-0.4716,0,226.4
50160,100.5,103.5,0.1,386941.85,6.01,0,casa,Nordeste,-0.0458,1,30.0
55207,56.7,57.6,7.6,249547.23,3.7,0,casa,Sul,0.3805,0,148.61
52798,58.6,57.1,21.4,235294.41,4.07,0,apartamento,Sudeste,-0.1234,0,839.19
53165,219.0,220.8,30.5,631516.96,20.18,0,casa,Sudeste,-0.8824,0,713.05
54955,77.1,78.4,0.1,291085.61,6.78,0,casa,Sudeste,-1.021,0,57.51
50952,123.5,126.7,32.9,333914.67,2.83,0,casa,Sul,-1.1399,2,397.32
54232,154.2,153.6,22.0,687920.32,0.91,0,casa,Sudeste,-0.1214,3,334.75
51331,146.1,150.2,2.8,483415.31,16.55,0,casa,Sul,0.7156,3,75.73
51219,258.6,261.1,11.0,897242.57,23.52,0,casa,Nordeste,-0.6395,3,83.91
55311,40.3,39.5,5.9,125225.57,0.4,0,apartamento,Sul,-1.1387,0,170.47
50606,171.5,174.3,40.4,733990.9,6.33,0,casa,Norte,-1.9696,1,1473.99
50164,106.0,107.4,7.1,297373.22,1.21,0,casa,Sul,0.3013,2,262.41
51040,222.6,220.1,2.8,706078.23,1.21,0,apartamento,Sudeste,0.7006,2,94.16
53968,176.3,179.9,10.1,775930.73,6.2,0,sobrado,Nordeste,0.0472,3,181.6
50209,47.7,47.5,28.0,209566.94,2.63,0,apartamento,Sudeste,-0.1516,3,410.2
53612,65.2,67.0,14.6,236993.59,12.14,1,sobrado,Nordeste,-1.3063,3,964.98
50329,85.7,88.1,51.6,220901.23,3.02,0,casa,Nordeste,-0.2979,3,1600.54
52546,85.7,84.8,3.5,285389.67,,0,sobrado,Nordeste,0.52,0,47.59
53929,224.2,219.1,31.4,744988.18,2.41,0,apartamento,Centro-Oeste,0.3537,2,195.24
54297,35.7,36.6,11.8,156470.8,5.57,0,apartamento,Sudeste,0.9528,3,140.52
51429,135.0,138.1,25.7,458593.64,0.24,0,kitnet,Nordeste,1.1597,1,217.78
55872,77.1,78.8,11.5,352573.06,0.33,1,kitnet,Nordeste,0.2051,3,1642.53
54905,78.3,78.6,1.5,332156.74,16.58,3,apartamento,Nordeste,-0.3279,3,5352.54
50433,195.0,195.9,4.6,636237.21,6.55,0,apartamento,Sudeste,-0.632,0,130.06
55203,198.1,200.2,28.9,768412.39,10.34,2,casa,Sudeste,0.6899,0,5844.86
50860,73.6,75.4,18.1,273438.36,7.99,1,casa,Sudeste,-0.2196,1,2999.79
54370,101.5,104.3,0.9,323964.93,3.72,1,apartamento,Sul,-1.0919,0,1146.67
50967,66.3,66.7,5.2,242159.96,14.09,0,casa,Centro-Oeste,0.8024,0,89.31
53729,203.2,200.5,16.7,646877.46,2.86,1,cobertura_duplex,Nordeste,-1.6288,2,1928.17
53486,127.5,125.1,12.5,399240.65,5.3,0,casa,Norte,-1.6539,3,117.77
53734,129.9,128.0,21.0,333994.5,2.72,0,kitnet,Sudeste,-0.107,1,661.27
53623,157.7,161.7,23.1,604502.1,2.61,0,apartamento,Sudeste,-1.3261,1,544.16
55967,117.9,116.6,16.8,354472.59,9.64,0,sobrado,Nordeste,-0.241,2,308.08
53413,245.0,250.0,3.9,804603.22,15.46,0,casa,Sudeste,-0.4807,0,86.31
53695,118.1,115.9,31.3,616291.08,6.28,0,apartamento,Nordeste,-0.4058,3,764.98
55442,83.3,83.9,3.4,397864.57,2.96,0,apartamento,Sul,0.8524,3,63.26
52813,62.2,60.5,20.7,207786.59,6.52,0,apartamento,Nordeste,2.6921,3,266.72
54981,127.4,129.2,16.2,426848.16,0.2,0,apartamento,Norte,-1.5487,1,592.79
54652,100.2,100.1,5.3,390488.64,2.15,0,apartamento,Sul,0.6639,3,121.18
50908,98.2,98.8,4.1,384125.48,14.69,0,casa,Centro-Oeste,0.7461,1,30.0
55477,80.6,82.6,37.6,361312.96,1.85,0,apartamento,Sudeste,0.6957,0,185.31
52562,155.6,156.9,8.1,417340.39,21.29,0,apartamento,Nordeste,0.7947,1,133.26
54605,63.5,61.6,12.2,242306.32,3.71,0,apartamento,Nordeste,-0.3317,1,193.17
54317,95.9,97.8,2.6,357550.78,10.01,0,apartamento,Sudeste,-0.0348,2,117.28
55393,72.8,72.2,3.8,385116.1,5.72,0,casa,Sul,-0.0709,3,172.3
50146,128.7,131.7,7.1,392549.02,8.18,0,sobrado,Sudeste,1.0067,1,49.43
53361,134.9,136.4,9.3,433987.16,6.41,0,apartamento,Sudeste,-0.4929,2,207.71
51777,125.8,128.4,7.7,579548.51,4.49,0,apartamento,Sudeste,1.6212,1,202.02
55149,158.6,158.0,5.2,575414.77,3.86,0,apartamento,Norte,0.3428,3,37.78
53186,51.8,51.0,16.4,269752.36,14.67,2,apartamento,Sudeste,-1.3106,1,5530.56
50508,43.7,44.8,16.8,150457.09,3.02,0,casa,Sul,0.1656,3,448.64
54419,97.5,100.4,11.9,467400.97,5.58,0,apartamento,Sudeste,1.9135,2,417.7
51561,59.5,58.6,3.7,312889.11,14.9,0,casa,Sudeste,0.6099,2,69.51
54272,75.0,74.8,18.9,356811.67,1.06,0,kitnet,Sudeste,-0.6371,1,438.73
52852,123.8,122.7,7.1,546265.98,1.65,0,kitnet,Sul,-1.3947,1,157.25
50168,219.9,223.3,5.6,932403.73,24.28,0,sobrado,Sudeste,0.4987,1,119.33
53419,68.2,68.8,,328707.69,0.72,0,sobrado,Sul,-0.4422,3,128.32
55496,125.8,123.1,49.0,324954.42,2.86,0,apartamento,Sul,0.4247,2,547.39
51392,200.6,200.9,18.9,697077.95,2.1,1,apartamento,Sul,-0.9498,2,1300.41
52257,109.7,110.0,42.4,282082.11,58.08,1,apartamento,Sudeste,1.2214,0,3353.93
52237,34.4,34.4,17.1,114364.27,19.58,0,sobrado,Sudeste,0.0896,3,198.64
50136,93.4,93.7,16.3,417410.36,10.94,0,apartamento,Sudeste,0.3489,2,127.95
55566,106.9,108.7,10.6,327681.88,15.1,0,casa,Sul,0.1554,0,99.6
55374,122.9,126.2,9.3,479508.41,1.66,1,apartamento,Norte,0.1735,2,3365.18
50894,174.4,178.5,2.3,855801.43,2.22,0,apartamento,Sul,-1.4261,0,135.81
50197,179.6,177.5,4.7,775050.49,18.99,0,casa,Centro-Oeste,1.1393,2,114.64
51483,186.8,189.0,36.4,764531.4,6.85,0,apartamento,Sudeste,0.7858,0,1279.31
51792,125.2,128.5,1.4,565423.94,3.38,0,casa,Norte,0.9521,0,80.76
54863,43.8,44.3,13.9,187659.63,7.21,0,casa,Nordeste,-1.2815,3,397.17
55208,149.7,151.5,35.8,527618.44,19.7,0,apartamento,Sudeste,0.5481,3,311.52
55903,190.8,186.2,3.9,849220.39,3.59,0,casa,Centro-Oeste,1.2105,1,249.33
52850,91.9,90.6,8.6,425866.39,1.78,1,sobrado,Sudeste,0.9572,3,1252.53
53116,96.5,94.5,25.0,437253.91,5.16,0,apartamento,Centro-Oeste,1.3292,2,252.15
54961,129.8,130.2,12.9,424506.1,11.62,0,casa,Centro-Oeste,-1.2468,2,112.65
52389,102.6,100.9,,378362.76,1.35,0,sobrado,Nordeste,0.9415,1,255.66
55181,264.2,257.5,17.2,1197285.62,8.65,0,casa,Sul,-1.0174,0,490.05
51447,222.2,228.5,7.2,891202.08,,1,apartamento,Nordeste,-1.0351,3,1116.38
50199,139.1,137.1,12.4,539992.52,0.2,0,casa,Norte,0.4593,1,127.92
54525,200.0,204.1,,910518.44,40.31,0,apartamento,Norte,0.5549,3,727.02
53611,92.7,90.0,5.4,393448.22,6.52,0,apartamento,Sudeste,-1.5394,2,137.95
53466,167.6,164.2,0.0,510505.37,4.01,0,sobrado,Sul,-1.0258,3,82.77
51823,82.6,83.9,14.8,273841.27,7.99,0,casa,Norte,-1.4968,0,114.4
51795,105.3,103.9,13.8,304081.44,,1,casa,Nordeste,-1.4441,0,1122.6
50730,126.0,127.5,7.2,617450.13,1.71,0,casa,Sudeste,-0.4192,3,104.56
53886,64.7,64.2,26.6,215468.26,3.88,0,apartamento,Sudeste,1.2394,0,352.01
54393,79.6,77.5,,365221.39,3.5,0,sobrado,Norte,0.1056,3,228.77
52121,109.1,108.4,2.4,432299.25,2.94,1,apartamento,Norte,0.8932,2,758.55
53465,207.0,201.1,5.3,1024921.49,0.23,0,apartamento,Centro-Oeste,-0.7515,0,302.24
50807,96.6,97.3,14.9,242189.78,6.16,0,apartamento,Sudeste,-2.3129,3,189.54
52595,181.2,179.3,1.0,581716.94,0.73,1,casa,Sul,-0.3411,1,2702.2
55661,178.7,178.3,5.2,1032600.68,1.99,0,sobrado,Sudeste,-0.8547,1,155.38
52997,131.5,134.1,23.6,535117.46,2.06,0,apartamento,Sul,0.6921,3,396.06
55268,50.1,51.2,1.5,181015.96,1.99,0,apartamento,Sudeste,-1.2565,0,159.07
51198,157.3,158.6,7.8,401469.25,2.07,1,sobrado,Sudeste,-0.4976,3,2150.78
54403,120.4,121.3,31.7,523648.44,1.99,1,sobrado,Sudeste,-0.7078,2,528.73
50821,127.4,124.2,0.7,602582.41,5.23,0,apartamento,Nordeste,-1.6521,2,52.64
52711,245.7,239.0,3.3,1093582.29,0.74,0,apartamento,Sudeste,0.4963,0,193.25
51241,118.4,120.7,1.0,347194.35,14.48,0,apartamento,Sudeste,1.5241,2,32.34
54051,106.4,107.3,8.8,488762.02,1.66,0,casa,Sul,0.6894,1,138.91
55659,138.1,142.2,6.8,629475.73,4.18,0,sobrado,Sudeste,0.013,3,251.85
55864,114.6,114.3,6.6,468170.83,13.34,0,apartamento,Sudeste,0.5831,1,60.1
50623,98.3,99.2,11.8,388670.17,1.79,1,casa,Norte,0.0159,1,870.53
55541,171.8,171.1,2.8,646292.05,6.97,1,apartamento,Centro-Oeste,-0.1373,3,522.67
54075,81.5,81.4,0.2,237988.28,2.28,1,casa,Sudeste,0.5278,1,1360.18
51162,193.3,191.7,9.9,866969.37,11.3,0,casa,Centro-Oeste,1.0628,1,121.1
55736,73.2,74.4,26.7,362710.83,5.77,0,kitnet,Sudeste,0.7476,0,676.62
52603,97.3,96.6,15.4,368623.89,2.07,0,casa,Sul,0.2952,2,779.87
52775,146.7,143.9,0.1,671129.97,4.75,1,casa,Sudeste,-0.9608,0,685.62
53781,175.6,179.4,48.8,702432.81,6.48,0,casa,Sudeste,0.7168,3,457.23
55118,209.3,214.9,22.9,766226.27,0.2,0,casa,Sul,0.9444,0,332.63
54387,180.4,176.3,4.1,730861.28,2.86,1,sobrado,Sul,0.5002,3,1159.28
51740,111.6,109.0,4.1,494200.16,5.0,1,apartamento,Sudeste,-1.2107,0,1632.43
52282,143.9,148.0,1.8,534693.91,14.45,0,apartamento,Sudeste,0.1813,2,30.0
55103,144.4,144.2,32.7,529554.39,1.65,1,kitnet,Sudeste,-0.9953,1,1403.2
53026,124.9,122.7,,539065.13,3.12,1,casa,Sudeste,-0.8704,0,1276.79
54163,47.4,48.0,44.1,153885.15,0.48,0,sobrado,Sul,0.0769,2,1118.02
50024,63.1,64.4,12.9,183187.97,8.88,0,casa,Sudeste,1.1132,0,266.63
50216,60.0,60.3,0.3,208512.07,8.06,0,casa,Sudeste,0.4139,3,38.01
52860,155.0,159.1,15.0,628333.19,5.03,1,casa,Nordeste,1.4156,3,694.81
51910,185.8,184.9,25.4,707523.43,0.2,0,sobrado,Sul,-0.1058,1,283.49
55249,102.4,101.3,2.1,398370.62,0.34,0,casa,Nordeste,-0.6053,2,280.79
54089,64.6,62.9,23.7,242346.32,2.69,0,apartamento,Norte,-0.7225,1,535.38
53421,90.3,87.8,48.5,161052.32,10.18,0,casa,Sul,0.0793,0,1592.5
54262,80.0,82.2,1.1,289566.95,6.7,0,apartamento,Sudeste,-1.0377,2,55.4
50207,107.4,108.6,14.3,446227.54,3.91,0,apartamento,Sudeste,-0.5924,1,206.8
53510,180.5,176.9,2.8,734764.52,3.2,0,apartamento,Nordeste,-0.3009,0,302.54
52322,160.6,161.9,9.1,511449.12,10.41,0,casa,Sudeste,0.2793,2,87.14
50591,128.9,127.6,18.9,578595.85,7.09,0,apartamento,Nordeste,-1.8078,0,372.95
55272,184.2,183.7,9.9,778526.27,15.63,0,sobrado,Nordeste,0.696,1,199.93
51720,33.3,33.6,9.8,94418.92,8.95,0,casa,Sudeste,2.4083,0,197.11
51863,117.7,119.3,69.2,390483.23,3.9,0,casa,Nordeste,1.061,1,1693.6
50525,78.9,78.9,,339333.57,5.83,0,apartamento,Sudeste,1.1769,3,411.12
52335,66.1,66.4,13.2,172622.6,4.7,0,apartamento,Sudeste,1.3135,3,124.27
50469,98.3,100.2,26.0,357515.44,0.27,2,apartamento,Nordeste,2.3105,1,1099.54
55446,106.1,105.0,6.3,354625.33,1.74,0,apartamento,Sul,0.2269,1,405.65
52811,117.9,116.0,1.0,317534.8,1.13,0,casa,Centro-Oeste,0.8763,0,120.72
55627,171.8,175.2,5.3,5376929.43,17.26,1,casa,Nordeste,-1.6834,1,937.82
50928,193.9,191.0,37.1,601195.11,9.1,1,apartamento,Sul,-0.2285,3,2257.62
51896,94.1,93.4,,324796.35,18.11,1,casa,Sul,-0.1317,2,2058.06
52721,149.3,148.6,0.8,584456.3,2.19,0,casa,Sul,1.05,0,158.24
55715,108.2,108.7,1.5,465585.81,0.43,0,apartamento,Norte,-0.6825,2,174.27
51469,83.3,81.8,19.2,341592.65,2.02,0,casa,Nordeste,1.1814,2,748.45
55237,82.4,80.7,12.8,333093.87,2.42,0,apartamento,Nordeste,-0.9561,2,227.0
52934,163.0,163.8,0.4,718389.86,0.46,0,apartamento,Norte,-0.6669,3,96.16
51913,42.4,42.8,25.4,143117.77,5.79,0,apartamento,Sudeste,-0.5436,1,334.22
50956,110.4,108.1,19.4,393012.08,1.38,0,casa,Sudeste,1.0606,2,270.7
51488,55.6,55.3,11.9,225933.84,3.67,0,sobrado,Sul,0.4054,3,608.22
50025,150.7,146.5,2.7,552007.04,8.15,0,sobrado,Sudeste,1.7085,3,30.0
51134,258.0,265.6,,1124098.34,9.03,0,apartamento,Sudeste,0.2094,2,213.22
52197,188.9,186.6,6.9,754924.72,4.65,0,casa,Centro-Oeste,-0.5534,2,87.63
55021,82.0,81.4,41.6,177965.24,2.44,0,apartamento,Norte,0.0884,0,280.61
53224,232.2,233.0,3.0,913791.72,7.5,1,casa,Sudeste,1.0952,0,1680.81
51552,158.3,157.7,6.7,731744.13,4.2,1,casa,Sudeste,0.5722,2,858.24
54939,95.6,95.2,4.9,375456.85,1.83,0,apartamento,Sul,-0.6927,0,174.12
51645,194.2,188.9,10.1,924312.28,1.94,0,casa,Sul,0.507,1,258.83
52937,43.7,43.9,27.1,176257.81,19.15,1,casa,Nordeste,0.5557,1,1065.98
53533,64.7,64.6,26.2,367425.73,14.11,1,casa,Sul,-0.9222,2,1237.69
52646,295.2,297.3,13.8,989041.62,6.85,1,apartamento,Sudeste,-0.9505,3,905.32
55116,70.9,70.7,9.1,224594.13,1.64,0,apartamento,Sudeste,-0.8755,0,519.22
52187,133.2,133.9,9.5,532850.26,1.09,0,casa,Sudeste,-0.0521,1,262.48
54845,191.7,186.9,43.5,701037.1,1.96,1,casa,Sudeste,-0.0749,0,1504.01
53854,113.8,112.3,10.6,357260.01,2.0,2,casa,Sudeste,-0.605,1,1979.72
52371,62.6,62.3,10.5,243131.46,7.94,0,casa,Norte,-0.4127,0,257.68
50180,119.7,117.7,10.3,364647.06,2.32,0,apartamento,Sudeste,0.5024,0,758.21
55368,281.9,276.0,3.7,970673.34,5.32,1,casa,Sudeste,-1.1809,1,596.34
51434,85.4,87.2,1.2,420060.61,2.96,0,kitnet,Sudeste,-0.1515,1,60.96
53912,116.1,119.5,0.8,543292.1,1.04,0,apartamento,Sul,-1.3482,0,106.06
54703,41.3,41.8,7.3,195263.18,4.53,0,casa,Sul,1.7188,0,226.8
53091,181.1,182.0,86.3,555567.36,20.74,0,apartamento,Sudeste,-1.6777,0,2398.04
55448,216.2,215.9,20.7,945035.01,13.68,0,casa,Sudeste,0.8115,2,562.02
52344,57.3,57.8,7.0,124339.7,1.18,0,apartamento,Sul,1.534,1,319.02
53298,36.2,36.1,25.2,130551.27,2.73,0,apartamento,Centro-Oeste,0.725,0,504.77
50094,175.8,172.1,30.3,514293.02,1.72,0,casa,Sul,1.0299,0,675.65
50770,62.6,61.2,30.3,164211.11,0.9,0,casa,Sudeste,-1.6208,0,296.02
50637,135.4,137.2,41.1,322654.15,6.86,1,casa,Centro-Oeste,-0.9779,1,1353.06
55400,100.2,99.2,2.2,445740.83,4.68,0,casa,Sul,2.3384,0,85.27
52536,156.9,157.3,8.2,347267.5,2.45,0,casa,Nordeste,0.2152,0,85.81
52492,104.3,107.4,1.4,290120.33,4.71,1,casa,Sudeste,-2.0349,2,1436.55
51208,103.3,104.7,2.8,489245.67,14.72,1,sobrado,Nordeste,-0.8641,3,342.02
55491,118.2,121.3,43.8,531532.95,4.03,0,casa,Sudeste,1.0583,0,298.48
55674,135.0,136.1,2.4,483725.39,3.9,0,casa,Sudeste,-0.7082,3,75.77
55294,103.0,103.1,25.7,386427.95,4.7,0,sobrado,Nordeste,-1.4997,1,429.18
50275,94.5,91.8,31.6,344786.28,0.32,0,sobrado,Sudeste,-1.1308,0,549.05
51152,81.3,83.1,24.3,312793.23,0.52,1,apartamento,Nordeste,-0.2854,0,581.67
55302,140.3,144.4,12.0,451071.47,5.14,1,apartamento,Sudeste,0.1077,0,762.89
55200,75.2,73.3,19.9,313259.32,8.03,0,casa,Sudeste,-0.2206,0,449.7
50307,234.7,239.6,4.8,761201.49,0.33,0,sobrado,Centro-Oeste,-0.4548,1,149.3
52059,238.1,231.4,12.1,913156.73,10.56,1,apartamento,Nordeste,0.2523,1,630.61
54968,186.1,185.7,16.6,715073.19,3.68,0,casa,Sudeste,-0.4103,1,458.14
54182,106.5,103.8,7.7,370365.47,6.17,0,apartamento,Nordeste,1.1203,0,126.07
55531,76.3,77.5,38.2,273078.13,15.45,0,sobrado,Centro-Oeste,0.6248,2,701.22
52610,198.7,200.0,9.9,833771.98,2.33,0,apartamento,Sudeste,-0.1409,1,422.24
54305,71.1,70.5,3.7,267137.78,1.6,0,sobrado,Sudeste,-0.0896,0,145.02
52787,53.0,52.8,14.4,178352.85,4.96,0,casa,Sudeste,-0.125,2,192.48
51987,68.1,66.5,10.0,285366.71,17.12,0,casa,Sudeste,-0.5008,2,212.31
50931,129.3,132.2,4.0,457123.01,1.15,0,apartamento,Sudeste,-0.0176,2,124.68
54226,150.0,146.5,6.2,633110.86,2.88,0,casa,Sudeste,0.5529,0,76.58
55819,115.1,112.3,18.7,440703.12,1.35,0,casa,Sul,-2.8723,3,394.76
53455,103.3,103.0,4.3,431670.44,0.77,0,kitnet,Norte,2.8501,0,185.62
55050,184.8,186.6,9.8,706139.03,16.75,0,apartamento,Sudeste,-1.7412,2,241.56
54651,177.8,172.9,12.6,540406.5,2.39,1,casa,Sudeste,1.1876,0,1415.61
52418,157.6,156.1,8.6,625643.38,2.39,0,apartamento,Nordeste,-0.1283,2,155.25
55632,134.8,135.8,5.0,710540.99,6.94,1,sobrado,Sul,-0.4054,0,1173.34
52431,83.4,82.5,20.3,261823.67,0.2,0,casa,Sudeste,-1.2169,1,371.63
50201,62.6,61.8,7.8,287224.45,,0,casa,Centro-Oeste,-0.8587,0,417.42
52965,54.2,53.7,4.2,205496.93,3.8,0,casa,Norte,-1.4122,1,89.89
52023,129.0,128.7,,476733.51,0.2,0,apartamento,Centro-Oeste,1.0281,0,227.49
54464,107.7,110.3,38.6,573067.9,14.54,0,apartamento,Sul,-0.0837,0,347.92
50973,110.5,111.9,3.5,353977.24,9.0,0,casa,Sudeste,0.6559,1,49.73
51634,212.8,217.7,19.9,719017.43,1.84,0,casa,Sudeste,-0.3833,1,586.73
52435,194.2,193.2,5.6,850401.82,0.47,0,casa,Sul,0.0007,2,164.35
50816,84.8,86.2,14.0,410482.92,7.95,0,apartamento,Sul,-0.0336,2,110.47
51954,132.6,134.8,0.2,360915.83,6.73,0,sobrado,Sudeste,-0.1718,0,109.08
55412,184.0,182.8,1.9,644534.17,27.58,0,kitnet,Norte,0.5064,0,30.0
53762,277.6,269.9,6.2,720468.4,7.34,1,apartamento,Nordeste,0.8937,3,461.53
50256,201.2,203.6,,892031.63,6.11,0,casa,Sudeste,-2.299,0,77.46
53678,94.5,94.2,20.1,313497.29,13.7,0,apartamento,Sudeste,1.3322,0,1295.81
51472,102.2,103.7,43.4,363718.31,2.16,0,apartamento,Sul,-1.0134,3,640.24
55795,140.6,144.0,17.2,467050.75,3.01,0,sobrado,Sul,-0.2602,3,323.03
51605,144.6,147.7,45.3,634129.03,16.4,1,casa,Sudeste,-0.3781,1,1275.02
55425,64.2,62.7,17.7,281096.93,4.49,0,sobrado,Centro-Oeste,-0.9276,1,265.69
50560,137.0,137.2,20.5,318185.26,1.89,0,apartamento,Norte,0.6224,0,223.51
54469,85.9,86.1,4.8,354888.84,3.1,1,casa,Sul,0.4131,1,933.36
52957,206.1,210.5,49.4,519542.54,1.79,0,casa,Centro-Oeste,-0.8879,2,659.05
52767,63.1,62.4,,302590.51,4.88,1,casa,Nordeste,-0.5602,3,1354.0
53299,58.0,59.3,0.8,193711.75,1.58,0,casa,Sul,0.4341,3,94.91
51684,129.0,127.3,4.2,363102.42,5.21,1,apartamento,Sudeste,-1.4797,2,643.12
51167,79.4,80.4,15.0,403175.27,0.2,0,casa,Sudeste,0.1829,1,299.46
53918,42.0,41.3,4.7,147033.51,8.68,0,apartamento,Nordeste,-1.3288,0,60.95
51204,80.6,78.3,2.4,309390.77,8.64,1,apartamento,Sul,0.551,2,1072.35
55068,104.2,106.4,9.2,389618.49,5.7,1,apartamento,Sul,-0.3874,2,413.65
55251,107.4,105.7,44.2,382829.04,1.59,0,casa,Sudeste,-1.8738,1,1457.38
55964,78.7,78.0,1.0,264388.42,18.15,0,kitnet,Sul,-1.3089,2,30.0
51071,223.8,217.1,1.2,842447.15,24.05,0,sobrado,Sul,0.3153,3,30.0
54870,159.3,163.8,43.1,701204.94,2.61,2,casa,Nordeste,0.9896,2,1240.05
54420,92.9,93.6,5.8,321553.15,2.32,0,sobrado,Sudeste,1.2701,1,153.85
52251,124.3,124.2,9.8,443245.48,4.16,0,casa,Sudeste,-1.315,3,300.45
54180,124.8,124.1,24.7,553270.29,8.77,0,apartamento,Sul,-0.8773,3,852.42
52681,73.9,73.8,17.4,236697.9,8.4,1,apartamento,Nordeste,1.9448,0,1379.84
52956,114.4,117.7,5.6,420371.21,4.39,0,casa,Sudeste,-0.1543,3,151.41
51589,231.4,233.9,7.7,875393.51,10.7,0,casa,Nordeste,1.5389,3,176.24
52659,132.5,130.4,45.5,533324.56,11.52,1,casa,Sul,0.3859,1,1206.61
52446,184.6,187.3,0.4,659143.22,3.3,0,apartamento,Sudeste,0.2495,3,113.16
54187,140.8,138.7,15.8,6986078.09,6.4,0,casa,Sul,-2.0174,3,301.95
50430,108.4,109.1,,540577.19,3.2,0,sobrado,Nordeste,-0.447,2,146.3
53191,157.7,153.5,7.5,670128.7,0.46,0,apartamento,Sudeste,1.1312,0,241.47
53942,145.2,142.5,17.4,578365.13,2.82,1,apartamento,Sudeste,1.2322,2,3362.91
52105,90.1,87.5,10.3,291758.97,5.87,0,apartamento,Sudeste,-0.2527,2,241.96
54009,94.0,93.3,2.2,351399.58,1.81,0,casa,Sudeste,-0.8519,0,192.65
54071,146.6,148.1,5.9,627877.04,1.17,0,apartamento,Sul,0.3865,0,141.61
55441,194.9,190.5,5.4,787934.48,2.29,0,sobrado,Sudeste,0.5116,1,94.81
54353,116.2,115.6,15.5,513777.77,20.23,0,casa,Centro-Oeste,-0.1027,3,203.78
54984,183.0,184.1,5.6,616547.33,14.26,1,casa,Sudeste,1.1202,3,578.89
55562,105.9,105.9,0.5,401627.08,14.12,0,kitnet,Sudeste,-0.3146,1,59.59
53114,107.4,106.4,4.0,381001.4,4.78,1,apartamento,Sudeste,0.0011,0,973.69
51641,203.7,200.4,18.3,689191.39,9.43,0,apartamento,Nordeste,-0.345,3,219.9
54484,262.6,262.0,0.5,960329.78,7.06,0,apartamento,Norte,-0.1994,1,135.99
54369,99.3,97.0,4.7,401270.76,3.3,0,casa,Norte,0.3613,1,148.94
50756,234.5,239.3,2.2,683582.63,3.17,0,sobrado,Sudeste,0.712,2,213.79
53560,154.5,152.2,24.7,714408.68,3.13,1,casa,Sudeste,-0.8065,2,417.17
53622,114.5,113.7,17.4,434612.91,0.76,0,kitnet,Nordeste,0.7795,1,320.81
51956,317.7,317.8,13.6,1185625.88,2.97,0,casa,Centro-Oeste,-0.8791,2,508.22
55954,83.3,85.6,1.4,401631.91,7.35,0,sobrado,Sudeste,0.5904,1,86.07
52176,49.0,47.7,14.7,183549.15,4.18,0,sobrado,Sul,1.148,0,184.23
50802,114.5,117.6,37.4,451825.67,10.75,0,casa,Sudeste,-0.4934,0,526.94
51207,126.0,128.2,3.0,413520.19,13.63,0,apartamento,Sudeste,1.0885,3,70.73
52930,134.3,135.0,14.5,570880.87,9.63,0,sobrado,Sudeste,0.2053,3,196.99
53531,167.5,167.2,17.2,640182.35,0.2,2,apartamento,Sudeste,0.8557,0,3718.97
52723,58.0,58.9,4.9,210684.04,10.21,0,casa,Sudeste,0.3327,1,102.33
50151,146.2,143.3,3.5,596450.23,1.63,0,casa,Nordeste,0.1076,0,374.48
52292,154.1,158.5,7.2,561370.01,1.21,0,casa,Nordeste,0.4896,0,229.42
50714,214.2,218.5,90.0,805981.71,0.73,0,casa,Sul,-1.1209,3,1402.44
50544,105.5,103.2,30.3,485765.65,0.8,0,apartamento,Sudeste,-0.4977,3,432.96
54735,66.8,67.5,4.0,227578.47,0.2,0,casa,Sul,-1.9797,3,434.88
52745,111.1,108.1,16.8,359217.29,0.93,1,apartamento,Nordeste,-0.8566,1,1944.2
53337,89.0,86.4,32.3,368565.27,0.2,1,apartamento,Sudeste,-0.943,3,1110.17
50423,165.3,161.8,31.9,689684.14,10.05,0,kitnet,Nordeste,0.4506,0,393.85
53219,111.4,110.3,19.4,450011.14,4.75,1,sobrado,Sul,0.5065,2,1257.03
50659,187.2,185.1,6.0,374341.94,9.01,0,apartamento,Sul,0.9024,3,278.71
50797,140.8,142.8,4.4,298132.3,1.37,0,sobrado,Sul,-0.9032,1,296.0
50755,62.3,62.0,3.6,248136.51,0.24,0,apartamento,Nordeste,0.4057,1,239.88
52008,199.4,195.4,4.5,805873.24,6.7,0,casa,Sudeste,-1.4231,0,61.6
50099,169.7,173.9,5.3,717958.47,5.86,1,apartamento,Nordeste,-0.5788,2,1383.05
52496,196.4,199.7,15.9,795995.78,0.2,0,apartamento,Nordeste,1.648,3,397.62
51871,92.7,93.4,32.5,427926.56,10.07,0,apartamento,Sul,0.7986,3,555.52
52046,133.2,134.3,5.6,477001.31,3.83,0,apartamento,Sudeste,-0.3985,0,158.5
54851,149.7,149.1,6.6,780089.75,9.39,0,casa,Nordeste,-1.2465,0,132.92
55072,45.2,44.5,,157917.72,0.6,0,apartamento,Sudeste,-0.8025,2,775.82
52163,95.1,95.9,23.8,351899.11,0.95,0,casa,Nordeste,0.0556,3,907.44
52893,40.1,40.3,5.7,188224.71,6.6,1,kitnet,Sul,2.5333,0,1286.27
50537,64.9,66.1,7.3,266610.41,2.78,0,apartamento,Nordeste,-0.4043,0,173.47
51701,47.6,47.7,48.2,196609.84,3.18,0,apartamento,Nordeste,0.53,1,2118.63
52897,175.5,173.2,4.8,749588.93,7.3,0,kitnet,Sudeste,-0.7508,1,195.04
52222,108.5,108.8,3.4,337956.76,6.12,0,apartamento,Sudeste,-0.0249,1,110.02
52135,82.3,82.4,4.0,350330.26,2.9,0,apartamento,Sul,-0.6724,2,311.98
52599,183.7,183.6,21.8,452993.63,27.98,0,sobrado,Sul,-0.6799,3,158.67
50705,110.9,110.6,2.8,458448.48,4.98,0,casa,Sudeste,0.5663,2,52.52
53468,59.0,60.2,19.6,218536.12,0.79,0,apartamento,Sudeste,-0.7128,1,821.36
55924,249.6,251.3,22.9,1326088.59,1.52,0,casa,Centro-Oeste,-1.7008,2,356.34
55874,98.5,97.8,13.7,487727.14,1.51,0,apartamento,Sudeste,0.1027,1,524.99
54373,177.6,174.5,13.0,460683.13,3.33,0,sobrado,Sudeste,-0.1163,2,211.91
51033,84.4,86.5,17.0,312119.15,2.27,0,apartamento,Norte,0.744,3,228.25
55827,90.7,88.9,15.3,292511.04,7.08,0,apartamento,Centro-Oeste,-0.0947,1,509.69
54859,72.0,72.6,21.1,321418.29,1.29,0,casa,Sudeste,-1.9671,3,579.6
54931,65.7,64.6,10.8,292497.44,14.1,0,apartamento,Centro-Oeste,1.3785,2,185.11
53264,224.9,221.3,,834850.59,2.46,0,apartamento,Sudeste,-0.7593,2,797.94
51653,96.9,95.2,0.0,421536.76,0.4,0,kitnet,Sudeste,-0.7455,0,34.65
52607,145.5,143.3,28.8,751777.14,3.88,0,apartamento,Sudeste,0.1101,1,497.28
52732,64.3,64.5,4.5,234551.88,8.47,0,casa,Sul,-0.9095,2,152.94
