id_cliente,idade,renda_anual,limite_credito,tempo_relacionamento_meses,utilizacao_limite,utilizacao_limite_v2,n_atrasos_12m,canal_aquisicao,regiao,feature_ruido_1,feature_ruido_2,inadimplente
904320,62.3,77490.09,25799.66,13.5,0.3182,0.3587,0,app,Sul,-0.8369,1,0
902006,32.7,82703.08,18791.18,59.0,0.3057,0.2962,0,app,Sudeste,1.1822,3,0
905689,39.6,102978.58,42457.24,12.7,0.0813,0.0458,0,agência,Sudeste,1.1738,1,0
900472,28.7,36795.24,8403.65,21.3,0.3027,0.3086,2,agência,Sudeste,-0.0589,4,0
901370,39.6,99865.27,15375.94,238.5,0.2499,0.2256,0,agência,Sudeste,-1.2657,4,0
901457,33.5,42845.91,8911.16,38.1,0.7,0.7191,0,agência,Sudeste,-0.6379,3,0
905783,18.0,,7658.43,45.6,0.4088,0.4092,0,app,Norte,-0.2983,1,0
903484,36.0,47224.62,13173.45,9.9,0.2501,0.2909,1,app,Sudeste,-0.0234,3,0
901145,37.8,33651.61,9226.55,1.0,0.218,0.1926,0,app,Norte,-0.3362,2,0
900130,45.6,46764.67,19187.09,73.3,0.2693,0.2955,0,agência,Sudeste,0.373,0,0
901136,20.0,78858.52,22514.45,16.1,0.1863,0.1699,0,app,Sudeste,-0.506,0,0
904658,45.7,35908.91,6117.91,4.7,0.3269,0.2969,0,agência,Sudeste,-1.0471,0,0
901161,31.3,37647.68,8121.43,75.6,0.0351,0.0295,0,agência,Sudeste,0.1554,4,0
902152,42.4,73767.96,33001.69,31.9,0.2899,0.2867,0,evento_promocional,Sul,0.0242,1,1
900559,36.4,40799.34,17630.19,96.3,0.1817,0.2137,1,app,Sul,0.889,3,0
900916,60.4,37461.55,15205.03,8.4,0.3103,0.3006,1,app,Sudeste,0.4175,1,0
904278,56.8,61211.95,17696.86,31.7,0.4834,0.4842,1,indicação,Sudeste,-0.9384,0,1
904394,41.8,50542.48,12821.63,27.3,0.5091,0.497,1,indicação,Sudeste,-0.2442,2,0
904008,42.1,,15232.22,27.3,0.3687,0.3359,1,agência,Nordeste,0.5394,4,0
904910,20.4,42810.52,10786.88,7.8,0.2745,0.2919,3,indicação,Sudeste,0.5442,4,0
902569,36.8,40644.93,8380.95,3.4,0.1114,0.1093,0,app,Sul,0.8538,0,0
904166,40.8,33336.68,7466.58,28.3,0.065,0.0565,2,parceria_varejo,Sudeste,0.6855,0,0
904336,25.0,119558.97,41059.69,,0.2405,0.2292,1,app,Sudeste,0.5975,3,0
900528,19.7,15318.16,2792.34,37.9,0.0914,0.075,1,app,Nordeste,0.5772,1,0
905916,59.3,66622.38,25459.82,77.3,0.1871,0.1955,0,app,Nordeste,1.1335,2,0
904404,41.5,36711.56,13651.22,18.2,0.241,0.2609,0,indicação,Sul,0.2298,4,0
905914,19.2,45681.17,10029.7,8.5,0.1292,0.1322,0,app,Nordeste,-0.6964,0,0
900247,41.5,96429.57,15764.91,,0.2752,0.2764,0,parceria_varejo,Sudeste,-0.0131,4,0
904583,41.0,53521.64,9646.82,116.5,0.224,0.2107,2,app,Nordeste,-2.1547,2,0
901675,44.6,83921.45,31907.96,19.8,0.1586,0.159,1,agência,Sudeste,-1.1596,0,0
902946,40.6,72931.22,22303.28,67.9,0.5263,0.5032,1,app,Sudeste,0.063,1,0
900880,28.6,,11160.62,36.5,0.4937,0.4817,1,evento_promocional,Sul,1.4789,4,0
904330,36.1,141230.43,57897.03,173.2,0.2539,0.2681,0,indicação,Nordeste,0.0995,3,0
903457,53.4,,34813.12,13.2,0.5106,0.5024,0,agência,Sudeste,-0.1167,4,0
903369,42.5,51114.29,21100.84,66.2,0.0708,0.0951,0,app,Centro-Oeste,1.2716,3,0
902406,44.6,43331.63,12765.6,18.8,0.3443,0.3459,0,app,Sul,-0.1971,0,0
905418,55.7,93345.38,18543.49,34.2,0.1319,0.1212,0,app,Sul,-0.814,3,0
900202,36.9,61103.9,19958.69,9.5,0.2947,0.3107,0,indicação,Sudeste,0.5596,3,0
901448,32.4,75955.99,12347.61,30.0,0.4068,0.4219,0,agência,Sudeste,-1.65,0,0
900144,37.5,46840.87,18090.26,44.0,0.0233,0.0228,0,app,Nordeste,1.553,4,0
903996,31.8,83335.22,21905.7,10.5,0.0467,0.0655,1,agência,Sul,1.0837,0,0
905292,37.3,83961.31,21399.99,23.1,0.5175,0.518,0,parceria_varejo,Sudeste,-0.3992,1,0
905182,48.0,104386.14,20620.86,5.3,0.2836,0.2925,0,agência,Sudeste,-1.207,3,0
902067,53.0,75190.43,17056.04,27.5,0.5508,0.5656,0,indicação,Nordeste,-0.8313,4,0
905081,41.7,40518.59,16820.45,3.8,0.1768,0.1822,1,indicação,Norte,-0.1872,3,0
900388,69.6,48754.81,8789.31,4.8,0.2991,0.2732,0,agência,Sudeste,-1.4375,3,0
904959,42.0,22888.61,3500.39,5.0,0.1744,0.1592,0,agência,Sul,-0.006,3,0
900731,34.4,52782.42,20553.53,28.2,0.3689,0.3774,0,agência,Sudeste,0.8782,2,0
900014,40.5,175365.73,67459.62,24.2,0.3952,0.3931,0,app,Nordeste,-1.6491,1,0
902690,49.0,37263.34,6003.26,18.0,0.0793,0.0615,1,evento_promocional,Sudeste,-0.8904,1,0
902810,26.7,76634.51,26595.02,8.1,0.61,0.623,0,parceria_varejo,Sudeste,-0.8061,4,0
905193,55.4,17323.79,5355.44,24.5,0.4928,0.5037,0,indicação,Sudeste,-0.5872,1,0
903312,40.5,21423.45,6383.64,71.7,0.0893,0.0836,0,indicação,Sudeste,0.411,0,0
902889,41.2,155440.09,50244.62,263.1,0.0857,0.1196,1,app,Sudeste,-1.4423,1,0
900557,36.0,44933.04,10837.03,60.7,0.5052,0.5003,0,parceria_varejo,Sudeste,1.1706,4,1
905283,33.3,14499.11,5933.99,25.0,0.5176,0.5308,0,parceria_varejo,Sudeste,1.1089,2,0
900394,41.7,67224.82,14081.86,17.0,0.2529,0.2857,0,indicação,Nordeste,-2.0028,2,0
900134,31.2,29160.03,12348.82,24.0,0.3665,0.3956,0,app,Centro-Oeste,-1.9638,2,0
901121,37.9,63978.8,13254.52,28.7,0.1432,0.1134,0,app,Norte,-0.2175,3,0
902630,36.8,,12665.28,10.2,0.5174,0.5352,0,agência,Sudeste,-2.1203,3,0
903586,30.9,173067.85,55962.11,28.2,0.0236,0.0599,0,evento_promocional,Sul,0.7988,4,0
901669,54.6,43567.32,7460.29,47.0,0.1075,0.1131,1,app,Sudeste,0.6182,3,0
902534,30.8,52493.05,15703.82,38.1,0.1234,0.1388,0,app,Sudeste,0.4021,1,0
903807,25.6,74753.08,20762.94,10.3,0.2814,0.289,2,app,Sudeste,-0.4901,4,1
902247,26.1,99074.44,18983.26,113.4,0.5941,0.5887,0,parceria_varejo,Sul,0.6907,3,0
904672,44.7,94965.11,39410.36,15.1,0.0957,0.0801,1,agência,Sudeste,-0.4746,0,0
900429,32.2,65559.49,26003.17,74.8,0.1045,0.1106,0,indicação,Centro-Oeste,-0.4844,4,0
905258,26.3,51393.85,9588.02,31.6,0.5502,0.5478,0,indicação,Nordeste,0.321,3,0
905567,43.0,48632.47,20363.51,50.4,0.2742,0.2961,0,indicação,Sudeste,-0.9672,0,0
904189,57.5,46153.99,15303.58,127.0,0.1464,0.1499,0,agência,Sudeste,-0.3457,1,0
901398,66.8,38433.97,15718.98,22.3,0.0509,0.0535,0,agência,Centro-Oeste,1.6904,2,0
903388,53.6,44445.68,17675.33,20.1,0.3758,0.3874,0,app,Sudeste,-0.3128,0,0
903652,30.8,73119.68,14615.58,46.3,0.4502,0.4314,0,agência,Sudeste,0.6664,4,0
904018,51.5,58830.17,19742.16,12.3,0.3117,0.3229,1,agência,Sudeste,0.0332,3,0
904487,55.9,172718.67,75942.31,2.2,0.159,0.1368,0,app,Nordeste,1.2763,0,0
905635,37.6,,4742.65,33.3,0.4413,0.4385,0,agência,Sudeste,0.7812,4,0
901299,57.3,33876.09,7490.33,99.9,0.3159,0.3109,0,agência,Sudeste,1.0669,2,0
900675,29.1,39457.65,10436.38,8.8,0.2266,0.2356,0,app,Sul,1.4959,4,0
903412,38.8,66805.57,24627.5,43.2,0.0591,0.0298,1,app,Nordeste,0.0635,2,0
903736,53.3,40980.71,18004.84,42.9,0.1092,0.1075,1,app,Sul,-0.7516,0,0
900660,72.9,,14878.36,93.4,0.6639,0.6759,0,app,Sudeste,0.2708,1,0
900527,18.0,26145.98,4542.29,81.5,0.5081,0.5117,1,app,Sul,-0.944,4,0
902961,30.5,59657.02,12713.99,,0.2185,0.2067,0,app,Nordeste,-1.3156,3,0
900012,27.8,33235.79,5402.42,35.4,0.1584,0.16,0,app,Nordeste,-0.9397,4,0
903981,40.0,99673.48,28854.07,15.4,0.6211,0.6299,0,parceria_varejo,Sudeste,0.8861,1,0
902623,38.4,43682.33,18161.81,16.7,0.6474,0.6332,0,indicação,Sudeste,-0.5868,3,0
903200,45.8,112948.21,49137.21,46.8,0.5799,0.5989,0,app,Sudeste,1.7224,0,0
902553,38.0,,23529.36,76.9,0.0811,0.0761,2,app,Nordeste,0.4151,3,0
901051,54.9,31529.94,12853.24,87.8,0.2827,0.2862,0,indicação,Sudeste,2.0049,0,0
904737,36.7,88647.67,17798.11,,0.4217,0.3975,0,agência,Sudeste,0.6388,1,0
901657,61.5,,13981.72,3.1,0.0504,0.0811,0,agência,Nordeste,0.5548,0,0
904148,43.8,74596.39,21519.55,137.6,0.3112,0.3482,0,app,Sudeste,-0.2728,3,0
905326,47.9,104232.57,37355.56,18.6,0.2722,0.2583,1,indicação,Norte,-0.5617,1,0
904880,46.7,85582.9,23216.42,12.0,0.1193,0.1185,0,app,Sudeste,-0.9385,2,0
905928,23.9,27595.43,5672.83,3.4,0.2569,0.2427,0,agência,Nordeste,0.2576,3,0
904463,40.6,83812.63,27414.36,10.9,0.1313,0.1423,0,app,Sudeste,-0.6439,2,0
905556,32.2,58310.88,20946.17,4.4,0.4919,0.4548,0,app,Sul,-0.0445,2,0
901108,33.8,131030.66,58430.23,2.2,0.1827,0.1907,0,app,Centro-Oeste,-1.0064,1,0
905092,38.8,84562.36,16883.68,145.4,0.3975,0.4221,0,parceria_varejo,Sudeste,-1.4727,3,0
901590,36.1,186215.33,60240.86,55.0,0.378,0.3557,0,app,Sudeste,0.8633,0,0
904203,33.6,46514.61,14623.07,75.1,0.5507,0.5419,0,agência,Centro-Oeste,0.4403,2,0
900206,37.8,107097.68,40528.46,16.9,0.402,0.3963,0,app,Sudeste,0.9521,2,0
902232,53.5,39192.71,7091.13,95.8,0.2827,0.2602,0,app,Sul,0.6243,2,0
904340,31.2,50479.99,22070.32,6.7,0.2431,0.2543,1,agência,Nordeste,0.6181,2,0
900502,45.3,16194.98,6172.72,2.5,0.2279,0.2328,1,app,Nordeste,-0.2247,1,0
904281,48.9,128202.88,47268.39,19.1,0.2351,0.2582,0,app,Sul,0.2701,3,0
901031,43.5,55742.64,15588.3,18.2,0.1762,0.176,1,agência,Sudeste,0.4354,4,0
902224,53.4,64396.73,27511.43,87.2,0.3345,0.3307,0,parceria_varejo,Sudeste,-2.2441,3,0
905949,33.6,94592.07,38091.08,25.1,0.0783,0.084,0,app,Sudeste,-0.3446,0,0
902188,38.7,20740.79,5055.46,42.8,0.0277,0.0237,0,indicação,Centro-Oeste,0.8606,0,0
905591,40.8,48580.9,14888.13,,0.2007,0.2055,0,indicação,Sudeste,-1.3329,4,0
901452,43.7,56928.49,24357.07,259.9,0.2488,0.2428,0,parceria_varejo,Sudeste,-0.4871,3,1
904204,43.3,43720.99,19393.34,150.3,0.3084,0.3118,0,app,Nordeste,1.3806,3,0
905178,41.1,110086.83,33916.48,60.4,0.1337,0.1637,1,agência,Sudeste,-1.005,0,0
904154,58.3,60078.51,18501.31,9.7,0.1953,0.2026,1,parceria_varejo,Sul,0.3309,2,0
902475,60.4,61478.57,24775.6,98.7,0.3989,0.4148,0,agência,Sudeste,1.4893,1,0
905428,53.2,39345.89,14041.54,39.2,0.0789,0.0583,1,parceria_varejo,Sudeste,-0.1716,1,0
905804,40.4,114094.24,38833.81,4.9,0.2336,0.213,2,app,Sudeste,0.6259,4,0
905413,18.0,55337.88,13044.2,17.4,0.1355,0.1253,0,agência,Sul,-0.2728,2,0
900170,32.9,53765.2,8544.36,1.0,0.5536,0.5665,0,parceria_varejo,Nordeste,0.7041,4,0
901982,32.9,60100.78,9958.83,10.2,0.5256,0.5197,1,app,Nordeste,-0.4624,3,1
902103,39.0,26239.97,10276.43,54.7,0.4758,0.4803,0,app,Nordeste,-0.1714,2,0
903359,52.9,39254.12,79924.0510518959,12.9,0.4996,0.4624,1,agência,Nordeste,0.5428,2,1
901493,45.6,35896.32,10263.38,58.4,0.3912,0.3925,0,parceria_varejo,Sul,0.3995,1,0
905382,40.1,91718.64,32898.19,13.8,0.3684,0.3585,0,app,Nordeste,1.0858,0,0
905931,32.7,88609.73,27068.22,103.0,0.3791,0.3998,0,app,Sudeste,-0.041,2,0
901116,48.4,27664.25,12237.32,5.5,0.395,0.3935,0,agência,Sudeste,-1.3977,1,0
901511,37.5,34485.69,11828.09,122.7,0.4479,0.41,0,indicação,Sudeste,0.6225,0,0
902762,41.2,146883.21,58050.52,4.3,0.2363,0.2156,2,agência,Sul,-1.0219,1,0
905653,31.6,82874.08,31222.95,34.2,0.1198,0.1105,0,agência,Sudeste,0.1872,2,0
901362,48.7,45640.37,8224.42,34.0,0.1003,0.1239,0,agência,Nordeste,0.0678,4,0
904766,36.2,53678.14,9914.52,39.1,0.3773,0.4108,0,app,Sudeste,-0.8062,3,0
905059,47.6,50678.8,9711.09,,0.1985,0.2096,0,app,Nordeste,-0.2492,1,0
900287,43.8,21821.43,3553.13,64.3,0.2108,0.2393,0,agência,Sudeste,-1.0146,4,0
901328,47.7,22614.57,3599.44,75.5,0.2587,0.2811,0,agência,Nordeste,-0.3434,0,0
904960,52.8,25783.22,4721.81,1.6,0.2113,0.2417,0,agência,Nordeste,0.0951,2,0
905260,23.2,24605.38,10923.41,54.5,0.1315,0.1265,0,app,Sul,-0.3697,4,0
901526,41.7,118999.61,30738.15,34.8,0.4657,0.4507,0,agência,Sudeste,0.176,1,0
900980,45.9,35455.73,11989.88,,0.3468,0.377,1,agência,Sul,0.6508,1,0
903194,41.8,18194.8,5642.85,87.3,0.0795,0.0906,1,app,Sudeste,-0.1322,4,0
900751,51.7,49838.29,7806.07,7.1,0.4682,0.4748,0,agência,Nordeste,0.466,1,0
900214,64.5,24787.46,5419.74,106.1,0.1171,0.1095,1,parceria_varejo,Sudeste,0.5631,4,0
901267,42.2,23749.27,7883.56,27.1,0.2495,0.2633,0,app,Nordeste,-0.5991,4,0
903311,46.0,91625.58,37641.34,22.7,0.3722,0.3937,0,agência,Sudeste,-0.2471,4,0
900142,56.8,42809.77,16363.35,,0.4585,0.4237,1,agência,Sudeste,0.979,0,0
902888,42.9,65469.3,20596.07,11.5,0.2571,0.2447,0,app,Nordeste,-0.686,3,0
905915,18.5,77372.1,13578.07,4.0,0.4671,0.4647,0,app,Sudeste,0.2363,0,0
905751,24.1,36072.01,6550.06,1.0,0.1602,0.1798,1,app,Sudeste,1.0583,0,0
905317,57.0,93544.11,39805.35,,0.2669,0.2843,0,agência,Sudeste,0.7688,3,0
904755,38.1,21408.67,8352.49,43.6,0.2696,0.2994,0,app,Sul,0.1285,2,0
904230,18.0,,9329.25,33.2,0.1636,0.1654,0,app,Centro-Oeste,1.6096,1,0
904987,38.6,39344.3,9593.63,54.8,0.2852,0.2722,0,app,Sul,1.4194,0,0
905765,19.1,62826.64,24459.16,12.1,0.226,0.2601,0,app,Centro-Oeste,0.8172,0,0
904077,24.5,94562.44,31609.12,30.7,0.2178,0.2157,0,agência,Sul,-1.0843,2,0
903883,53.9,47349.07,18663.62,7.2,0.3461,0.3706,0,indicação,Centro-Oeste,-1.4656,3,0
901607,46.0,66676.56,17316.88,42.7,0.6303,0.6256,1,app,Sudeste,-0.8643,1,0
904714,54.3,54067.37,22008.73,11.4,0.408,0.3642,0,app,Sudeste,1.466,1,0
902102,38.5,58228.42,19390.55,48.4,0.4386,0.4327,1,app,Nordeste,-0.1091,0,1
904364,48.5,114162.41,45510.03,,0.1249,0.1067,1,agência,Sudeste,-0.9001,0,0
905546,53.8,79544.46,20877.4,,0.3135,0.3107,0,agência,Sudeste,1.8492,0,0
901644,44.0,64879.09,24766.86,46.6,0.3926,0.3898,0,evento_promocional,Centro-Oeste,0.171,1,1
904886,40.4,30857.77,8638.4,10.2,0.1714,0.1696,0,agência,Sudeste,0.5535,4,0
903552,18.0,64613.56,27874.59,57.7,0.1481,0.1236,0,app,Sudeste,1.7486,3,0
902916,52.2,55313.85,22660.78,78.2,0.3295,0.3499,0,agência,Sudeste,-1.3388,3,0
902118,37.3,68736.04,14016.27,8.1,0.1654,0.1419,0,parceria_varejo,Norte,0.3464,3,0
904836,23.8,23367.43,6944.08,85.6,0.1901,0.2026,0,app,Sudeste,2.4136,0,0
901687,31.2,52086.82,9368.31,55.9,0.4205,0.452,1,indicação,Nordeste,-0.5428,1,0
900634,55.9,72403.6,12667.84,1.0,0.0948,0.0574,1,app,Sul,1.0025,4,0
901001,30.7,46426.19,18888.14,9.6,0.3977,0.4111,0,agência,Sudeste,-0.8395,0,0
905000,28.5,81684.5,23476.45,1.7,0.3702,0.364,1,agência,Centro-Oeste,-2.477,0,0
902402,54.7,67110.77,19153.34,11.6,0.3377,0.3316,0,agência,Sul,-0.3482,2,0
902678,23.6,18129.82,7720.13,8.6,0.2996,0.3346,1,parceria_varejo,Sudeste,2.109,0,0
902909,40.8,28463.79,5172.82,35.2,0.2266,0.216,0,indicação,Norte,1.7634,1,0
900257,52.1,47643.85,10428.28,,0.4806,0.4937,0,indicação,Sudeste,0.053,4,1
904045,43.9,26880.78,10785.22,91.0,0.4012,0.4089,0,app,Nordeste,-0.2982,2,0
905082,35.1,121424.59,46808.75,2.5,0.0797,0.0922,1,agência,Sudeste,0.638,2,0
903616,41.4,40444.77,14248.85,27.5,0.3931,0.4153,1,app,Norte,-0.2513,3,0
902980,32.5,32424.92,4970.37,4.3,0.5968,0.5751,0,app,Sudeste,0.3801,1,0
904407,37.9,44567.12,15129.34,,0.0769,0.0871,0,app,Centro-Oeste,-0.7016,1,0
904035,42.8,59129.49,23900.32,226.2,0.1109,0.0969,0,agência,Nordeste,0.0083,1,0
903776,29.4,25703.45,5774.44,136.3,0.1209,0.1079,0,app,Nordeste,1.2502,1,0
903764,36.8,43405.27,13190.85,118.2,0.1222,0.1231,1,agência,Sudeste,0.2058,2,0
901303,50.7,76425.76,16404.74,36.2,0.3744,0.399,0,parceria_varejo,Sudeste,-0.7066,0,0
901940,22.6,49649.79,16962.18,69.2,0.0979,0.0734,1,app,Sudeste,-0.1643,0,0
903609,38.8,121432.97,28204.49,79.4,0.4286,0.4191,0,agência,Sudeste,-0.5813,2,0
903619,27.5,44800.57,11968.01,59.7,0.088,0.0913,0,agência,Norte,0.5588,2,0
905216,45.3,76422.44,20896.67,50.2,0.3856,0.4205,1,app,Nordeste,0.853,0,0
905555,24.5,71937.93,79698.23253135738,22.7,0.4978,0.4954,0,agência,Nordeste,-0.7187,0,0
902760,48.4,88501.51,27417.73,1.0,0.1422,0.1138,1,evento_promocional,Sudeste,0.3881,3,0
902859,29.4,35334.21,8738.61,15.2,0.7615,0.7521,0,app,Centro-Oeste,1.3981,0,0
904641,46.4,100599.97,40101.46,82.8,0.1046,0.1278,0,app,Nordeste,0.5945,0,0
905613,50.2,32331.78,12354.74,160.8,0.2071,0.1956,0,agência,Nordeste,-0.3053,1,0
901830,24.8,43604.09,7388.86,7.0,0.2526,0.2388,2,app,Sul,-0.9655,1,0
901327,35.5,56688.76,13517.11,70.6,0.4594,0.4793,0,app,Sudeste,0.6269,4,0
901737,51.3,30687.85,11563.84,72.8,0.2776,0.2795,0,parceria_varejo,Nordeste,1.6265,1,0
901990,32.2,62996.9,15083.51,,0.2612,0.2542,0,app,Norte,0.4533,3,0
904314,43.8,46324.98,16822.97,96.5,0.2119,0.1937,0,parceria_varejo,Norte,0.4153,3,0
905763,38.1,56707.79,25120.3,10.7,0.3378,0.3499,1,app,Centro-Oeste,0.1069,3,0
902249,18.0,61240.62,23037.37,49.4,0.1487,0.1504,0,agência,Sudeste,-0.552,4,0
902829,42.7,37833.74,11024.66,16.5,0.1757,0.1402,0,indicação,Nordeste,1.0769,2,0
905838,38.1,23154.42,7806.37,3.2,0.1947,0.1752,0,app,Centro-Oeste,-1.7743,0,1
903240,58.1,30858.75,13115.39,44.2,0.2134,0.2187,0,app,Sul,-0.4938,3,0
903639,30.1,29732.41,4651.95,60.1,0.2397,0.2646,0,agência,Nordeste,-0.7504,4,0
903888,42.4,39287.76,11731.86,8.1,0.1062,0.1209,1,app,Sudeste,0.5111,4,0
900533,23.0,45198.72,19285.8,4.2,0.3865,0.3747,0,app,Sudeste,-0.6802,1,0
900015,48.9,31607.71,10562.04,,0.3407,0.3295,1,indicação,Sudeste,0.2773,1,0
901748,49.1,67159.16,25833.33,20.1,0.0841,0.0865,0,app,Centro-Oeste,0.4516,0,0
900828,24.6,135160.23,37198.9,7.1,0.2788,0.2697,1,app,Nordeste,0.1652,2,0
901091,47.9,34778.32,12550.16,13.4,0.4301,0.4129,0,indicação,Sudeste,-0.3362,3,0
904032,42.6,134092.78,36290.48,11.7,0.2449,0.2392,1,app,Sul,-0.7447,4,0
905921,60.6,,10095.91,5.3,0.3149,0.2956,1,app,Centro-Oeste,-1.1668,2,0
903325,36.2,39791.43,12279.87,36.0,0.0291,0.0311,0,app,Sul,0.506,3,0
902705,49.1,78419.26,29766.11,31.1,0.4321,0.447,0,agência,Centro-Oeste,0.158,1,0
903526,41.4,81837.55,17221.99,11.4,0.0278,0.0344,1,indicação,Sudeste,0.9396,0,0
904689,62.6,28724.43,11807.05,54.8,0.3238,0.2953,1,app,Sudeste,0.4524,3,0
902278,37.3,69709.99,22906.71,1.8,0.1125,0.1204,0,parceria_varejo,Sul,1.2837,3,0
904294,29.3,27511.54,10821.47,38.2,0.163,0.1395,0,agência,Norte,-1.2877,0,0
902455,47.0,47712.82,17789.15,87.9,0.3184,0.3292,0,agência,Sudeste,-0.028,1,0
904727,39.1,41554.22,17633.14,14.2,0.7093,0.7149,0,indicação,Sul,0.1262,0,0
902332,53.8,28334.65,9021.39,76.0,0.3181,0.3222,1,app,Sudeste,0.8891,0,0
904338,34.4,16082.9,2531.0,32.0,0.225,0.2307,0,parceria_varejo,Sudeste,-1.515,0,0
901045,43.1,38700.07,12230.29,51.7,0.2635,0.2653,0,app,Centro-Oeste,-1.9377,1,0
903539,33.0,125819.66,23541.96,,0.1607,0.1467,0,agência,Sudeste,0.1907,2,0
901431,39.3,69044.13,25402.62,50.4,0.5524,0.5744,0,indicação,Sudeste,1.2938,4,1
901969,44.0,47064.29,14049.09,21.0,0.3752,0.371,1,agência,Nordeste,-0.8276,0,0
900977,46.7,16317.31,2701.18,1.6,0.4219,0.4441,1,app,Sul,0.0056,2,0
905919,47.4,58015.14,19359.67,35.4,0.4123,0.4004,1,agência,Sul,-0.1267,0,0
902795,38.4,31643.95,6202.27,3.1,0.2099,0.2206,0,app,Nordeste,-2.6473,2,0
905104,23.4,44622.7,11698.15,24.5,0.0753,0.0492,1,agência,Sudeste,2.309,1,0
903177,18.0,139289.3,56562.45,13.2,0.464,0.4814,0,app,Sudeste,0.8878,4,0
901750,19.7,63605.55,22908.95,77.5,0.197,0.1882,0,indicação,Sudeste,-1.5413,4,0
900812,22.2,72351.38,15074.8,19.8,0.4871,0.4979,0,agência,Nordeste,0.0486,2,0
905802,62.1,38196.53,8416.22,55.3,0.2969,0.2998,0,agência,Sul,-0.3674,3,0
905266,50.1,25129.98,9201.15,60.0,0.2403,0.1867,0,app,Nordeste,0.8507,3,0
901495,46.4,108295.92,29706.0,94.1,0.3538,0.3308,1,agência,Sul,0.8537,0,0
902241,36.6,53859.04,17652.41,9.4,0.1512,0.1641,0,agência,Centro-Oeste,2.4065,1,0
904482,32.9,60125.04,16254.86,6.8,0.1861,0.2011,0,indicação,Sudeste,0.5973,0,0
900535,33.2,80859.29,19692.41,26.0,0.2802,0.2761,0,indicação,Sul,2.245,4,0
902643,37.4,39410.88,10938.02,1.9,0.2277,0.2437,0,app,Nordeste,0.5386,3,0
904732,50.4,133797.97,23414.92,130.7,0.4532,0.4629,0,agência,Sudeste,1.2247,3,0
904269,34.0,77643.15,14508.1,132.0,0.3311,0.298,0,indicação,Nordeste,0.963,4,0
903487,39.6,120165.06,49026.86,4.0,0.1352,0.1226,0,indicação,Centro-Oeste,0.426,0,0
903126,38.3,26032.5,8252.98,47.4,0.2065,0.1969,1,app,Nordeste,0.2748,2,0
901933,59.1,115493.86,46343.86,12.1,0.3541,0.3437,0,app,Sudeste,0.9498,2,0
901192,28.0,39805.66,7017.24,29.5,0.2402,0.2542,0,agência,Sudeste,0.1377,4,0
901843,30.4,17082.73,2727.75,22.3,0.5438,0.5159,0,indicação,Sudeste,3.5208,3,0
902588,52.2,51778.65,12732.74,15.6,0.2575,0.2643,0,agência,Nordeste,0.1376,2,0
904779,35.3,35239.64,12759.62,10.9,0.168,0.1725,0,agência,Sudeste,0.5286,1,0
903677,44.3,29871.88,10400.41,27.0,0.2258,0.2022,0,app,Sudeste,1.1234,2,0
902272,40.0,61770.85,27033.87,112.1,0.6727,0.6673,0,app,Sudeste,-0.4533,1,0
905171,48.8,39708.95,6272.92,3.7,0.3895,0.3674,1,agência,Sudeste,-0.5979,2,0
900143,22.0,27024.49,6408.78,17.5,0.2769,0.2666,0,agência,Sudeste,-0.354,2,0
902453,38.5,43519.9,13315.62,38.5,0.2929,0.2737,0,parceria_varejo,Sul,-0.3932,0,0
902244,35.6,25609.6,10853.54,65.9,0.3775,0.3748,0,agência,Sudeste,-0.7919,0,0
902477,36.3,22293.98,7090.98,9.8,0.3675,0.3751,0,agência,Sul,-1.1495,1,0
904190,46.8,39222.29,7326.0,2.0,0.1994,0.1902,0,app,Sudeste,0.7454,4,0
900962,47.5,72395.58,20789.65,7.9,0.3599,0.3508,0,app,Sul,-0.5541,0,0
901540,35.7,41537.25,6613.4,58.7,0.5606,0.5811,0,agência,Sudeste,2.1222,4,0
900464,56.5,69733.14,26955.36,71.2,0.1313,0.1302,0,agência,Nordeste,-1.0134,2,0
903145,21.2,42215.65,11266.06,,0.4647,0.4577,1,app,Nordeste,-0.4634,1,0
902204,43.0,64633.16,20284.88,1.0,0.3201,0.3677,0,app,Nordeste,0.5415,1,0
903031,46.4,98103.01,29919.31,39.3,0.1565,0.1613,0,app,Nordeste,-0.2974,3,0
900882,19.8,95811.49,37908.87,,0.7315,0.7143,1,app,Sudeste,-2.7222,1,0
900311,33.1,56760.37,21534.95,25.8,0.3521,0.3587,0,indicação,Nordeste,0.1738,1,0
901095,46.9,44236.52,17918.03,40.3,0.2043,0.2069,0,agência,Sudeste,1.2244,4,0
903286,48.1,41299.08,15848.07,43.0,0.5222,0.5334,0,indicação,Sudeste,-1.0561,0,0
900843,28.2,,12392.96,45.6,0.0529,0.0519,1,agência,Sudeste,0.5223,4,0
902243,25.2,67933.14,28371.96,165.8,0.1008,0.1004,0,app,Sudeste,0.6924,2,0
902382,59.9,55977.95,8976.57,46.7,0.2837,0.2892,1,parceria_varejo,Norte,-2.4776,1,0
900098,45.1,34966.68,11558.6,22.6,0.3638,0.3914,0,agência,Sul,0.3593,0,0
900499,55.7,44476.89,17393.33,21.3,0.0197,0.0366,3,agência,Nordeste,0.4838,3,0
903554,20.4,46629.04,19089.79,56.2,0.4786,0.4669,0,app,Norte,-0.2524,2,0
901453,56.4,41787.15,13976.69,3.8,0.713,0.6984,1,agência,Nordeste,-0.6341,1,1
902686,45.1,83062.25,33587.0,1.0,0.506,0.5212,0,agência,Sudeste,0.0975,0,0
902868,41.2,157523.38,58476.63,4.2,0.6462,0.6489,1,app,Sudeste,0.7371,0,0
904582,48.3,25358.4,9049.75,66.0,0.3673,0.3616,0,indicação,Nordeste,-0.3031,2,1
905989,25.6,38856.67,6843.95,28.3,0.2683,0.3026,0,agência,Nordeste,-0.7628,3,0
902012,37.5,21767.9,4164.03,26.1,0.2854,0.2775,0,app,Centro-Oeste,-1.3484,4,0
905532,60.0,54207.23,18640.07,122.0,0.27,0.2732,1,parceria_varejo,Sul,1.3445,1,0
900029,43.0,74538.24,23901.95,69.1,0.3481,0.3342,0,indicação,Nordeste,0.0166,0,0
904016,50.9,,9222.85,36.1,0.3822,0.4165,0,agência,Centro-Oeste,0.5474,4,0
903472,40.1,50354.82,9098.97,6.4,0.7117,0.739,0,evento_promocional,Nordeste,-0.2993,3,0
905667,39.6,57254.15,14088.3,67.1,0.1428,0.1751,0,parceria_varejo,Sul,-0.8457,3,0
900443,42.6,28214.82,8894.32,26.3,0.4306,0.4361,0,app,Sudeste,0.4984,0,0
904552,41.6,44902.14,9081.13,10.2,0.114,0.1417,0,app,Sudeste,0.4225,0,0
905794,31.8,63142.17,14355.98,46.8,0.322,0.3184,0,agência,Nordeste,-1.6832,1,0
903046,38.6,41510.6,8198.39,25.2,0.1928,0.1745,0,app,Norte,0.4746,0,0
902149,29.8,71506.14,22932.44,6.7,0.2077,0.1878,0,indicação,Nordeste,0.4445,3,0
902716,34.2,78708.53,34523.83,,0.1825,0.1961,1,agência,Centro-Oeste,2.2413,4,0
903740,32.1,90652.81,38787.39,14.2,0.3076,0.3075,0,agência,Centro-Oeste,1.4597,2,0
900991,51.4,15075.0,4812.06,13.2,0.3507,0.3277,1,indicação,Sudeste,0.1139,1,1
904936,38.2,104779.62,20102.64,13.7,0.4521,0.4815,1,agência,Sudeste,0.2758,1,0
901668,30.4,41346.39,17301.4,12.8,0.2514,0.2501,0,indicação,Sudeste,-0.2051,0,0
904410,51.2,110379.74,19907.26,118.6,0.5119,0.4869,1,app,Nordeste,1.6031,1,0
905411,54.1,61427.37,15219.3,24.0,0.4827,0.4984,1,app,Sudeste,-1.4729,1,0
904631,45.2,21155.24,4677.83,83.9,0.2299,0.2389,0,app,Norte,0.2725,4,0
900914,29.5,32335.27,7906.14,13.1,0.4061,0.4083,0,parceria_varejo,Sudeste,0.1645,0,0
901706,45.9,,17124.01,18.2,0.1277,0.1225,1,agência,Sudeste,1.1971,4,0
903131,51.5,87653.22,34410.51,129.7,0.1159,0.1441,0,indicação,Sul,-1.6886,4,0
905899,49.0,28065.72,7894.0,7.4,0.3088,0.3111,0,parceria_varejo,Sul,1.0663,4,0
901654,32.2,28940.64,5675.79,33.3,0.7919,0.7854,0,parceria_varejo,Sul,1.7504,4,0
905957,33.4,44276.83,15523.73,26.5,0.1588,0.1811,1,app,Nordeste,-1.2155,1,0
902706,33.6,91976.02,21275.96,58.6,0.1737,0.1792,0,agência,Sudeste,0.6218,0,0
904918,41.9,78703.69,23823.51,8.1,0.1721,0.144,1,app,Sudeste,-0.7045,1,0
904115,48.9,11375.39,1722.91,34.3,0.1284,0.1481,0,parceria_varejo,Sul,0.0272,4,0
901196,34.3,36899.23,12617.17,50.1,0.2419,0.2274,1,parceria_varejo,Centro-Oeste,0.1275,2,0
903270,44.9,44560.18,18772.56,2.3,0.1566,0.1457,0,agência,Norte,1.5593,3,0
904138,38.0,98898.75,33240.3,,0.128,0.1243,0,app,Sudeste,-0.1414,4,0
903620,50.1,75245.11,21413.07,49.7,0.3522,0.3354,0,agência,Sudeste,-1.1875,2,0
902066,57.1,30672.14,5271.27,58.9,0.1707,0.1705,0,agência,Sudeste,0.0288,0,0
901900,37.7,90585.57,15207.97,160.2,0.2978,0.3058,0,app,Sudeste,1.1684,2,0
901450,35.1,93321.55,41953.57,66.0,0.1659,0.1505,1,app,Norte,-1.0863,4,0
900302,31.8,86514.28,28059.43,53.3,0.2568,0.2555,0,agência,Sul,-3.4249,2,0
904052,45.9,35468.49,6880.34,75.2,0.1855,0.1667,2,app,Nordeste,0.7686,1,0
904688,37.8,,8209.99,62.3,0.3864,0.4113,0,agência,Sudeste,0.9633,1,0
900042,18.0,24514.76,5060.49,41.8,0.1563,0.1767,1,app,Nordeste,-0.0477,1,0
903179,28.7,36102.62,10094.52,3.1,0.4789,0.4875,0,parceria_varejo,Nordeste,-0.76,3,0
902806,57.9,24208.31,7587.39,36.3,0.0856,0.0729,1,indicação,Centro-Oeste,-0.7073,4,1
905538,47.9,162090.07,47137.2,62.2,0.3544,0.3788,0,agência,Nordeste,-0.2517,3,0
901294,31.5,44283.17,12915.29,5.8,0.1493,0.1763,0,app,Sudeste,-1.2504,4,0
903402,18.0,48069.93,17590.84,11.1,0.1594,0.2139,2,app,Nordeste,0.1592,4,0
904366,40.1,55463.38,18156.91,8.1,0.4861,0.4411,1,indicação,Sudeste,0.0801,3,0
900217,52.1,21807.78,3527.5,,0.5222,0.5194,1,agência,Sudeste,-0.8143,0,0
902575,45.5,144414.09,64634.19,33.8,0.1529,0.1363,1,app,Sudeste,0.357,3,0
902816,52.8,30102.27,12386.34,6.5,0.2332,0.2111,0,indicação,Sul,-1.4896,4,1
904816,30.4,,7712.86,12.7,0.0706,0.1044,1,agência,Nordeste,-0.1954,3,0
903390,30.4,34319.48,9229.44,27.4,0.6439,0.6569,0,app,Centro-Oeste,0.2047,4,1
901620,32.5,167176.31,41594.69,50.4,0.3413,0.3521,0,parceria_varejo,Centro-Oeste,-1.0631,3,0
904748,40.1,61132.01,24372.59,20.2,0.2437,0.2381,1,parceria_varejo,Nordeste,-0.3393,3,0
903785,47.9,115563.17,20135.52,45.2,0.2771,0.2657,0,agência,Nordeste,0.5466,1,0
903518,32.6,46127.97,7253.95,69.9,0.4239,0.4446,0,app,Centro-Oeste,-1.0818,1,1
904713,44.2,20981.38,8140.62,,0.1247,0.1417,1,parceria_varejo,Sul,-0.793,1,0
903379,40.2,79370.23,22897.98,17.2,0.2191,0.1984,0,parceria_varejo,Nordeste,0.6787,4,0
900965,56.3,39267.08,9137.38,,0.3842,0.3635,0,indicação,Sudeste,-0.0323,3,0
903847,35.4,50678.49,9827.02,14.8,0.4164,0.4267,3,app,Nordeste,-0.2951,3,0
904179,43.8,77779.0,31195.69,7.5,0.1789,0.1626,0,indicação,Sudeste,-0.2814,1,0
903774,21.0,62272.33,17300.6,50.9,0.317,0.3344,0,agência,Nordeste,-0.1358,3,0
905739,22.9,74033.74,11873.04,14.9,0.0552,0.0177,1,agência,Sul,0.3227,2,0
903684,27.8,57644.18,19677.92,46.9,0.2728,0.2277,1,indicação,Nordeste,0.3198,1,0
905497,40.4,30344.95,9154.02,17.1,0.3851,0.3892,0,agência,Sudeste,-0.2633,4,0
904550,33.0,,9087.38,44.8,0.1608,0.1581,0,parceria_varejo,Sudeste,0.1268,2,0
901977,41.2,89814.24,14754.35,46.7,0.3288,0.3272,0,parceria_varejo,Sudeste,-0.433,2,0
905108,35.2,48225.13,9156.93,28.4,0.1243,0.1145,0,agência,Sudeste,0.0613,3,0
903948,49.0,91975.78,32297.83,21.8,0.2419,0.2323,0,agência,Sudeste,0.5484,1,0
904684,22.7,65192.76,12747.14,43.0,0.4405,0.4405,0,agência,Norte,-0.1057,2,0
903180,41.0,24744.11,8638.73,6.1,0.4878,0.453,0,app,Sudeste,-0.0471,0,0
904856,28.6,26115.43,4369.01,28.7,0.1985,0.1474,0,parceria_varejo,Sudeste,1.8309,0,0
901736,32.3,40849.98,12974.57,7.2,0.5142,0.5159,1,indicação,Sudeste,0.5405,4,0
904861,36.7,102789.29,20755.09,27.0,0.2808,0.2729,1,agência,Sudeste,0.5436,3,0
905898,42.8,131863.23,42553.85,80.9,0.0958,0.1106,0,indicação,Sul,-1.3314,3,0
902014,18.5,39240.84,9922.33,80.7,0.1207,0.1474,0,indicação,Nordeste,-0.9303,3,0
905341,28.8,38558.26,5931.25,22.2,0.4396,0.4144,0,indicação,Sudeste,1.09,2,0
904970,40.1,45545.39,15447.14,6.9,0.0892,0.0632,0,app,Sudeste,0.7187,1,0
901022,30.5,20767.41,4537.38,20.8,0.079,0.1115,0,app,Norte,-1.3023,4,0
900519,44.7,116135.48,49389.04,61.8,0.0563,0.0655,0,parceria_varejo,Sudeste,-0.7069,0,0
901484,36.9,43377.97,62367.625376198455,181.3,0.1269,0.1254,0,app,Sudeste,-0.4513,4,0
904993,46.6,20199.86,5750.54,31.1,0.5381,0.5439,0,agência,Sudeste,-0.24,2,0
904411,38.3,58214.25,16768.78,1.0,0.2229,0.2304,0,agência,Sul,-1.5815,0,0
900467,31.5,22582.56,6559.22,2.1,0.3511,0.3523,0,agência,Centro-Oeste,0.6293,3,0
904782,37.2,27356.76,9717.35,152.7,0.3592,0.3675,0,app,Norte,0.5315,2,0
903320,59.6,89443.8,27132.75,9.4,0.2031,0.2125,0,agência,Nordeste,-0.6163,4,0
900286,30.2,38512.12,8669.71,93.4,0.1244,0.1439,2,app,Sudeste,-0.8774,0,0
900864,63.1,36679.56,11249.41,116.5,0.4879,0.5298,0,agência,Norte,-0.1933,4,0
904715,34.5,23219.6,57015.766979930035,52.2,0.087,0.0758,0,app,Nordeste,-0.7137,0,0
903348,20.1,31540.61,11911.38,,0.1581,0.163,0,agência,Nordeste,-0.8341,4,0
900982,64.8,48531.74,20131.79,13.9,0.1275,0.1252,0,evento_promocional,Centro-Oeste,-0.406,1,0
900304,41.7,19214.63,4178.75,70.5,0.2874,0.281,0,app,Sudeste,-0.1443,0,0
901421,29.0,84694.76,15022.36,21.9,0.1145,0.1317,1,parceria_varejo,Sudeste,0.3488,3,0
904426,22.9,92384.75,15291.7,44.7,0.171,0.1598,0,agência,Sudeste,1.8614,3,0
905938,39.7,62517.94,9592.11,25.2,0.1482,0.1432,0,app,Sudeste,-0.4162,2,0
903788,56.6,18668.16,6041.36,22.3,0.3722,0.3605,0,app,Sul,-0.3308,4,0
904924,26.7,85279.56,34110.45,72.3,0.3717,0.3494,0,app,Sudeste,1.6711,0,0
902182,40.0,17195.49,6240.14,13.6,0.1598,0.1535,0,agência,Sudeste,-0.6727,2,0
901845,54.2,,12139.83,58.3,0.2349,0.2458,1,app,Sudeste,-0.7146,2,0
905133,63.0,58589.41,14183.83,18.5,0.4383,0.4562,0,agência,Centro-Oeste,-0.1877,2,0
902906,28.9,64534.25,16363.37,83.6,0.4193,0.4224,1,agência,Sul,-0.6359,3,0
903921,33.1,39418.4,9828.62,2.6,0.2121,0.2253,0,agência,Sudeste,0.8004,0,0
905486,37.6,44615.14,13443.89,38.3,0.4098,0.4027,0,agência,Sudeste,-0.6832,0,1
903075,53.9,174707.39,67000.63,3.0,0.2968,0.2894,0,app,Nordeste,1.4163,1,0
902215,43.2,42978.77,14600.77,9.2,0.3518,0.3575,0,parceria_varejo,Centro-Oeste,1.2398,3,0
904346,45.9,63764.17,27009.35,4.7,0.3476,0.3633,0,app,Centro-Oeste,-0.4323,1,0
902189,42.4,20736.55,4437.57,36.9,0.2698,0.29,1,indicação,Sudeste,1.0109,1,0
905651,24.9,57610.43,14611.37,27.8,0.3632,0.3835,1,agência,Sudeste,0.6036,1,0
903645,32.7,47738.25,17753.77,3.4,0.1609,0.1662,0,app,Sul,-0.9594,1,0
905109,49.2,30867.14,12262.1,38.9,0.2529,0.2578,0,parceria_varejo,Nordeste,-0.7868,1,0
903416,31.9,136234.74,21768.38,37.3,0.4173,0.4272,1,app,Nordeste,0.4402,4,0
900555,43.2,76407.36,34110.71,12.7,0.2556,0.2708,0,agência,Sudeste,-0.243,3,0
904397,46.0,33061.81,12173.51,3.9,0.2176,0.2141,1,app,Sul,-1.9728,3,0
901122,35.9,114555.64,19607.32,,0.37,0.3703,0,indicação,Sudeste,-0.1552,3,0
904117,46.9,44926.13,15333.58,,0.4043,0.4215,0,app,Sul,-1.0692,2,0
904820,33.8,55358.31,8972.68,21.9,0.014,0.0373,0,app,Nordeste,-0.4432,0,0
902648,26.9,36728.48,7527.03,31.4,0.0937,0.1133,0,indicação,Sudeste,-2.1635,0,0
904213,37.5,47482.05,20364.6,78.5,0.3716,0.3964,0,agência,Sudeste,-0.2442,1,0
905776,44.5,27413.09,5827.69,7.2,0.0576,0.0931,0,agência,Sul,-0.3392,2,0
902584,41.5,51629.45,13170.51,15.5,0.1815,0.1842,0,app,Sudeste,0.1907,2,1
904395,43.0,8267.56,3322.93,43.5,0.3626,0.3604,0,app,Sul,0.9183,3,0
905493,35.5,18578.67,7129.08,78.3,0.2754,0.2682,0,parceria_varejo,Sudeste,-0.4472,1,0
904282,68.3,48872.6,20976.23,93.3,0.5906,0.6107,0,parceria_varejo,Centro-Oeste,-1.4175,1,0
901418,41.1,81001.88,29216.16,1.3,0.2944,0.2778,1,app,Centro-Oeste,-0.0335,3,0
903920,62.8,,28712.55,13.7,0.0611,0.0506,2,agência,Nordeste,0.3776,0,0
901351,36.9,36561.11,6986.89,16.3,0.3163,0.3026,0,indicação,Sul,-1.6396,3,0
903896,41.8,25130.26,4343.34,16.3,0.2308,0.2297,1,app,Sul,-0.5409,4,0
903633,33.9,,42603.47,14.0,0.2821,0.2674,1,agência,Sudeste,0.1141,4,0
904459,47.0,41961.36,7980.36,25.1,0.2847,0.3161,0,indicação,Nordeste,0.4746,2,0
903482,38.9,35586.54,5733.85,,0.2199,0.2034,0,indicação,Sudeste,0.1639,3,0
905177,39.3,21258.15,7560.01,14.6,0.4789,0.4729,1,app,Sudeste,-1.1697,2,0
902797,26.8,103526.64,39413.03,68.9,0.3591,0.3733,0,app,Nordeste,0.6622,1,0
901170,28.5,78535.41,21184.41,10.2,0.2339,0.2324,0,app,Sudeste,1.6494,3,0
900539,27.0,25303.55,7213.69,36.7,0.2618,0.245,1,agência,Sudeste,0.0025,0,0
904157,18.0,21666.89,5770.92,2.5,0.5833,0.5713,0,app,Nordeste,3.0032,0,0
903993,48.8,65911.54,13218.12,13.6,0.1179,0.0729,1,indicação,Sudeste,0.5926,0,0
903872,58.5,105006.73,16220.99,17.5,0.0822,0.0569,1,indicação,Sul,0.0984,4,0
901867,45.2,51889.11,13875.6,2.9,0.514,0.5087,0,agência,Nordeste,-0.9751,2,1
904901,47.4,47562.76,19502.95,36.7,0.7012,0.6557,0,indicação,Norte,-0.4345,3,0
903283,44.4,78244.69,24402.05,35.3,0.2829,0.2558,0,app,Nordeste,-0.6724,2,0
904139,41.4,56778.63,18532.35,29.1,0.2308,0.2093,0,agência,Centro-Oeste,-0.1399,3,0
902071,37.9,62773.32,26552.45,104.1,0.0218,0.0,0,app,Centro-Oeste,-0.9703,3,0
903203,65.1,,8586.95,8.5,0.1528,0.1871,1,app,Sudeste,-0.7411,3,0
901702,29.3,49566.48,9464.36,59.5,0.52,0.5285,0,app,Nordeste,-0.7873,2,0
902790,46.3,34457.45,6475.09,6.3,0.4091,0.4019,0,app,Sudeste,-0.5452,3,0
901861,44.7,43958.7,10131.84,64.0,0.2423,0.1892,3,agência,Sul,-0.3174,1,0
902563,61.3,13995.74,3191.52,19.5,0.2829,0.2751,3,indicação,Centro-Oeste,0.8601,2,0
903761,35.5,29330.99,5877.98,29.5,0.0913,0.1153,0,app,Sudeste,0.4556,1,0
904133,39.7,65377.98,23010.37,5.9,0.2032,0.1829,0,app,Sudeste,2.2561,4,0
900001,58.1,54949.76,12736.22,25.1,0.1012,0.122,0,app,Sudeste,1.4584,2,0
905933,45.4,69888.11,28827.0,14.8,0.0758,0.0822,0,app,Norte,1.0063,3,0
905749,36.9,28129.89,10917.63,42.7,0.6325,0.6111,1,app,Sul,-0.4814,1,0
901332,37.4,36250.14,10335.64,11.7,0.2009,0.1897,0,agência,Sudeste,0.4808,3,0
901817,36.1,30799.08,9424.95,,0.3482,0.3271,0,indicação,Centro-Oeste,1.9839,0,0
904528,38.4,55155.95,11827.0,21.1,0.4495,0.4572,0,agência,Nordeste,1.5057,2,0
900224,37.2,47041.69,15867.84,49.2,0.337,0.3068,0,agência,Norte,-1.35,0,0
905517,31.5,23154.68,10339.91,63.0,0.318,0.3159,2,agência,Sudeste,-1.2665,3,0
902931,34.8,33540.09,8930.18,3.6,0.6829,0.6846,0,app,Sudeste,1.4962,1,0
900661,35.1,38700.53,10183.5,65.3,0.462,0.4321,0,app,Sudeste,2.164,2,0
902162,37.7,32260.07,12224.54,42.4,0.1363,0.1392,2,indicação,Sudeste,0.9058,3,0
905676,30.4,36355.56,14772.59,6.9,0.0599,0.0544,0,app,Sudeste,0.513,4,0
905707,48.0,51929.95,11682.65,4.8,0.2019,0.1998,0,app,Sul,-0.7929,1,0
902611,37.7,61092.36,16790.47,25.7,0.0924,0.0651,0,agência,Nordeste,-0.4101,2,0
900451,25.4,54281.78,10224.15,7.3,0.4081,0.4154,0,app,Nordeste,1.8831,3,0
901336,34.9,77358.92,26212.91,15.0,0.5812,0.5756,1,app,Norte,-1.7155,1,1
905894,41.4,34733.25,10093.93,,0.1904,0.2054,0,app,Norte,0.2604,3,0
900020,49.9,16899.76,5412.19,129.5,0.547,0.5485,0,parceria_varejo,Sul,-1.126,2,0
901957,48.2,112801.48,43487.02,47.3,0.1735,0.1724,0,agência,Sudeste,0.4683,4,0
903521,33.0,,2053.04,175.6,0.2366,0.2302,1,indicação,Sul,0.3039,3,0
903167,44.4,38352.36,15126.61,18.9,0.2932,0.2503,1,agência,Sul,0.3402,1,0
901536,18.0,51373.19,10197.8,11.7,0.1752,0.204,0,indicação,Sudeste,2.1802,0,0
900773,33.4,24333.51,9232.02,,0.1339,0.1422,0,parceria_varejo,Centro-Oeste,-1.5741,3,0
904372,20.8,126865.85,32626.12,43.3,0.0761,0.0728,1,app,Sul,-0.5273,3,0
901357,33.9,22775.98,5619.0,,0.2718,0.2507,0,app,Centro-Oeste,-0.4249,3,0
900283,56.3,40325.45,17185.48,,0.3742,0.3786,0,agência,Sul,-1.0247,4,0
902819,50.9,53361.66,16864.22,12.8,0.2634,0.26,0,agência,Sul,-0.9866,3,0
901326,35.8,38373.79,6334.84,69.7,0.1765,0.2021,0,agência,Sul,0.6541,1,0
900776,49.6,32957.3,9385.96,10.4,0.0944,0.1029,1,agência,Nordeste,-0.1961,0,0
902984,39.7,59970.1,9229.95,2.5,0.2035,0.193,2,agência,Sudeste,-1.0835,3,0
903700,44.3,55101.27,14750.12,6.7,0.2866,0.2713,1,app,Norte,-0.6496,1,0
902483,45.5,68292.76,24937.64,137.8,0.6561,0.6618,1,app,Sudeste,0.4307,3,0
905440,24.2,25200.51,4471.37,12.4,0.4665,0.4957,0,indicação,Sul,-0.4071,2,0
903054,34.9,77178.91,21779.22,83.8,0.1942,0.2091,0,agência,Sudeste,1.889,0,0
905792,51.0,63697.04,24970.83,7.7,0.31,0.3076,3,parceria_varejo,Sudeste,-0.6376,2,0
901330,36.2,36199.26,11330.74,2.5,0.2462,0.2205,0,agência,Centro-Oeste,-0.4669,3,0
903021,44.5,33421.03,13320.57,,0.2485,0.2218,0,parceria_varejo,Sudeste,1.9839,3,0
902267,44.5,42571.48,9793.16,104.3,0.5646,0.5307,0,agência,Nordeste,0.8898,2,0
903001,40.7,39347.82,14618.64,4.2,0.218,0.2306,1,app,Sudeste,-0.2658,1,0
905029,31.6,21432.58,4856.28,4.7,0.3696,0.3971,1,app,Sudeste,0.7335,2,0
900620,52.2,16700.78,4279.9,21.3,0.1137,0.1315,0,agência,Centro-Oeste,0.3742,1,0
900072,61.7,,3989.83,19.7,0.2684,0.281,1,indicação,Sul,0.7772,3,0
900532,34.0,50533.49,8952.22,19.7,0.3252,0.3491,0,app,Sudeste,-0.0832,4,0
902734,44.4,38993.12,15133.49,40.0,0.2752,0.299,0,agência,Sul,-0.4654,3,0
901430,35.5,53597.56,21290.35,73.8,0.4461,0.4515,0,app,Norte,-2.2665,1,0
902510,39.0,,21775.03,5.5,0.4146,0.4429,0,agência,Centro-Oeste,1.1344,1,0
905991,36.6,66316.08,26377.0,32.7,0.3015,0.3009,0,agência,Centro-Oeste,-0.2936,1,0
901939,44.6,26135.42,9677.77,43.8,0.2686,0.2833,0,parceria_varejo,Sudeste,0.2524,4,0
900401,39.0,56889.84,18087.25,8.6,0.0662,0.0785,0,app,Centro-Oeste,0.6553,2,0
900317,28.6,70857.84,22702.77,68.1,0.1876,0.2213,1,indicação,Sudeste,-0.4362,4,0
905146,42.8,89499.39,32564.3,,0.3793,0.4077,0,agência,Sudeste,-0.6506,3,0
904181,23.8,18423.51,7788.59,3.9,0.2046,0.2295,1,agência,Nordeste,-0.1131,1,0
905015,49.6,35091.88,15068.65,25.5,0.3935,0.3871,0,indicação,Sudeste,0.0453,0,0
901034,32.5,55740.01,18685.6,12.2,0.3144,0.2905,0,app,Sudeste,1.5544,3,0
905530,49.7,18979.89,5971.66,45.3,0.1736,0.1803,1,app,Sudeste,1.2464,1,0
904640,49.0,14571.87,3377.5,5.7,0.2355,0.2342,0,agência,Centro-Oeste,1.2177,1,0
904564,48.7,34029.86,11803.51,19.2,0.1379,0.1099,1,app,Sudeste,0.4484,0,0
905812,47.5,,18839.34,2.1,0.2081,0.2203,1,indicação,Sul,-0.3141,4,0
903528,30.9,28349.73,9568.87,20.4,0.0818,0.0798,1,agência,Sudeste,-0.231,4,0
900737,27.3,66939.57,24790.61,24.6,0.3675,0.3393,0,agência,Sudeste,0.6462,2,0
904283,65.5,,25814.63,12.0,0.3933,0.3837,1,agência,Sudeste,-1.6299,0,0
900396,43.2,36092.66,5819.48,22.1,0.4116,0.4347,1,app,Sudeste,-1.8058,1,0
901035,55.6,34207.88,11418.17,44.7,0.3033,0.3238,0,agência,Norte,0.2006,3,0
900039,35.2,15248.47,4680.01,2.4,0.4066,0.4041,0,parceria_varejo,Sul,0.7436,4,0
903954,27.7,19401.74,6167.39,1.1,0.3455,0.3507,1,agência,Centro-Oeste,-1.3444,3,0
900489,24.3,42658.47,18983.4,76.4,0.2416,0.2294,0,agência,Sul,-0.322,2,0
905796,55.2,89664.18,27152.75,30.2,0.2342,0.206,0,agência,Sudeste,-0.0398,0,1
905284,35.0,61343.08,19936.77,15.2,0.4756,0.4788,0,app,Nordeste,-0.5959,4,0
904481,18.6,34623.37,13293.49,1.0,0.2535,0.272,0,app,Sudeste,-0.6611,3,0
903795,60.0,100404.56,38788.94,57.3,0.2903,0.245,1,app,Sul,0.7595,3,0
903630,41.0,19495.68,7488.44,19.4,0.0418,0.0477,1,indicação,Sudeste,0.2183,0,0
904448,61.2,,14938.32,17.2,0.6611,0.6649,0,indicação,Sudeste,-1.5195,2,0
902851,48.3,50860.82,8667.99,37.1,0.4443,0.4536,1,app,Sudeste,0.0647,3,0
905730,27.1,48189.6,8370.05,9.1,0.5643,0.5693,0,app,Sul,0.5787,3,0
905134,18.0,33543.32,6128.52,31.8,0.305,0.3249,0,agência,Nordeste,1.3853,0,0
900227,47.8,44811.34,8446.41,18.9,0.1227,0.1498,1,indicação,Nordeste,-0.3912,3,1
903759,46.2,58397.19,12377.5,1.7,0.0996,0.091,1,agência,Sudeste,-1.4043,0,0
902089,30.2,65209.82,26258.07,30.7,0.3401,0.3375,0,agência,Norte,1.8924,0,0
905476,66.7,39678.09,14846.5,,0.0537,0.0537,0,parceria_varejo,Sudeste,-2.4352,1,0
904350,31.0,31063.15,11371.23,45.4,0.5296,0.5242,0,indicação,Sul,0.8382,2,0
902702,36.0,163577.94,59297.42,1.8,0.2495,0.2693,0,agência,Sudeste,-1.534,4,0
904323,34.2,196386.27,41258.08,41.6,0.0137,0.0233,0,indicação,Sudeste,0.1502,2,0
905999,21.4,44717.07,11686.57,38.6,0.43,0.4157,1,agência,Norte,-1.6043,0,0
905603,33.3,18535.55,6237.67,59.1,0.367,0.3687,1,parceria_varejo,Nordeste,0.4399,1,0
900572,33.3,70765.17,19880.71,4.6,0.0615,0.0712,1,parceria_varejo,Sul,-2.2601,4,0
902339,44.6,31533.99,10994.48,59.7,0.4063,0.3806,1,app,Sudeste,-1.057,1,0
905742,43.9,16429.96,5282.74,35.3,0.1555,0.1703,1,agência,Norte,-1.0345,0,0
901422,19.2,62204.73,26521.61,52.6,0.4815,0.4877,1,app,Nordeste,-0.3846,0,0
904155,47.7,29737.64,4467.14,147.2,0.5086,0.5282,0,agência,Sul,-0.2293,2,0
902456,48.5,167616.08,57935.91,59.5,0.3325,0.3219,0,agência,Norte,1.8728,1,0
902836,18.7,79092.99,32344.48,19.4,0.2892,0.2981,0,app,Sudeste,0.1046,1,0
900195,28.6,25380.69,6885.71,5.4,0.4951,0.4641,1,indicação,Norte,0.487,1,0
905774,28.6,65966.12,18924.39,,0.0791,0.0977,0,indicação,Sudeste,-0.4516,2,0
900629,30.3,23690.18,4269.63,28.8,0.2699,0.2475,0,agência,Sudeste,0.0928,1,0
904246,41.4,47162.09,12416.46,141.3,0.0999,0.0724,0,agência,Norte,-0.0891,2,0
904627,30.2,32689.02,13399.06,46.7,0.3293,0.3192,0,indicação,Nordeste,-0.5837,0,0
904130,32.4,79180.28,35154.19,13.2,0.4316,0.4249,0,indicação,Sudeste,1.3497,2,0
904677,50.0,27240.06,12046.57,9.5,0.4358,0.4245,0,agência,Sudeste,-2.0012,1,0
903771,18.0,60526.45,12420.81,1.0,0.4894,0.4641,0,agência,Sudeste,1.4336,0,0
902828,50.0,70293.33,28799.33,103.6,0.1274,0.1286,1,agência,Sudeste,0.7645,1,0
905871,45.3,77880.26,27289.74,29.3,0.1478,0.1854,0,parceria_varejo,Sudeste,-0.2419,1,0
904512,46.8,86371.88,32981.97,1.0,0.0938,0.1092,0,agência,Sul,-0.0472,1,0
904015,46.1,44845.8,12492.38,20.9,0.3957,0.3972,0,agência,Sudeste,-0.0119,2,0
902979,37.5,39038.48,17339.95,21.2,0.2045,0.2086,1,parceria_varejo,Centro-Oeste,-0.2274,1,0
903276,36.0,38911.14,12055.66,9.8,0.1594,0.1622,0,indicação,Centro-Oeste,1.6566,4,0
904818,32.8,53901.51,18807.97,,0.1714,0.167,0,agência,Centro-Oeste,0.5712,1,0
902650,33.1,47647.11,19964.21,2.5,0.4067,0.4086,1,app,Nordeste,0.4413,0,0
903502,43.2,55031.14,22875.75,7.0,0.2444,0.238,0,parceria_varejo,Sudeste,-1.4442,0,0
900949,41.5,40218.97,7035.91,1.5,0.6921,0.7042,0,app,Nordeste,0.1179,3,0
903154,39.4,36505.6,13741.26,70.5,0.2279,0.229,1,agência,Sudeste,-1.99,2,0
903079,45.2,23666.41,8720.48,11.9,0.6263,0.6111,0,agência,Nordeste,1.0183,3,0
902948,38.6,46217.88,7794.15,57.2,0.0219,0.0027,0,app,Nordeste,-1.8492,1,0
900405,35.5,,18769.29,14.3,0.234,0.2486,1,agência,Sul,-0.9519,0,0
904824,18.0,58595.72,25543.96,5.9,0.2654,0.2509,1,agência,Nordeste,-0.3827,0,0
902708,45.2,76258.3,25921.54,14.2,0.379,0.3761,0,app,Norte,-0.2571,3,0
905830,54.7,32252.73,13468.3,56.2,0.2075,0.1887,1,app,Norte,-0.135,4,0
904666,49.0,25677.01,4304.86,11.4,0.2807,0.2987,0,app,Sul,-2.3605,2,0
905023,35.0,37810.27,7411.78,,0.5504,0.5277,1,app,Nordeste,-1.9518,0,0
901238,54.9,15062.89,4429.65,7.9,0.1552,0.1424,1,app,Nordeste,1.2541,2,0
901569,45.8,136404.79,53943.3,2.1,0.0667,0.073,0,agência,Sudeste,-0.2556,1,0
903579,41.3,46423.39,9828.93,78.2,0.2381,0.239,0,agência,Norte,-0.2287,1,0
903175,18.2,29307.01,12801.74,14.3,0.1444,0.1755,1,app,Sul,2.0141,0,0
905662,51.8,82104.23,24199.93,9.5,0.1294,0.1216,1,indicação,Sudeste,0.698,2,0
904915,45.5,43670.52,13468.57,72.8,0.2923,0.3008,0,app,Norte,1.6604,2,0
903519,41.3,27020.57,4152.46,,0.1727,0.1951,0,app,Sul,1.4286,3,0
900735,45.8,30606.13,11675.75,10.9,0.2444,0.2472,1,agência,Sudeste,-2.3015,4,0
903438,49.6,29865.43,7540.67,20.3,0.4497,0.4143,0,app,Sudeste,-0.1829,4,0
903824,32.6,66142.21,10062.46,69.7,0.252,0.2483,2,app,Sudeste,-0.2861,1,0
905143,41.5,45696.99,7942.89,24.3,0.7034,0.6977,1,app,Nordeste,-0.7471,0,0
901096,45.7,119700.19,32526.15,68.9,0.2345,0.2431,0,app,Nordeste,-1.0456,1,0
902148,44.0,,30250.06,16.2,0.0437,0.0632,1,agência,Nordeste,-0.0617,0,0
905489,64.1,14370.23,2200.61,133.7,0.3141,0.2961,1,app,Sul,0.7846,1,0
903018,43.3,41559.9,12841.52,8.7,0.5485,0.5335,0,app,Nordeste,1.7437,3,0
901551,39.6,34003.32,12864.77,34.2,0.1758,0.1942,1,indicação,Nordeste,0.2885,2,0
901622,28.2,70519.85,20888.27,23.2,0.6197,0.5974,0,app,Norte,0.7522,2,0
902689,40.3,27076.83,12104.19,11.9,0.3194,0.2842,0,app,Nordeste,0.501,3,0
900379,35.4,40497.44,14427.79,56.3,0.4208,0.418,0,app,Sudeste,0.1605,3,0
901771,67.6,24408.86,7394.45,24.0,0.1973,0.1842,0,app,Sudeste,0.7051,4,0
900033,58.2,115125.34,29068.58,11.1,0.3066,0.3123,0,agência,Sudeste,-0.2726,3,0
900733,30.8,87954.49,35039.59,76.3,0.3271,0.3374,0,agência,Sudeste,-2.1462,1,0
904573,34.8,31615.89,9300.62,5.9,0.5477,0.5391,0,indicação,Norte,1.6565,1,0
903319,30.7,56118.34,11522.23,,0.2599,0.2367,1,parceria_varejo,Centro-Oeste,0.2496,4,0
901513,42.4,106588.65,45158.71,27.4,0.1375,0.113,0,agência,Sul,1.555,1,0
901985,44.4,57537.66,17451.28,33.0,0.2712,0.2447,0,app,Sudeste,-1.619,4,0
905979,48.8,61611.68,20572.21,,0.486,0.4824,0,app,Sudeste,-0.1712,4,0
904858,48.2,16613.79,4631.48,90.1,0.4004,0.4207,0,app,Sul,1.219,1,0
905869,65.3,,21736.22,42.1,0.2959,0.29,0,agência,Sudeste,-0.1186,2,0
903392,27.8,100798.16,44278.58,24.9,0.1818,0.205,0,agência,Centro-Oeste,2.0748,4,0
904098,52.0,27567.76,11771.26,62.5,0.4189,0.3986,0,app,Sudeste,0.1375,4,0
902301,40.2,23159.96,3759.42,50.1,0.1805,0.2027,1,agência,Centro-Oeste,-0.9919,0,0
904311,37.5,38361.74,16133.29,6.6,0.758,0.7498,0,agência,Nordeste,-0.3747,3,0
900049,44.3,55896.02,19341.39,57.4,0.2122,0.1835,1,indicação,Sul,-0.2341,1,0
902848,38.0,35551.72,15809.97,9.8,0.3933,0.3699,0,app,Sudeste,-1.5663,4,0
905261,61.1,,7513.52,6.3,0.4339,0.3902,0,agência,Sudeste,-0.072,0,0
900381,47.0,18454.55,3705.76,38.7,0.2875,0.279,1,parceria_varejo,Sul,-0.1569,2,0
901343,41.7,23745.26,9573.44,105.6,0.3367,0.3677,1,indicação,Sudeste,-0.524,3,0
905269,30.9,45684.31,11451.36,,0.0899,0.0494,0,app,Centro-Oeste,-0.3682,0,0
900978,31.6,61032.31,11844.38,29.4,0.1439,0.176,2,app,Sudeste,0.6648,1,0
903731,57.8,81301.0,21366.67,7.1,0.2224,0.1919,1,app,Sudeste,-0.0753,3,0
904067,51.8,34158.51,5461.4,6.4,0.3988,0.3995,0,agência,Sudeste,1.4454,2,0
901859,33.1,34159.53,8102.69,38.0,0.4484,0.4457,0,app,Sul,-0.2732,0,0
905729,40.1,25091.45,4762.82,15.8,0.6621,0.6818,0,parceria_varejo,Sudeste,0.5448,3,0
903380,51.0,62562.16,23187.36,72.9,0.5305,0.512,0,app,Nordeste,0.1373,2,0
900842,34.0,26439.11,7063.01,26.0,0.2039,0.1695,0,parceria_varejo,Sul,-0.3552,4,0
903537,18.0,24385.21,4253.92,1.0,0.5865,0.5879,0,indicação,Sudeste,2.0927,1,0
903769,33.1,31800.02,8184.89,4.9,0.1911,0.1802,0,app,Sudeste,0.8542,4,0
901224,49.5,46166.5,19153.04,72.0,0.3885,0.3624,2,agência,Sudeste,0.7837,4,0
903158,60.2,28649.44,7299.13,7.7,0.3482,0.3339,0,app,Centro-Oeste,-1.1087,0,1
903277,33.8,54407.56,16434.33,62.7,0.2882,0.3021,0,app,Centro-Oeste,1.0903,1,0
901364,42.6,35011.14,6178.79,45.3,0.347,0.3258,1,app,Nordeste,-1.5016,0,0
901098,39.2,33023.61,11383.94,,0.4035,0.379,0,agência,Sul,0.1943,0,0
905646,57.0,29963.43,5814.3,35.0,0.0678,0.0559,1,agência,Centro-Oeste,0.8387,3,0
903662,59.1,94494.1,32821.73,44.4,0.4287,0.4393,0,app,Sudeste,-1.6503,1,0
902592,29.8,59162.19,17513.42,31.2,0.5377,0.5304,0,app,Nordeste,-0.138,3,0
902368,24.1,27976.24,8010.66,4.9,0.4456,0.4069,0,agência,Norte,-0.3597,4,0
904599,48.9,26722.41,8099.22,14.5,0.4849,0.5154,0,indicação,Centro-Oeste,-1.0864,2,0
902768,44.0,52248.31,8405.7,1.0,0.0701,0.0706,1,agência,Nordeste,0.7869,3,0
902754,37.4,36434.05,15978.94,1.0,0.4639,0.5016,0,parceria_varejo,Sudeste,-0.5682,2,0
900349,51.7,52338.07,13102.43,58.0,0.3162,0.3586,0,indicação,Sudeste,0.484,0,0
903544,43.7,25211.74,9014.08,25.1,0.117,0.1229,2,app,Sudeste,-0.4146,3,0
903058,37.9,70149.08,12118.64,9.0,0.0714,0.046,0,app,Norte,1.1017,4,0
905398,25.5,59255.21,22890.75,31.1,0.3265,0.3454,0,app,Sul,1.4524,0,0
902740,38.0,107097.89,32056.88,58.3,0.3247,0.3295,0,app,Sul,-0.312,3,0
900444,39.4,32165.53,8258.59,9.4,0.3376,0.3523,0,app,Sudeste,0.09,1,0
901831,51.2,36460.25,8130.35,16.6,0.3371,0.361,1,parceria_varejo,Sudeste,0.8124,1,0
903701,22.3,45962.59,9910.97,20.4,0.3064,0.3163,0,indicação,Sul,0.6673,1,0
901819,44.4,83702.18,25199.46,120.6,0.4213,0.4317,0,agência,Sul,0.7534,2,0
903090,45.5,38943.87,14619.21,13.2,0.2149,0.1855,1,indicação,Sudeste,-0.5284,0,0
901515,40.8,49541.05,7842.54,48.5,0.4763,0.4547,1,agência,Sudeste,1.3245,2,0
900871,40.2,,12301.69,64.9,0.2424,0.2848,2,app,Nordeste,1.5207,0,0
905932,46.6,14578.54,5954.99,50.9,0.5457,0.551,1,indicação,Norte,1.2068,0,0
903417,57.7,19321.79,8607.71,35.9,0.2834,0.3204,0,agência,Nordeste,-0.2414,1,0
903420,32.4,33259.93,13673.44,73.4,0.0671,0.0701,0,app,Sul,-1.9477,1,0
901615,45.2,103895.97,42194.15,40.1,0.1248,0.1512,1,app,Sudeste,-1.1427,1,0
905227,23.4,75924.0,28376.81,18.4,0.1576,0.1404,0,app,Sudeste,0.342,0,0
904050,45.8,45751.23,19881.56,11.9,0.4554,0.4412,0,app,Centro-Oeste,2.2903,1,0
902490,42.0,35264.25,13267.85,28.0,0.7089,0.7393,0,app,Nordeste,-2.0872,0,0
905098,31.6,45758.85,9252.05,71.8,0.2382,0.2308,0,app,Nordeste,0.5095,2,0
901533,37.3,132138.24,25515.48,7.8,0.3933,0.4162,0,app,Sudeste,1.105,2,0
900380,36.0,22540.92,5706.64,54.8,0.2205,0.2219,1,agência,Sudeste,1.8568,4,0
900465,47.7,67132.3,14697.97,74.3,0.1681,0.1845,0,indicação,Sudeste,-1.8256,3,0
904701,32.1,31258.36,7366.73,105.6,0.4377,0.4507,1,agência,Centro-Oeste,-0.5312,3,1
901042,42.0,26028.93,6365.48,132.4,0.1556,0.1638,1,app,Nordeste,2.0374,0,0
903581,27.6,98008.93,29463.06,43.6,0.2655,0.2647,1,agência,Sudeste,-1.002,4,0
903030,40.4,24559.95,8778.02,22.0,0.423,0.4279,1,agência,Sudeste,0.4508,4,0
902600,39.8,35378.3,12201.92,14.7,0.2575,0.2556,0,agência,Centro-Oeste,1.0465,2,0
902971,21.6,41274.18,8956.91,6.5,0.2956,0.3142,0,indicação,Sul,0.0442,1,0
904576,34.3,24694.41,9188.14,171.3,0.2873,0.2468,0,agência,Nordeste,-0.1219,0,0
905571,31.7,44712.18,8593.26,27.1,0.4489,0.4306,0,agência,Sudeste,0.4406,3,0
903884,21.3,74412.7,28756.43,21.6,0.2104,0.1985,1,indicação,Nordeste,-0.902,1,0
904170,48.5,69144.14,22481.55,40.6,0.4308,0.4746,0,app,Centro-Oeste,0.2533,4,0
900683,18.0,47959.35,16351.53,16.9,0.0926,0.081,1,app,Sudeste,-0.721,1,0
905218,40.9,44129.09,19144.35,62.2,0.2621,0.2609,2,indicação,Centro-Oeste,-0.2567,4,0
904321,44.8,24966.94,5853.85,1.4,0.2295,0.226,0,app,Nordeste,-0.4492,3,0
904992,33.7,64987.44,25018.44,15.1,0.0152,0.0147,1,app,Sudeste,-0.883,4,0
904679,43.7,50449.61,7706.86,1.0,0.7409,0.77,1,evento_promocional,Nordeste,0.5173,3,1
900818,34.1,50435.55,14169.65,3.7,0.2847,0.2699,1,app,Sudeste,-0.8432,2,1
901680,46.8,,12105.34,10.3,0.5585,0.584,0,indicação,Centro-Oeste,0.1412,1,0
902947,18.0,25649.13,4134.24,212.3,0.5479,0.5755,1,app,Sudeste,0.1625,2,0
901889,34.9,32324.68,10278.12,2.6,0.1405,0.1731,0,app,Sudeste,0.6692,0,0
900415,47.8,33596.8,6260.12,36.5,0.0591,0.0765,0,app,Sudeste,0.4545,0,0
903304,41.8,36015.4,11458.27,3.1,0.396,0.4051,0,app,Centro-Oeste,-0.8499,1,0
902075,31.3,18656.39,3935.5,20.0,0.3935,0.3817,0,indicação,Nordeste,-0.1101,4,0
903617,43.8,40108.36,16248.53,6.8,0.4645,0.4553,1,agência,Centro-Oeste,-1.3172,3,1
905127,31.5,45305.76,15650.63,38.6,0.1162,0.1397,1,parceria_varejo,Nordeste,-0.1836,1,0
901139,44.7,40827.29,10601.65,98.4,0.2984,0.3081,0,agência,Centro-Oeste,1.9699,4,0
903481,18.0,45368.35,11729.61,147.4,0.3431,0.3126,0,app,Centro-Oeste,1.7478,3,0
902726,32.7,51225.28,14652.26,,0.1494,0.1711,0,agência,Sudeste,1.4963,0,0
900684,25.4,50563.09,12682.54,99.5,0.1536,0.1698,1,agência,Sul,-0.9149,0,0
901625,48.5,14846.84,5483.25,38.6,0.3498,0.3266,0,indicação,Sul,0.1415,3,0
900244,57.4,41887.97,13694.89,141.2,0.1649,0.1523,1,agência,Sul,-0.0279,3,0
901887,24.9,44557.93,10817.44,25.5,0.2789,0.2665,0,agência,Nordeste,-1.4647,4,0
904184,48.0,37848.32,13283.48,33.7,0.5748,0.6075,1,agência,Sudeste,-1.7568,2,0
900154,46.2,76551.29,13426.13,19.1,0.1381,0.1281,1,app,Centro-Oeste,0.4611,3,0
905022,29.1,16851.56,5629.87,16.4,0.3261,0.3427,2,app,Nordeste,1.5077,4,0
901172,37.8,34501.15,14634.82,47.7,0.0992,0.1177,0,agência,Nordeste,-0.0543,2,0
905805,56.1,57213.32,19857.91,84.6,0.4466,0.4394,1,parceria_varejo,Sudeste,0.2975,2,0
901726,32.6,34916.84,13839.03,76.7,0.264,0.2422,0,indicação,Centro-Oeste,-0.1845,2,0
901718,41.4,69831.56,17116.35,30.4,0.1303,0.1128,1,app,Sudeste,-1.4426,4,0
903495,54.7,66871.15,21405.93,33.9,0.4427,0.4271,1,agência,Sudeste,0.9908,3,0
901390,33.4,33527.27,9380.78,4.5,0.3096,0.272,1,agência,Sudeste,-1.2034,3,0
900910,44.9,23268.28,9599.4,6.4,0.2537,0.2608,2,indicação,Nordeste,-0.3581,2,0
902531,44.5,53608.16,16224.14,55.6,0.1229,0.1404,1,app,Norte,-0.1339,2,0
904554,55.3,11929.55,3707.67,54.6,0.1885,0.1703,0,parceria_varejo,Sul,1.938,2,0
905049,48.3,87182.01,13243.04,9.7,0.2175,0.2216,2,app,Sudeste,0.4961,3,0
902772,33.5,45162.43,14440.88,1.5,0.0521,0.0318,0,app,Sudeste,-0.7663,2,0
900066,31.2,38338.48,7316.98,56.5,0.1201,0.1207,0,agência,Centro-Oeste,0.4988,1,0
904604,25.9,80077.03,24977.71,86.5,0.3496,0.3411,0,agência,Sudeste,1.3033,3,0
903780,56.8,24956.99,7633.21,8.3,0.1571,0.1486,0,parceria_varejo,Sudeste,-1.191,2,0
903327,36.1,51360.99,12247.86,,0.2738,0.253,0,parceria_varejo,Sudeste,0.1949,4,0
902017,34.0,70339.85,11888.44,53.4,0.2331,0.234,2,agência,Nordeste,-0.8527,3,0
900347,36.1,82560.43,19987.29,3.0,0.4666,0.4522,1,indicação,Sul,1.0966,1,0
902878,33.1,20749.05,3198.47,24.4,0.5358,0.5567,2,agência,Centro-Oeste,0.3675,3,0
901220,43.1,76436.24,11697.69,44.2,0.563,0.5303,0,parceria_varejo,Sudeste,-0.1058,1,0
902756,55.4,30962.3,13399.24,14.0,0.2061,0.2435,0,app,Sudeste,-1.0425,3,0
904245,25.8,46050.11,7676.65,23.5,0.1401,0.1759,3,indicação,Centro-Oeste,-0.0369,2,0
901984,26.1,65234.94,22360.68,39.8,0.4145,0.4432,0,indicação,Sudeste,1.4856,3,0
901921,44.0,22090.92,5337.6,6.0,0.1554,0.14,1,app,Sul,-0.5694,3,0
904976,38.3,67994.52,10226.17,6.4,0.3363,0.3509,1,app,Sudeste,0.338,0,0
904316,45.5,97914.83,38142.75,32.2,0.379,0.3595,0,parceria_varejo,Sudeste,2.5008,1,0
905580,60.1,59457.65,13631.07,99.7,0.4238,0.4195,0,agência,Sudeste,-1.0531,0,0
904000,41.0,48988.3,14720.22,38.6,0.1787,0.1939,0,agência,Norte,0.0547,1,0
902087,29.2,73658.74,17497.68,26.3,0.3065,0.3149,0,agência,Centro-Oeste,0.4091,2,0
900608,45.1,92229.23,14302.39,16.3,0.349,0.3506,1,parceria_varejo,Sudeste,0.6421,0,0
905604,52.6,76268.39,17007.83,1.0,0.5974,0.5849,0,app,Sudeste,0.4205,2,1
903408,30.3,104991.61,40495.89,67.5,0.1912,0.2008,1,agência,Nordeste,-1.3539,2,0
900348,32.0,22051.9,7104.74,4.4,0.1455,0.1379,0,app,Sul,-0.2487,4,0
901705,41.8,28027.98,6515.37,34.2,0.2465,0.2593,0,app,Centro-Oeste,-1.1005,3,0
901953,35.4,39888.18,10271.34,,0.2539,0.2637,0,app,Norte,-0.0432,2,0
905010,35.2,38622.3,16251.45,9.1,0.3165,0.2672,2,indicação,Sul,-0.7166,4,0
900030,40.6,22281.35,39972.94215432925,1.8,0.4754,0.4291,0,agência,Sudeste,-0.4549,2,0
904630,22.1,31102.65,5895.12,12.1,0.2836,0.2635,0,app,Norte,1.2347,3,0
902311,43.8,,77410.21,65.3,0.3827,0.3835,3,parceria_varejo,Centro-Oeste,1.2009,0,0
901928,36.4,26222.24,9123.44,201.0,0.3011,0.3013,1,app,Sudeste,-0.5192,4,0
904601,48.5,50148.53,13842.79,115.0,0.2429,0.2505,0,parceria_varejo,Nordeste,-0.5582,1,0
900875,30.2,52129.21,10622.95,,0.3996,0.3928,0,app,Nordeste,0.7464,0,0
903961,57.4,,7560.4,46.2,0.1347,0.1131,0,app,Centro-Oeste,1.579,0,0
901414,45.5,45675.43,9760.0,13.3,0.4458,0.4803,0,app,Nordeste,0.4774,0,0
901662,39.8,126444.14,29195.11,55.6,0.255,0.2506,1,app,Sudeste,-0.046,1,0
902346,47.3,43853.5,19112.27,44.5,0.0329,0.0103,1,agência,Sudeste,-0.547,4,0
905090,34.5,87357.16,20497.24,28.6,0.3647,0.4031,1,agência,Sudeste,0.684,2,0
901155,43.2,34452.92,6601.04,101.9,0.1389,0.1653,0,app,Centro-Oeste,-1.1332,2,0
900148,46.7,64979.54,27262.84,7.8,0.5287,0.5414,3,app,Nordeste,0.4677,3,0
905360,57.3,16308.51,4449.78,22.4,0.544,0.545,0,app,Sul,-0.8881,3,0
901870,56.5,116069.68,50899.14,16.4,0.3905,0.4354,0,app,Nordeste,1.276,3,0
904140,57.3,62875.73,19356.87,,0.4087,0.4055,0,app,Norte,0.8456,4,0
903201,18.0,,24870.26,68.7,0.1483,0.1369,0,app,Sudeste,-0.3826,0,0
902240,18.0,33747.21,11989.85,17.6,0.1762,0.188,0,agência,Sul,0.4036,0,0
903124,35.7,36107.75,16059.35,28.7,0.4644,0.471,1,app,Sul,1.2743,1,0
905835,42.6,55408.2,18746.1,44.6,0.3175,0.3197,1,parceria_varejo,Sudeste,-1.4008,2,0
900558,43.0,66083.68,17589.91,9.8,0.4553,0.4668,0,app,Nordeste,0.6896,1,0
905636,48.3,34125.22,7936.09,37.0,0.1971,0.1896,0,app,Nordeste,-0.7696,3,0
905066,42.4,29337.89,5518.35,6.4,0.4198,0.4024,0,app,Sudeste,-0.0694,0,0
900548,48.8,91332.59,31607.58,5.4,0.4391,0.4394,0,indicação,Sudeste,1.559,2,0
900768,53.4,29933.31,6635.9,33.0,0.5099,0.5348,0,parceria_varejo,Sudeste,0.9012,2,0
900971,58.7,49387.37,11442.2,27.2,0.1957,0.1713,1,indicação,Sudeste,1.5973,1,0
903083,20.4,17884.95,6962.89,21.2,0.095,0.1081,0,app,Sul,0.7939,3,0
902078,40.5,18230.83,5507.93,12.3,0.2672,0.2638,0,app,Sudeste,-0.3688,2,0
900531,51.0,164488.41,41273.73,30.0,0.1107,0.1198,1,app,Sudeste,-1.933,4,0
900138,42.8,43523.23,17831.16,38.7,0.1546,0.1309,1,indicação,Sul,-1.3138,1,0
902696,40.7,15378.52,4964.19,3.3,0.1913,0.1956,0,app,Sudeste,-1.0015,3,0
903890,36.7,53662.26,9942.36,29.8,0.315,0.3058,0,app,Sudeste,0.2963,1,0
900642,44.6,36932.42,15334.27,70.5,0.2538,0.2516,0,indicação,Norte,-1.302,4,0
901580,44.4,53958.54,22099.05,73.3,0.2501,0.2534,1,app,Sudeste,1.2875,2,1
904975,45.8,93966.97,14874.51,10.7,0.0391,0.0781,2,app,Sudeste,0.1114,2,0
901995,26.6,78900.52,27099.83,27.4,0.503,0.4921,2,app,Nordeste,-0.1418,4,0
905163,53.6,53284.82,19542.24,36.1,0.1106,0.1144,1,indicação,Sudeste,1.1354,3,0
905279,48.6,63146.98,14300.47,20.4,0.4062,0.4123,1,app,Sul,0.4973,1,0
902359,30.4,26209.34,6750.0,23.4,0.0686,0.0664,0,app,Nordeste,1.4444,2,0
902936,51.9,23161.78,6396.65,17.9,0.3876,0.3808,1,agência,Sul,-1.3815,2,0
902890,59.6,20770.79,7406.66,22.9,0.1485,0.1409,0,app,Sul,-0.3331,2,0
900487,60.9,,25097.37,5.2,0.3345,0.3133,0,app,Sudeste,0.1592,1,1
900495,39.5,69543.94,23710.49,16.1,0.3542,0.3468,0,app,Sudeste,-0.6559,0,0
904864,45.4,51027.53,22874.97,15.2,0.2159,0.2022,0,app,Sudeste,-0.7704,2,0
904299,62.6,,15745.1,46.0,0.0645,0.0838,0,agência,Nordeste,-0.2015,0,0
903064,21.4,27786.76,6372.11,2.9,0.0677,0.0676,1,app,Sul,-0.6058,4,0
902315,44.6,29968.89,4842.8,20.4,0.4446,0.4527,0,agência,Sudeste,-0.5799,3,1
901651,29.2,35627.28,10331.09,80.9,0.2603,0.2621,0,app,Nordeste,1.007,2,0
901393,39.9,52205.08,9444.31,7.5,0.1406,0.1251,2,agência,Sudeste,-0.1931,2,0
904307,56.5,,61749.87,34.1,0.5248,0.5135,1,agência,Sudeste,0.0934,3,0
900521,35.9,48907.06,18545.17,56.6,0.0956,0.121,0,app,Sul,0.2043,3,0
905380,54.7,15193.85,5955.65,8.7,0.1066,0.1102,0,app,Centro-Oeste,-0.9038,3,0
903706,30.7,116891.92,26781.59,8.5,0.316,0.3196,0,app,Sul,0.7871,0,0
902027,36.5,36021.3,10874.27,,0.1269,0.1369,1,indicação,Centro-Oeste,-0.1652,0,0
900530,21.8,58292.3,22030.08,54.8,0.3414,0.3604,1,agência,Sudeste,0.5524,0,0
904266,63.2,52787.83,18428.52,,0.3001,0.2822,0,app,Sul,-2.3387,0,0
902658,43.3,77335.53,32841.34,52.6,0.3256,0.3259,0,parceria_varejo,Norte,-0.3984,1,0
900517,38.5,34724.86,13548.46,7.3,0.0586,0.0641,1,agência,Sul,1.4015,0,0
902537,28.4,65039.53,21914.78,14.0,0.1409,0.1447,0,parceria_varejo,Nordeste,-0.4529,2,0
904441,57.9,127580.26,54686.11,79.4,0.2194,0.2207,0,app,Centro-Oeste,0.1168,1,0
902929,44.7,20222.52,7861.64,40.1,0.1307,0.1358,1,indicação,Nordeste,0.9391,4,0
903861,39.7,34493.83,13734.08,7.8,0.2121,0.2143,0,app,Sudeste,0.9817,2,0
904933,26.2,53023.25,14792.04,44.4,0.1833,0.1685,1,indicação,Sudeste,0.151,2,0
901835,39.0,81622.48,17759.17,63.1,0.0853,0.0686,0,app,Sudeste,0.1505,2,0
901710,46.1,32737.97,6212.98,11.4,0.4841,0.4844,0,indicação,Sudeste,1.5575,3,1
905017,52.6,41243.95,12439.56,7.9,0.2917,0.312,1,app,Sul,-0.3612,2,1
901688,50.6,54926.47,17731.78,62.8,0.0884,0.0572,0,agência,Sudeste,0.8891,0,0
900918,45.3,59525.23,14341.07,68.2,0.1788,0.1515,1,app,Sudeste,-0.0988,2,0
905189,50.8,25763.24,8879.01,5.2,0.1058,0.1118,0,indicação,Norte,-0.7931,1,1
904653,38.0,49537.6,18190.95,45.4,0.0934,0.1133,3,indicação,Nordeste,1.0593,1,0
904644,46.2,53555.19,23029.27,51.5,0.1859,0.1849,0,app,Nordeste,1.2469,2,0
902111,47.0,55675.21,21130.91,6.5,0.3326,0.317,0,app,Sudeste,-0.0006,1,0
904339,36.2,292947.81,98227.01,35.9,0.2174,0.2139,0,indicação,Nordeste,-0.1787,4,0
903775,44.0,53042.65,19707.36,2.0,0.5019,0.5106,1,app,Sul,1.4407,2,0
904721,57.5,109329.7,19986.11,14.0,0.0415,0.0364,0,app,Sul,1.1796,2,0
903515,62.6,,20171.45,52.4,0.4533,0.4544,1,indicação,Sudeste,0.7003,1,0
900326,22.1,74870.91,13542.55,61.6,0.3444,0.359,2,agência,Centro-Oeste,-1.5049,0,0
903050,52.4,52589.65,14340.32,65.8,0.1915,0.1688,1,agência,Nordeste,-0.6501,3,0
901246,38.0,74069.41,32503.16,42.5,0.0067,0.0159,0,app,Nordeste,-0.0872,0,0
901829,47.2,38086.99,9213.38,17.2,0.3551,0.3315,2,app,Norte,-1.2381,1,0
900601,46.4,67369.96,27054.79,7.4,0.3948,0.4132,1,app,Norte,-2.5026,4,0
905847,43.5,74431.11,15986.94,27.6,0.1253,0.0938,0,app,Norte,1.3071,0,0
904494,48.3,15132.76,5311.01,52.9,0.1497,0.1541,0,app,Sudeste,0.14,0,0
904717,31.8,13882.67,5835.57,59.4,0.4601,0.4743,0,agência,Centro-Oeste,0.2015,1,0
902404,45.1,46212.97,9080.11,1.0,0.2185,0.205,0,app,Nordeste,0.1816,0,0
905678,44.2,32211.04,9804.46,190.1,0.2948,0.3026,0,indicação,Sudeste,-1.1294,2,0
900483,47.0,36488.29,15324.82,69.3,0.1273,0.1043,1,app,Centro-Oeste,-2.121,3,0
902832,36.3,65678.84,24994.08,88.3,0.3791,0.3609,0,app,Sul,-0.7547,4,0
900520,56.1,18144.77,3274.13,79.5,0.1747,0.1955,0,app,Sudeste,2.1727,0,0
905159,32.0,30781.45,6741.74,26.9,0.3603,0.3819,0,agência,Centro-Oeste,0.34,1,1
904783,39.5,44804.01,12236.94,45.5,0.3462,0.3486,0,app,Sul,1.391,2,0
903010,40.7,63503.51,12808.83,100.9,0.2943,0.2822,0,agência,Nordeste,1.1398,3,0
900873,57.0,27276.28,12074.83,24.9,0.4995,0.4989,1,agência,Norte,-0.7211,4,0
901869,41.7,104418.31,40875.52,38.1,0.318,0.3194,2,agência,Sudeste,0.4874,0,0
901185,61.3,28834.51,12238.93,1.8,0.154,0.1713,1,agência,Nordeste,0.5855,2,0
900917,42.7,,15027.85,188.1,0.1381,0.1377,0,agência,Sul,-0.1796,3,0
900241,27.9,56833.26,16585.66,25.9,0.1553,0.1341,0,app,Norte,0.3742,4,0
902030,24.1,72031.93,12197.54,20.1,0.284,0.3187,0,agência,Sudeste,0.122,3,0
901371,47.6,59120.31,11688.59,31.6,0.1718,0.1435,1,agência,Nordeste,-0.1386,3,0
904504,43.0,171113.13,33691.09,3.6,0.3891,0.3989,1,app,Sul,1.0393,0,0
901142,46.5,38991.32,10055.72,4.3,0.3941,0.3788,0,parceria_varejo,Sudeste,-0.2702,4,0
901767,38.5,55485.56,18868.47,102.2,0.6632,0.6202,1,agência,Nordeste,0.572,4,0
904868,55.4,69282.88,14970.45,,0.2361,0.2166,0,agência,Sudeste,-1.458,2,0
901778,40.3,50607.75,20040.99,7.8,0.1541,0.1547,1,agência,Sudeste,-0.092,4,0
905416,22.7,35129.52,8140.52,129.2,0.2062,0.1751,0,indicação,Sul,0.0964,2,0
900725,39.9,38186.27,13432.75,12.3,0.1345,0.1272,0,app,Sudeste,-0.1538,0,0
900979,33.2,30702.7,7978.19,83.2,0.2224,0.2487,0,agência,Nordeste,-0.0955,1,0
903699,62.9,,14230.75,108.4,0.0312,0.0466,0,agência,Norte,1.199,0,0
903263,22.4,70180.63,18455.6,11.1,0.576,0.5736,0,app,Sudeste,-2.0798,4,0
901597,34.7,,21800.15,14.6,0.2609,0.2323,2,app,Norte,-1.1374,0,0
903059,18.0,195161.37,78509.04,34.9,0.4004,0.412,0,app,Sudeste,0.0339,3,0
904465,34.3,33505.72,7047.63,19.7,0.232,0.1991,0,parceria_varejo,Sudeste,1.1182,1,0
900695,49.2,94732.51,40494.42,124.7,0.2504,0.2714,0,parceria_varejo,Nordeste,-0.6378,3,0
903352,46.5,104398.58,30293.62,1.0,0.1193,0.1319,1,agência,Sudeste,-0.2437,4,0
902943,30.0,101702.06,36075.86,7.0,0.1381,0.1341,0,agência,Norte,2.4715,4,0
901160,66.6,51056.08,16099.1,1.0,0.2778,0.2953,0,app,Sul,0.0725,2,0
904053,35.9,21248.06,5084.47,12.9,0.4237,0.4087,0,indicação,Nordeste,0.4902,1,1
903858,52.1,49422.54,17638.01,,0.2593,0.2169,0,agência,Norte,-0.0345,2,0
905710,59.3,18644.02,8289.83,8.0,0.2996,0.2977,1,agência,Sudeste,0.3064,3,0
904445,34.4,15860.72,3609.26,11.9,0.2647,0.2619,1,parceria_varejo,Centro-Oeste,-0.4702,4,0
903960,48.0,52921.51,10725.61,63.1,0.3566,0.3397,0,parceria_varejo,Sudeste,1.4801,4,0
904728,57.8,42406.52,12973.24,47.6,0.2023,0.1829,0,agência,Sul,0.2826,3,0
903845,43.7,57067.75,20704.23,69.0,0.3387,0.371,1,indicação,Sul,1.6061,3,0
900044,27.2,67167.9,17090.41,183.7,0.1065,0.0925,0,app,Sul,-0.7205,4,0
904916,31.9,34497.43,13148.85,,0.3274,0.3221,0,evento_promocional,Sudeste,-0.508,4,0
900308,38.6,139448.52,25694.23,11.7,0.1124,0.098,0,app,Sul,1.3871,2,0
900376,18.0,55908.91,18987.28,34.0,0.2439,0.2461,0,parceria_varejo,Sul,-1.4603,1,0
905359,30.5,44737.33,8978.04,45.8,0.3643,0.3581,0,app,Norte,1.4895,1,0
902399,28.1,70037.98,22940.79,28.4,0.351,0.3241,0,parceria_varejo,Sudeste,-1.2831,2,0
900065,52.6,73896.2,31790.2,15.9,0.3783,0.3853,0,app,Sudeste,0.0185,1,0
905060,37.9,55968.47,17606.77,1.2,0.0493,0.0546,1,agência,Sudeste,0.7051,0,0
902200,34.3,33260.72,5943.81,18.1,0.2251,0.2333,0,app,Sudeste,-1.8861,3,0
905648,61.7,,56788.09,10.7,0.1727,0.1526,0,app,Sul,-0.5414,4,0
904309,47.2,43354.8,10569.76,47.9,0.3502,0.3507,0,agência,Norte,-0.0448,0,0
901262,47.1,55297.18,22992.55,113.5,0.3431,0.3322,0,agência,Sudeste,1.574,1,0
905559,36.9,58916.58,19550.49,12.4,0.2291,0.2,0,app,Norte,0.7367,4,0
902350,40.6,62493.95,27562.82,30.1,0.0965,0.0651,0,app,Sudeste,1.6166,0,0
901563,18.4,49968.72,12149.72,51.5,0.2115,0.2225,1,indicação,Nordeste,-2.7946,2,0
904753,52.0,58812.2,20257.75,8.1,0.3332,0.3776,0,indicação,Sudeste,1.7955,4,1
900840,39.6,39018.6,10105.96,88.8,0.4916,0.4883,1,app,Sudeste,1.2457,0,0
902714,21.0,21291.05,3461.96,2.0,0.5748,0.5638,0,parceria_varejo,Sul,-0.5889,1,0
905880,31.5,29229.02,11762.05,67.9,0.4637,0.449,0,agência,Centro-Oeste,0.1743,0,0
905625,24.2,33827.54,10024.36,22.5,0.181,0.1803,0,agência,Norte,0.9529,3,0
900509,44.5,48402.25,20942.41,67.3,0.2928,0.3206,0,app,Centro-Oeste,-0.3109,0,0
905842,21.8,33686.48,11518.1,25.3,0.5211,0.5191,0,parceria_varejo,Centro-Oeste,-0.487,1,0
902579,53.4,30329.72,9777.03,44.4,0.4116,0.4069,0,agência,Sul,-1.8225,4,0
901742,54.0,51612.94,13274.4,113.5,0.3986,0.3881,1,parceria_varejo,Sul,-0.652,3,0
904363,30.4,49389.71,8945.31,17.2,0.1984,0.2428,0,app,Sudeste,0.2111,2,0
905248,56.1,63213.39,15764.14,41.4,0.1487,0.1129,1,app,Centro-Oeste,-0.4822,1,0
900113,23.6,155695.98,68103.25,27.8,0.3891,0.3661,0,indicação,Nordeste,0.6208,0,0
901519,34.9,39151.46,9057.56,5.7,0.1963,0.1904,0,indicação,Sudeste,0.7036,3,0
905135,48.5,43146.75,18632.9,4.3,0.2084,0.2129,0,app,Sudeste,-2.2325,1,0
902751,41.5,104635.22,40228.34,67.0,0.1023,0.1067,0,app,Sul,0.2296,2,0
900496,54.6,24080.69,8107.71,40.4,0.1469,0.1608,1,indicação,Nordeste,-0.2362,3,0
904153,46.6,61319.74,15817.47,14.5,0.1752,0.1942,0,agência,Centro-Oeste,0.3053,3,0
901442,22.5,36308.13,14380.47,40.8,0.3043,0.3334,1,indicação,Sul,0.6106,1,0
901369,51.5,50796.65,14416.16,65.6,0.2531,0.2575,0,app,Nordeste,1.2384,2,0
905483,40.7,65662.36,21324.73,31.9,0.4756,0.5016,2,agência,Sul,0.3785,3,0
904617,44.5,89220.7,31355.98,50.8,0.3975,0.3841,0,parceria_varejo,Sul,1.0264,1,0
903104,50.7,51561.15,90665.50970017453,16.0,0.2315,0.2067,0,agência,Norte,0.8477,0,0
904145,63.5,140018.13,45917.79,21.9,0.3632,0.3579,1,agência,Sul,0.8455,2,0
901281,50.6,74645.01,14753.22,12.7,0.5189,0.5165,0,app,Sudeste,-0.4967,2,0
904974,25.8,31737.74,11846.22,56.2,0.1476,0.1568,1,agência,Sudeste,0.0072,3,0
904076,22.9,61125.63,10117.88,110.8,0.0888,0.0848,1,app,Sudeste,0.0878,4,0
902641,36.0,23009.54,8084.83,8.5,0.2121,0.2477,1,agência,Nordeste,-0.6677,0,0
900125,30.0,25829.94,10850.05,13.7,0.8035,0.8013,0,app,Centro-Oeste,-0.7448,2,0
903364,49.0,74445.32,18620.29,24.0,0.128,0.1054,1,app,Centro-Oeste,-0.4004,2,0
903255,56.8,56347.6,15410.86,63.3,0.3158,0.2944,2,app,Sul,0.1444,4,0
900678,37.8,15459.97,5966.23,110.4,0.0639,0.0671,0,parceria_varejo,Sudeste,-0.2162,4,0
902460,40.2,37189.24,7918.04,1.1,0.148,0.1532,0,parceria_varejo,Sul,0.0092,2,0
905558,66.7,,37546.88,1.6,0.4574,0.4574,0,agência,Sul,-0.3792,4,0
900452,18.0,156337.1,51370.05,33.7,0.074,0.067,0,app,Sudeste,0.3899,3,0
902223,30.5,32107.03,11597.0,56.3,0.1596,0.1583,0,agência,Sul,-1.3181,2,0
904857,30.6,53524.1,22254.3,38.8,0.2746,0.2512,0,app,Norte,0.1077,3,0
904797,39.3,51090.49,11844.36,52.1,0.2085,0.25,0,app,Sudeste,0.3754,0,0
902175,44.5,40107.71,7591.32,43.5,0.2253,0.246,0,indicação,Nordeste,1.2989,3,0
904538,28.3,119841.3,26523.79,13.1,0.1803,0.202,1,app,Nordeste,2.2293,2,0
904250,42.8,84028.02,20248.47,29.5,0.3029,0.28,1,indicação,Sudeste,0.3917,3,0
901180,45.1,,33373.27,7.6,0.1281,0.1077,3,app,Nordeste,0.0051,4,0
905459,54.9,51605.0,16840.35,163.4,0.4991,0.5093,0,agência,Sudeste,-0.6218,3,0
903110,39.0,53991.13,23860.16,,0.2937,0.2772,1,agência,Sudeste,-1.2556,2,0
904188,37.2,22850.76,4637.23,68.9,0.1882,0.153,1,app,Sul,-1.1809,1,0
902260,32.7,91252.78,18215.87,10.0,0.5566,0.5184,1,agência,Sudeste,-0.4436,0,0
905622,36.4,50296.14,20613.55,104.8,0.1509,0.1527,0,agência,Nordeste,-0.5848,3,0
902088,55.4,28321.61,12479.23,125.6,0.2438,0.2424,1,agência,Sudeste,1.0132,1,0
903904,68.4,102953.09,21549.8,44.6,0.393,0.353,0,parceria_varejo,Sudeste,0.1063,1,0
900282,54.5,66944.56,11366.37,20.3,0.4968,0.5099,1,indicação,Norte,-0.6016,0,0
904532,38.9,23538.49,5348.06,27.1,0.3639,0.3631,0,agência,Sudeste,-0.157,1,0
904941,56.8,108774.78,43206.56,49.8,0.3301,0.3143,0,app,Nordeste,1.1306,0,0
905657,46.6,37575.8,10206.84,3.0,0.2833,0.2663,0,app,Sul,0.9051,3,0
900861,28.4,56552.89,22779.2,1.2,0.0775,0.0948,0,app,Sudeste,0.0786,4,0
900895,54.0,60902.86,21289.84,36.5,0.1882,0.1908,0,app,Norte,-0.3389,3,0
903151,23.1,30984.69,6000.59,14.4,0.3864,0.3456,1,app,Sudeste,-0.4681,0,1
902300,44.4,45457.39,8299.82,,0.404,0.4198,0,agência,Sudeste,-0.3948,4,1
902764,57.7,,13428.29,6.2,0.3261,0.3241,0,app,Sul,-0.2503,0,0
900582,56.4,72165.93,16282.97,1.3,0.5544,0.5663,0,agência,Sul,0.5096,0,1
900137,36.5,41091.91,14810.13,8.4,0.2153,0.2416,0,agência,Sudeste,0.7157,2,0
904400,43.6,68960.11,29414.73,91.4,0.3591,0.3959,1,parceria_varejo,Sul,-1.4707,0,0
903164,35.4,63655.17,15114.63,17.4,0.75,0.7664,2,agência,Nordeste,-1.9095,3,1
904150,41.1,106909.95,24061.97,89.1,0.0705,0.0391,1,app,Sudeste,-1.1377,4,0
903108,38.4,49805.51,21572.84,,0.1504,0.1613,1,agência,Nordeste,1.5127,0,0
902505,33.9,44227.75,17248.62,20.6,0.1038,0.0623,0,agência,Norte,0.7373,2,0
900704,26.7,28742.97,12465.95,48.7,0.1674,0.1625,0,evento_promocional,Norte,-1.3856,0,0
905267,58.1,75844.97,14598.93,5.5,0.1562,0.1851,0,agência,Sul,2.2987,4,0
904665,50.7,82016.19,20914.07,35.1,0.1204,0.1188,1,app,Sudeste,0.023,4,0
902433,30.3,30645.39,5570.89,27.0,0.2764,0.2799,0,app,Sudeste,1.3556,0,0
905811,34.2,28631.73,11793.65,38.9,0.2715,0.2685,0,indicação,Sudeste,-1.1121,2,0
900167,49.7,92935.36,28453.35,24.3,0.3243,0.3223,0,app,Sudeste,1.1388,1,0
900888,37.3,17857.62,4362.88,26.2,0.1057,0.0967,1,app,Nordeste,0.4314,4,0
904804,44.4,32322.26,7193.55,62.7,0.0312,0.0283,0,app,Nordeste,2.3594,3,0
903810,58.4,40781.1,10366.83,9.7,0.1386,0.1594,0,agência,Sudeste,-0.8394,3,0
900944,35.7,43444.11,10623.19,21.7,0.2294,0.2049,0,agência,Sudeste,0.4689,1,0
904609,36.1,40501.38,11671.73,14.0,0.2305,0.2533,0,agência,Nordeste,-1.7129,3,0
903786,38.6,19573.41,5898.74,32.3,0.2297,0.2546,1,app,Nordeste,0.4001,1,0
904693,47.3,35765.47,6275.97,39.6,0.1045,0.1117,0,agência,Sudeste,-0.017,1,0
902812,39.4,40454.34,15356.14,48.0,0.0773,0.0677,0,agência,Sudeste,0.945,4,0
904235,38.0,57239.28,18818.12,49.8,0.2528,0.2973,0,app,Sudeste,-0.4149,0,0
901754,48.8,34701.64,11432.95,33.1,0.4473,0.4443,0,indicação,Sul,-0.084,3,0
901302,43.3,131013.06,44486.77,109.3,0.3291,0.3593,0,app,Sudeste,0.4892,0,0
901290,36.3,53023.59,20689.9,3.4,0.3056,0.2594,0,app,Sudeste,0.0337,4,0
905950,31.3,43065.17,12258.97,5.5,0.1083,0.123,0,app,Sudeste,2.0306,1,0
904633,48.6,49369.79,8699.52,9.6,0.3353,0.3177,0,agência,Nordeste,1.6308,0,0
904477,22.4,73712.11,14080.87,90.2,0.3157,0.2928,2,indicação,Centro-Oeste,-0.1241,3,0
903321,44.8,47466.12,16647.81,16.8,0.0487,0.0425,1,app,Sul,-0.8495,2,0
902902,38.4,31268.82,6041.79,9.4,0.0292,0.0392,0,agência,Nordeste,0.3411,3,0
904661,47.6,30886.71,6272.95,14.3,0.2559,0.2503,1,app,Sudeste,0.3969,2,0
901595,54.3,107111.14,35974.57,22.5,0.1641,0.1539,1,agência,Sul,0.1021,3,0
901556,31.4,77779.81,33999.65,190.1,0.2834,0.2851,0,indicação,Nordeste,0.9002,3,0
901427,18.0,72513.3,30729.31,1.0,0.2578,0.2795,0,parceria_varejo,Centro-Oeste,-0.1602,2,0
901008,33.0,66402.06,21956.32,39.0,0.1603,0.1496,0,parceria_varejo,Norte,0.7839,3,0
904507,36.5,24206.98,8214.9,,0.0708,0.0655,3,agência,Sul,-0.4661,1,0
900852,34.6,75145.45,16358.06,2.2,0.2682,0.2494,0,agência,Nordeste,0.7711,2,0
905621,38.0,26386.1,6789.68,23.2,0.1534,0.1644,0,app,Sul,0.2642,3,0
904971,37.2,19166.25,36590.52936387091,17.8,0.2286,0.2558,0,agência,Centro-Oeste,0.6596,2,0
904381,45.7,74907.17,21270.56,9.5,0.1434,0.132,0,app,Nordeste,0.8859,3,0
903517,50.9,53174.41,20014.96,1.4,0.1856,0.159,0,parceria_varejo,Nordeste,-1.2818,4,0
904357,45.2,29365.59,11118.52,38.8,0.407,0.4119,0,parceria_varejo,Norte,0.6135,0,0
902843,50.1,38019.05,5888.2,2.6,0.3423,0.3286,1,app,Sudeste,-0.1007,4,0
901586,18.0,69529.08,18099.89,100.4,0.3109,0.2854,0,agência,Sul,-0.5284,3,0
904898,46.8,74697.38,28827.35,49.6,0.2766,0.2479,0,parceria_varejo,Centro-Oeste,-0.4689,4,0
905007,38.6,116213.35,31561.04,,0.4786,0.4653,0,agência,Sudeste,-0.5413,0,0
902976,43.6,99789.26,19933.53,24.3,0.2294,0.2273,0,agência,Sudeste,-0.6273,1,0
904021,35.4,35221.58,10822.07,124.9,0.1065,0.0949,0,parceria_varejo,Sudeste,0.7801,3,0
905051,54.7,43465.54,16449.24,,0.2133,0.2231,0,indicação,Centro-Oeste,-1.3632,3,0
902100,54.0,38068.8,14945.36,122.6,0.3921,0.4207,0,agência,Sudeste,-1.1149,4,0
903326,43.8,58921.15,22655.39,1.8,0.3271,0.3233,0,agência,Sudeste,0.8308,2,0
904606,18.0,74844.67,22841.19,33.8,0.5853,0.5761,2,parceria_varejo,Sul,-0.461,4,0
900124,43.8,30337.62,9562.78,21.0,0.0716,0.082,1,app,Sudeste,-2.6885,3,0
903385,19.0,62729.31,21702.46,16.7,0.4544,0.4657,0,app,Sul,-1.3196,1,0
901189,49.6,82160.2,21255.42,65.4,0.643,0.6608,0,agência,Sudeste,-0.1692,3,0
903916,31.3,69890.43,12819.71,20.5,0.1658,0.2056,1,app,Sudeste,-1.8577,2,0
900159,42.7,86041.53,198880.5883235358,4.5,0.2973,0.3177,1,indicação,Sul,0.4807,2,0
903324,40.1,37819.79,14366.89,4.7,0.528,0.5263,0,parceria_varejo,Nordeste,0.0556,3,0
901840,30.0,63729.47,23711.28,21.3,0.4456,0.4107,0,parceria_varejo,Sul,-1.5381,0,0
901826,25.5,74898.02,25115.2,139.4,0.6176,0.6449,0,app,Sudeste,0.1723,0,0
900994,28.9,17103.06,4914.58,19.0,0.444,0.4705,0,agência,Sul,-0.4814,0,0
901066,26.1,49136.23,11075.7,21.9,0.5103,0.5389,0,agência,Centro-Oeste,-1.6154,2,0
905523,38.4,89504.69,14855.98,3.0,0.2397,0.2432,0,indicação,Sul,1.2395,1,0
902799,26.3,107999.97,41035.43,,0.2343,0.2618,0,app,Sul,0.6597,1,0
900223,53.1,25191.54,10057.04,155.1,0.4324,0.4241,0,app,Norte,1.0053,2,0
903045,45.8,26650.34,5915.47,22.0,0.2823,0.2718,1,app,Sul,0.9518,1,0
903873,29.2,70754.66,28588.19,3.5,0.0563,0.0596,2,app,Sudeste,-0.1133,3,0
902869,31.6,67865.66,25266.76,3.6,0.3786,0.3738,2,app,Sudeste,-0.9817,0,0
900398,35.7,146657.42,24606.03,2.0,0.3079,0.3033,0,agência,Norte,0.1599,3,0
905506,28.0,32706.28,11064.35,316.6,0.0922,0.0658,1,indicação,Sudeste,0.711,3,0
901314,43.2,37980.48,5785.94,1.0,0.2043,0.1941,0,app,Sul,0.7362,1,0
905210,37.3,55309.19,8734.86,20.2,0.3602,0.4028,0,agência,Nordeste,0.3083,3,1
905449,46.3,32555.14,9815.31,20.5,0.5632,0.5746,0,app,Sudeste,1.256,3,0
903171,39.0,59172.4,20662.64,28.6,0.3844,0.3885,0,app,Sudeste,1.3306,0,0
903287,46.4,54078.64,14689.86,7.7,0.4871,0.4456,0,app,Nordeste,-0.0114,0,0
905431,39.1,80954.84,16612.95,44.7,0.0803,0.0685,1,agência,Sudeste,-1.3781,4,0
905524,41.0,23399.36,7348.76,18.9,0.3667,0.3936,0,agência,Sul,-0.6654,3,0
905904,37.0,71711.96,28035.18,36.9,0.1544,0.1662,1,agência,Nordeste,0.8582,4,0
901163,44.7,64514.06,26318.49,48.4,0.3613,0.3685,0,app,Sudeste,-0.8397,1,1
904618,38.7,60754.25,11150.17,,0.4143,0.3988,1,app,Sudeste,0.5362,0,0
904472,49.5,67512.0,25553.42,25.3,0.1422,0.1624,1,agência,Sul,0.1884,4,0
903663,38.7,70586.21,14869.59,86.5,0.3771,0.4082,0,agência,Nordeste,1.6797,4,0
903992,37.6,75876.26,28040.89,2.9,0.0664,0.0593,0,indicação,Sudeste,0.1071,3,0
902651,33.1,82960.68,23030.26,,0.2241,0.2162,2,app,Centro-Oeste,-1.0169,4,0
905797,55.8,24690.76,7048.75,17.7,0.6118,0.5802,1,app,Centro-Oeste,-0.9103,4,1
905469,37.3,29222.41,6712.04,106.5,0.1677,0.1704,1,agência,Norte,-1.412,0,0
904383,31.5,33775.8,9073.1,50.8,0.3254,0.3326,1,agência,Centro-Oeste,1.1072,4,0
904774,53.8,47168.99,11477.82,8.9,0.2357,0.2812,0,parceria_varejo,Sudeste,0.8592,2,0
902207,31.1,50053.1,11039.86,3.5,0.2957,0.2797,0,agência,Sudeste,0.7695,3,0
904937,45.3,28421.39,11780.75,13.3,0.4574,0.4822,0,agência,Sul,-0.6295,2,1
904577,54.5,37362.85,11749.7,40.2,0.306,0.3351,1,parceria_varejo,Sudeste,0.9622,3,1
902373,48.3,77480.49,18831.95,8.6,0.3146,0.3401,1,app,Centro-Oeste,-0.9423,2,0
900867,30.3,36749.31,12938.98,8.4,0.217,0.1955,0,app,Sudeste,-0.4907,2,0
900593,35.9,51089.4,12308.43,4.6,0.2861,0.2621,1,indicação,Centro-Oeste,-0.5579,0,0
904055,34.5,37012.18,11652.81,9.4,0.3628,0.3554,0,app,Sul,0.1146,3,0
903953,19.1,48693.71,12678.49,12.9,0.2831,0.296,3,app,Nordeste,-1.4273,1,0
905339,59.9,26090.34,5114.48,1.3,0.4247,0.4103,0,app,Sul,-0.3403,1,0
901455,49.0,29637.97,11010.84,107.6,0.4071,0.3824,0,app,Nordeste,1.0883,3,0
905384,57.0,68279.72,10739.11,114.8,0.3488,0.3783,0,agência,Nordeste,-1.445,1,0
902011,28.4,75615.23,18255.42,25.1,0.4706,0.4655,0,app,Sudeste,-1.3725,0,0
901014,49.9,101986.21,26802.86,7.4,0.101,0.0701,0,agência,Sudeste,-0.1829,0,0
903741,34.3,88167.94,39313.0,27.3,0.3309,0.3103,0,app,Centro-Oeste,-0.6541,2,0
900194,25.6,18779.21,4450.32,7.7,0.0878,0.0907,0,agência,Sudeste,0.3865,4,0
904310,47.8,,5839.44,,0.1237,0.1344,0,app,Norte,0.5457,3,0
905757,57.2,58155.13,12464.95,129.2,0.5549,0.5023,2,agência,Sul,-0.1624,0,0
905434,39.9,95832.14,19318.23,117.7,0.3296,0.3433,0,app,Sudeste,-1.0722,0,0
902700,33.5,139601.61,62379.86,1.0,0.08,0.0614,1,indicação,Centro-Oeste,1.7696,2,0
905256,37.2,35945.21,7379.61,5.9,0.2791,0.2766,0,app,Sudeste,0.3293,3,0
904351,42.3,69739.13,24156.35,4.7,0.4882,0.4731,1,parceria_varejo,Nordeste,1.0601,3,1
902647,46.9,108693.19,21070.97,3.1,0.3491,0.4054,1,parceria_varejo,Nordeste,-0.0187,2,1
901524,46.9,43966.8,8540.56,,0.1618,0.1403,0,app,Sudeste,1.1684,1,0
905760,29.2,40011.31,10293.46,16.6,0.3096,0.315,1,indicação,Nordeste,0.6034,2,0
900878,47.2,33857.85,6854.4,88.9,0.41,0.403,2,app,Centro-Oeste,-1.0227,1,1
902369,31.3,118896.4,33411.3,8.4,0.2193,0.2352,1,app,Nordeste,-0.1782,0,0
901936,39.0,30456.75,8221.6,,0.1147,0.1344,0,app,Sul,-1.0431,2,0
905516,33.8,27135.21,4186.32,17.5,0.4083,0.4178,0,parceria_varejo,Sudeste,-0.7589,2,0
900189,61.2,35777.47,12443.98,16.0,0.3273,0.3058,2,agência,Nordeste,1.0657,3,0
904544,44.6,38609.25,9946.64,,0.1186,0.1037,0,agência,Nordeste,-0.401,0,0
902731,57.6,90084.94,28918.2,2.3,0.207,0.21,0,agência,Nordeste,-1.2628,1,0
900825,52.0,77472.22,22061.71,15.1,0.3633,0.4055,0,evento_promocional,Sudeste,1.8526,1,0
903378,54.3,63867.9,9991.99,,0.252,0.2689,0,agência,Sudeste,-0.1354,0,0
901086,34.1,51254.84,8246.69,21.3,0.0959,0.1112,0,app,Sudeste,-0.0174,0,0
904694,44.7,59823.14,9996.27,14.5,0.7557,0.7531,0,agência,Nordeste,-0.0028,3,0
903188,66.9,66877.47,13723.71,11.0,0.1995,0.1769,1,app,Sudeste,0.6377,3,0
903955,31.9,85903.82,16577.96,85.2,0.6388,0.6166,0,agência,Sudeste,-1.7171,3,0
904555,24.9,51498.35,22687.53,10.9,0.532,0.5564,0,app,Sudeste,0.9148,0,0
903132,46.9,50818.86,19150.66,42.2,0.1239,0.0991,2,agência,Sudeste,0.8562,2,0
900863,51.2,56074.1,16810.16,1.0,0.0548,0.0942,0,agência,Nordeste,-1.6515,0,0
902942,41.8,44199.24,19229.87,39.8,0.3986,0.3503,0,agência,Sudeste,-0.8147,4,0
905668,42.3,22803.23,7113.43,1.0,0.1036,0.1059,0,app,Nordeste,0.7919,1,0
902758,55.2,32631.9,11675.28,57.3,0.4332,0.4185,0,app,Sudeste,-0.6019,2,0
903135,30.9,44943.68,19231.2,3.4,0.0481,0.0377,2,indicação,Nordeste,-0.0323,2,0
905388,18.0,67043.67,21936.42,2.9,0.2681,0.2672,1,parceria_varejo,Nordeste,-1.8065,3,0
904001,49.4,63041.64,17114.43,20.8,0.2349,0.2649,0,agência,Nordeste,-0.5161,2,0
902657,33.3,104163.69,43198.84,52.2,0.4911,0.4296,0,indicação,Nordeste,-0.6288,0,0
904084,43.9,28141.78,9378.65,6.0,0.3088,0.3048,1,app,Sudeste,1.7389,4,0
902201,44.4,47060.74,12635.1,19.5,0.3263,0.282,1,app,Nordeste,-1.3992,4,0
902969,43.8,48258.13,13991.26,45.1,0.4226,0.4335,1,agência,Nordeste,-1.6949,4,0
903140,41.4,74937.86,29523.31,40.5,0.2709,0.2508,0,app,Nordeste,-0.5078,3,1
904401,54.9,65459.42,26990.79,50.2,0.2753,0.2804,1,agência,Centro-Oeste,-1.9293,4,0
900140,44.4,185068.44,63348.89,3.0,0.3862,0.3873,0,parceria_varejo,Sul,0.1557,0,0
904486,45.1,28514.01,5303.17,19.6,0.0995,0.1251,1,agência,Sudeste,-0.3221,0,0
903376,57.5,45274.41,13714.0,49.6,0.0685,0.0487,0,app,Sudeste,0.4603,2,0
900534,50.0,118229.21,49072.06,26.0,0.0302,0.0323,1,app,Sudeste,-0.1615,0,0
902529,48.0,19786.31,3951.88,9.1,0.6615,0.683,0,agência,Sudeste,-0.4116,0,0
902887,35.7,57885.08,17156.01,17.1,0.5367,0.5416,0,indicação,Sul,-0.4196,1,0
900152,32.9,61261.32,15703.83,36.1,0.381,0.359,0,indicação,Norte,-0.9447,1,0
904301,30.7,163579.39,53597.58,19.0,0.4662,0.4953,1,indicação,Nordeste,0.3256,4,0
900322,46.4,78942.89,20511.44,52.3,0.34,0.3275,0,app,Sudeste,-0.6946,1,0
905044,51.8,74609.26,13882.65,23.1,0.0629,0.06,0,parceria_varejo,Sudeste,-0.0206,3,0
900276,48.3,55209.67,24707.84,38.7,0.2041,0.2053,1,agência,Sul,-0.1002,0,0
905004,52.3,45179.23,19634.11,69.8,0.1087,0.1137,0,app,Centro-Oeste,0.0548,1,0
903234,42.8,27061.85,9093.38,196.6,0.0699,0.0539,1,app,Nordeste,1.4381,4,0
900584,38.1,49636.83,15784.57,44.2,0.3572,0.3497,0,app,Sul,-1.0768,2,0
903008,32.8,56771.0,21508.71,6.7,0.4075,0.378,0,app,Sudeste,1.7698,3,0
904780,56.3,27086.05,5428.04,4.5,0.1632,0.1743,1,agência,Sudeste,0.2728,4,0
905110,24.8,28393.05,12250.88,12.5,0.2102,0.1847,2,app,Sul,0.2627,3,0
900992,41.6,86304.96,38423.13,1.2,0.1391,0.1255,0,agência,Sudeste,-0.4814,1,0
905397,41.4,46118.43,18359.62,25.1,0.3164,0.2986,1,agência,Sudeste,-0.2931,2,0
905234,58.7,58151.95,15157.46,10.7,0.3455,0.3201,0,app,Sudeste,-0.0901,4,0
905401,30.5,71825.12,27280.25,64.3,0.3143,0.2917,0,app,Sudeste,0.4737,0,0
904065,27.8,64241.39,25365.9,76.8,0.133,0.1091,0,app,Sudeste,-1.2042,0,0
904264,41.4,22696.47,10108.99,188.5,0.259,0.2376,0,app,Sudeste,-2.3569,3,0
902266,31.3,,27433.34,6.2,0.4806,0.4744,1,agência,Sudeste,1.5346,2,0
903184,34.0,40925.13,14760.28,89.6,0.1857,0.1908,0,app,Sudeste,-0.0458,4,0
902033,51.6,45586.67,14015.6,,0.4996,0.4956,0,agência,Sudeste,0.4986,2,0
902962,40.2,90878.14,26286.01,3.6,0.1079,0.1195,0,agência,Sudeste,-0.7249,2,0
900780,63.3,29449.5,12215.74,6.2,0.2742,0.2693,0,app,Norte,0.7706,2,0
901514,54.2,31970.85,6062.1,25.6,0.2883,0.325,1,app,Nordeste,1.1308,0,0
900265,54.5,40204.71,14644.92,27.5,0.1912,0.2332,1,parceria_varejo,Nordeste,0.9316,3,0
903086,56.1,34353.14,14885.77,11.2,0.3392,0.3586,0,agência,Sudeste,0.1519,1,1
900402,46.4,21648.6,8969.3,1.0,0.156,0.174,0,evento_promocional,Sudeste,1.2747,3,0
901568,46.5,35731.07,13364.01,10.0,0.1446,0.1504,1,app,Sudeste,0.1612,3,0
905810,41.6,45045.93,19195.72,25.1,0.3734,0.355,0,app,Sul,0.0235,2,0
902585,51.3,96789.65,39220.19,153.3,0.4343,0.4355,0,app,Nordeste,0.1159,3,0
905180,22.9,32127.06,10018.77,56.8,0.5619,0.5576,0,agência,Nordeste,-0.3789,3,0
904712,26.4,44004.0,18881.24,,0.2756,0.2866,0,agência,Sul,0.6358,3,0
900716,34.6,36661.31,13955.65,9.0,0.241,0.2317,0,agência,Nordeste,-0.09,4,0
905078,52.6,41937.1,12742.24,65.1,0.3106,0.3192,0,agência,Sudeste,0.2538,2,0
902966,50.5,83376.45,36635.97,16.7,0.1908,0.2039,2,app,Sudeste,0.7066,1,0
904218,34.6,68881.49,18355.03,5.4,0.322,0.3173,0,agência,Sudeste,-0.05,4,0
902824,45.5,42548.52,13423.3,53.8,0.323,0.3115,0,app,Sudeste,0.4312,0,0
900898,47.2,72867.34,14207.57,3.5,0.3581,0.3777,0,parceria_varejo,Sul,-1.3056,2,0
902044,48.2,51967.45,16010.0,1.4,0.2764,0.3012,0,agência,Sudeste,-0.5981,3,0
900794,58.3,48292.69,8143.3,22.3,0.3109,0.2904,0,app,Sudeste,0.2323,2,0
905183,56.4,57264.67,14052.54,3.5,0.3206,0.3048,0,app,Sudeste,0.9038,3,0
901525,46.1,82126.05,33941.45,10.4,0.3511,0.3919,0,indicação,Centro-Oeste,0.456,3,0
903843,42.6,17340.97,7313.26,19.4,0.4649,0.4523,0,agência,Sudeste,0.6555,1,0
903903,19.1,26399.92,4228.74,13.6,0.6083,0.5965,2,indicação,Sul,-0.0627,3,0
900575,33.8,22346.4,9945.73,22.2,0.4455,0.4743,0,indicação,Norte,-0.0801,2,0
901906,48.1,83093.1,28214.5,30.0,0.2438,0.2584,0,agência,Centro-Oeste,-0.7362,2,0
900004,24.7,159250.96,55567.34,12.5,0.1558,0.1568,1,app,Sudeste,0.7382,4,0
901722,31.6,26031.53,3907.29,42.9,0.2438,0.2698,1,app,Sudeste,0.1008,1,0
903044,42.2,22329.24,8685.65,61.3,0.286,0.2959,0,indicação,Sul,1.1134,2,0
903192,40.8,,26746.5,7.5,0.1931,0.2179,1,parceria_varejo,Sul,-0.0133,3,0
901521,21.7,22054.4,5406.62,21.7,0.5149,0.5187,0,app,Sul,1.0699,4,0
901783,56.0,110994.12,21886.56,38.1,0.069,0.067,0,app,Sul,-0.7814,2,0
904667,49.4,41057.42,6471.68,1.5,0.2941,0.327,0,app,Norte,0.3385,2,0
905683,39.5,68208.03,20370.26,26.9,0.3157,0.3304,2,agência,Sudeste,-0.1649,3,0
903719,18.1,63947.51,13061.3,71.9,0.4184,0.397,0,agência,Centro-Oeste,-2.6084,2,1
905923,22.3,33098.75,13997.33,47.2,0.3419,0.3561,1,indicação,Sudeste,1.9603,2,0
901529,34.2,56931.72,19671.15,9.9,0.6627,0.6613,0,app,Sul,0.1337,1,0
900352,44.9,43092.21,13686.38,1.3,0.0363,0.0128,2,app,Nordeste,0.3777,1,0
903512,43.2,39951.02,8106.96,22.3,0.5399,0.5365,2,parceria_varejo,Norte,0.3241,1,0
902179,42.6,54722.63,20871.41,6.2,0.3637,0.3488,1,agência,Sudeste,-1.6752,3,0
903892,50.6,30828.6,13045.35,7.5,0.3207,0.3218,0,agência,Sudeste,0.307,1,0
905762,33.6,76842.31,28419.58,69.8,0.1981,0.2099,0,indicação,Sudeste,1.5961,2,0
902372,36.2,87358.06,32213.19,16.8,0.298,0.2796,1,app,Sul,0.2569,2,0
904156,36.5,36160.22,8722.19,20.7,0.3671,0.3853,0,app,Sudeste,0.3136,1,0
900546,45.4,56666.49,24988.44,11.2,0.4963,0.4926,0,app,Nordeste,-0.0902,2,0
902892,49.9,31070.47,6124.09,2.1,0.4391,0.454,0,agência,Sudeste,-0.0748,2,0
905968,52.3,37148.0,15700.37,23.8,0.2254,0.2335,0,agência,Sudeste,-0.2439,0,0
901029,37.2,,3737.28,50.5,0.4285,0.3814,0,app,Sul,0.4503,4,0
903013,31.1,51511.78,11003.97,28.2,0.388,0.3754,0,app,Centro-Oeste,0.5522,4,0
902594,33.4,60150.99,20762.48,65.6,0.2156,0.2138,0,app,Nordeste,0.0042,0,0
904312,31.8,,32972.59,22.5,0.2821,0.2832,0,indicação,Sul,0.5503,4,0
904348,52.3,44801.11,17402.3,21.8,0.0821,0.0745,1,indicação,Sudeste,1.3504,1,0
905891,46.0,30895.59,13494.55,3.8,0.3056,0.2715,1,app,Nordeste,-2.4242,0,0
905573,32.9,55490.65,15135.83,13.4,0.1754,0.2116,0,agência,Sul,-2.5023,2,0
903493,33.9,46935.34,20530.2,32.9,0.2377,0.2391,0,agência,Sul,-0.0575,3,0
901848,29.8,37365.56,16400.61,8.0,0.1888,0.1673,0,agência,Sul,-0.7891,4,0
903032,42.2,49377.05,7885.99,9.7,0.4699,0.4632,0,parceria_varejo,Sul,-0.0125,2,0
903638,40.9,73428.49,14918.25,69.9,0.1548,0.1785,0,agência,Sudeste,0.8672,3,0
901319,55.5,28689.09,9694.54,60.5,0.3719,0.3553,0,agência,Sudeste,1.0074,3,0
901606,27.2,39229.63,17200.11,53.1,0.1379,0.1291,1,agência,Centro-Oeste,0.0259,3,0
902578,30.7,57590.83,11045.76,53.0,0.1817,0.1588,0,agência,Norte,0.5032,1,0
903914,22.1,54710.34,14859.7,19.4,0.2656,0.2608,0,agência,Sudeste,0.3299,0,0
902841,31.5,76326.25,33592.92,13.5,0.4112,0.4104,0,parceria_varejo,Sul,-1.0724,0,0
904815,42.2,25609.09,7575.72,12.0,0.0925,0.0947,2,parceria_varejo,Sudeste,-0.1092,2,0
900933,47.4,67228.61,20233.85,32.8,0.2442,0.245,0,agência,Nordeste,-1.185,1,0
901700,37.3,54339.48,13252.19,46.0,0.2779,0.3029,1,agência,Sul,0.1585,3,0
903305,18.0,,26729.35,24.4,0.2775,0.3056,0,agência,Sudeste,0.8518,4,0
902682,41.6,22528.79,31331.31042378987,49.9,0.2906,0.2987,0,app,Sudeste,-0.8133,3,0
905407,42.5,26071.48,4584.04,29.0,0.5793,0.576,0,agência,Sudeste,-1.8039,0,0
904059,19.4,82332.69,14530.63,10.8,0.6542,0.6568,0,indicação,Nordeste,1.2334,0,1
903862,33.8,54099.84,20723.24,55.6,0.3811,0.3704,0,parceria_varejo,Sudeste,-1.4909,2,0
904024,44.1,62790.4,21747.89,8.1,0.2759,0.2759,1,parceria_varejo,Sul,0.1074,2,0
904074,40.0,46671.8,11940.8,41.3,0.3648,0.3368,0,app,Sul,1.3154,1,0
901692,38.3,57340.94,24717.62,6.0,0.0399,0.0287,0,indicação,Nordeste,-0.2654,0,0
901790,27.9,78678.7,14281.91,27.9,0.5117,0.5323,0,app,Nordeste,0.7256,3,0
900096,44.7,26769.38,5784.39,26.3,0.2628,0.272,0,app,Nordeste,0.3963,0,0
904162,32.0,21562.98,6157.5,78.5,0.2578,0.2217,0,app,Sul,0.0663,0,0
903440,46.9,114522.79,39114.0,12.3,0.2086,0.192,0,indicação,Centro-Oeste,-0.0881,1,0
901571,37.2,124718.52,23579.68,16.2,0.4294,0.4542,1,agência,Sudeste,-0.5682,2,0
902450,46.5,,19407.89,22.1,0.1871,0.2018,0,indicação,Sudeste,0.2864,3,0
902653,40.7,68706.11,24981.93,59.8,0.3201,0.3269,0,app,Sul,-0.0691,3,0
900939,31.9,30924.99,10446.4,,0.2635,0.2982,1,agência,Centro-Oeste,0.0217,0,0
905585,27.5,66955.49,24626.18,34.1,0.0756,0.0908,1,agência,Sul,0.0301,2,0
900333,50.1,50539.22,16108.51,59.5,0.5504,0.5534,0,app,Norte,-0.6036,4,0
904434,34.4,16674.49,2593.66,45.2,0.4851,0.5021,0,agência,Nordeste,0.5489,4,0
900690,28.1,57381.14,15360.51,24.3,0.1398,0.1131,1,app,Sudeste,-0.6768,2,0
902347,45.8,62326.79,25189.03,17.5,0.1922,0.1768,1,indicação,Sul,0.0371,1,0
900854,34.9,80903.53,21364.3,27.5,0.1548,0.1442,0,app,Sudeste,-0.8709,1,0
905945,69.2,25820.56,6297.74,1.7,0.296,0.2919,0,app,Sudeste,-0.6385,0,0
902448,48.5,31948.96,8074.69,46.5,0.5668,0.5945,0,indicação,Sul,-0.7856,1,1
900613,29.2,46263.24,20714.13,24.6,0.4129,0.4179,0,agência,Nordeste,-0.4663,0,0
902574,43.2,71993.38,32266.29,88.0,0.147,0.1726,0,indicação,Sul,-0.8447,4,0
902625,40.7,19573.68,8118.75,1.0,0.2717,0.2666,0,agência,Sudeste,2.6505,0,0
901875,32.1,45854.1,13719.59,1.8,0.2765,0.2861,0,app,Nordeste,-1.0436,1,0
903040,30.5,33682.52,13982.2,145.5,0.5713,0.5494,0,agência,Nordeste,0.3251,2,0
900480,26.8,121406.27,54360.19,37.7,0.1811,0.1701,0,app,Sudeste,-0.718,1,0
900621,18.0,46998.57,17831.74,43.4,0.1803,0.1584,0,app,Norte,1.7453,2,0
905034,51.4,87489.68,36391.24,3.2,0.3755,0.4031,1,app,Sul,1.6345,0,0
905572,34.1,69498.81,14099.62,19.9,0.066,0.0399,0,agência,Norte,1.3516,3,0
900446,36.8,40557.75,12277.54,51.1,0.1949,0.1999,0,indicação,Nordeste,-0.067,2,0
903428,60.2,46294.55,13477.13,154.9,0.3493,0.3951,1,app,Sudeste,-0.91,3,0
903568,37.7,18793.01,3839.85,,0.2211,0.1962,1,agência,Sudeste,0.1928,1,0
902932,42.2,44862.43,7619.18,59.4,0.1742,0.1448,0,agência,Nordeste,0.9835,4,1
904231,39.3,114062.85,26019.19,55.2,0.6179,0.6137,0,agência,Sudeste,1.0863,4,0
905769,33.6,78713.87,33669.46,,0.3667,0.3525,1,app,Nordeste,0.9468,0,0
902983,32.3,63721.72,19595.68,,0.2313,0.2152,2,agência,Sudeste,0.3172,4,0
905503,21.1,48377.39,17579.09,26.4,0.3627,0.3612,0,app,Centro-Oeste,1.2946,3,0
905922,18.7,24871.43,7894.99,10.2,0.1971,0.2012,1,agência,Nordeste,-1.0833,2,0
902913,28.7,41499.58,9711.62,14.7,0.1826,0.1803,0,agência,Nordeste,1.1985,3,0
905289,30.6,72355.92,24534.91,37.1,0.1826,0.1804,0,indicação,Sul,-0.5522,3,0
901934,39.6,33515.79,6533.62,,0.3793,0.3982,0,app,Sul,-0.2789,4,0
900549,47.0,25310.25,10085.34,36.5,0.5718,0.5878,0,agência,Sul,0.6753,2,0
901363,36.7,20536.35,8831.57,105.4,0.1711,0.1722,2,agência,Sudeste,-0.8418,1,0
901958,34.1,48143.3,9649.96,33.2,0.2693,0.3159,0,parceria_varejo,Nordeste,1.0022,4,0
902423,58.7,39254.2,13113.2,19.2,0.2224,0.2086,1,agência,Nordeste,0.2583,2,0
902972,37.5,143703.73,23023.09,56.5,0.114,0.1209,2,app,Centro-Oeste,0.3582,2,0
903000,30.5,40665.82,15956.81,18.6,0.4226,0.4351,0,app,Sul,0.4816,1,0
902624,36.7,70531.87,21651.23,14.0,0.2461,0.2428,0,app,Norte,-1.3134,2,0
905615,25.2,61683.44,27057.26,22.1,0.3112,0.314,0,app,Sudeste,-0.9046,0,0
901411,33.1,38839.23,11041.93,22.5,0.246,0.2775,0,agência,Nordeste,-0.0383,4,0
902672,38.7,22142.33,5870.74,6.1,0.2662,0.2762,0,agência,Norte,-0.7395,0,0
903524,34.8,15354.86,5649.21,7.5,0.4563,0.4298,0,indicação,Norte,-0.3405,3,0
902590,30.2,20848.9,4492.78,34.6,0.1226,0.1241,1,agência,Nordeste,0.4309,3,0
904979,41.4,140642.07,60765.28,14.3,0.2932,0.2929,0,agência,Sudeste,-1.1458,4,0
905174,41.7,40614.28,16218.05,46.2,0.6541,0.6376,0,app,Sudeste,1.4198,1,0
905998,30.9,24562.78,9408.07,1.0,0.4253,0.4116,1,agência,Nordeste,0.2176,0,0
904698,58.6,39243.69,11883.06,5.2,0.2128,0.1974,0,agência,Sudeste,0.0021,1,0
905724,30.1,47045.66,12410.39,60.4,0.2369,0.2504,0,indicação,Sudeste,0.0843,1,0
900298,35.4,44033.9,18043.94,24.3,0.2533,0.2636,0,agência,Sudeste,-0.0582,3,0
902293,23.6,60041.36,10922.28,8.2,0.2901,0.3069,0,app,Sudeste,0.2591,4,0
902212,56.9,32243.22,11227.87,31.3,0.1208,0.102,0,agência,Sudeste,-1.3115,2,0
905601,23.6,46658.35,7341.17,2.4,0.4893,0.5097,0,agência,Nordeste,-0.2904,1,0
900728,43.2,35653.44,75965.2022701392,15.0,0.2044,0.1773,0,agência,Nordeste,-0.5708,2,0
903753,36.2,60067.58,15369.34,59.9,0.4481,0.4513,1,app,Nordeste,0.4463,3,0
903757,35.1,69972.57,11426.94,42.0,0.5016,0.4919,2,app,Sudeste,-0.3509,3,0
902421,46.9,45010.09,8638.1,97.9,0.2423,0.2594,2,agência,Centro-Oeste,-1.3699,3,0
902518,36.0,56644.8,17605.0,22.4,0.2875,0.2917,0,parceria_varejo,Nordeste,-0.113,3,0
902844,22.4,104473.26,40770.48,45.7,0.2205,0.2242,0,app,Sudeste,-1.9486,2,0
903947,40.5,97062.28,24956.28,99.4,0.2242,0.2043,0,agência,Sudeste,0.1429,1,0
901916,47.3,74834.0,19281.92,5.6,0.6794,0.692,0,agência,Sudeste,-0.3904,0,0
900036,35.6,36973.59,14250.02,40.2,0.2412,0.2015,0,parceria_varejo,Sul,-0.6769,2,0
900806,35.2,82583.36,36118.79,14.5,0.2802,0.2885,0,app,Nordeste,2.1231,2,0
905126,58.6,28433.65,9553.23,14.4,0.4686,0.4451,1,parceria_varejo,Sudeste,0.3574,2,0
904977,35.2,18729.37,7372.95,9.5,0.0657,0.035,0,indicação,Sudeste,-0.6126,1,0
901624,42.2,36053.8,14969.66,43.7,0.1414,0.1353,1,app,Nordeste,0.119,3,0
904754,46.9,79323.67,29891.1,74.6,0.0757,0.0907,0,agência,Nordeste,-1.4266,1,0
903381,23.9,31549.46,4884.89,3.7,0.4586,0.5042,0,app,Sudeste,-1.4036,0,0
900031,44.7,,7742.07,8.8,0.548,0.5442,1,app,Nordeste,2.2934,3,0
901596,49.2,46430.86,13328.2,45.1,0.2434,0.2315,0,app,Sudeste,0.7942,2,0
901386,37.8,36649.51,12243.88,39.0,0.1953,0.218,0,agência,Nordeste,-0.4154,3,0
904237,32.4,36210.23,7746.9,7.7,0.2187,0.2135,0,agência,Nordeste,-2.7235,3,0
903688,60.1,,11510.03,11.7,0.4142,0.4079,0,agência,Sul,0.9126,2,0
904632,32.6,46042.9,18520.94,93.0,0.0367,0.0492,0,app,Sudeste,-0.5377,0,0
905125,42.1,33369.73,7710.5,14.2,0.1574,0.1678,1,app,Sudeste,-0.2015,0,0
904593,25.7,36892.55,10575.89,40.3,0.4016,0.4127,0,app,Norte,0.3726,0,0
901197,38.2,89584.89,19709.44,50.5,0.3204,0.3233,1,agência,Nordeste,-0.6616,3,0
901391,51.3,19542.94,7853.43,12.8,0.3649,0.349,0,app,Sudeste,-0.171,4,0
900896,47.2,45208.92,11194.86,12.1,0.3559,0.3732,0,agência,Nordeste,0.7839,0,0
901523,29.7,80011.58,28481.32,145.6,0.0577,0.0467,1,indicação,Nordeste,0.5969,3,0
901766,32.9,93786.31,34335.19,,0.3862,0.4065,0,agência,Centro-Oeste,0.8114,3,0
903443,41.8,62855.03,11677.07,28.7,0.3834,0.3981,0,indicação,Sudeste,0.4302,1,0
903025,44.4,30845.59,10127.44,,0.1199,0.087,0,agência,Nordeste,-0.0973,3,0
903594,45.3,11331.84,4924.35,28.9,0.0936,0.1015,0,app,Sul,0.0197,0,0
905457,48.4,38594.31,11460.44,91.5,0.2473,0.2584,0,agência,Nordeste,-0.5724,4,0
903053,33.4,32521.52,9096.58,18.3,0.3111,0.3,0,agência,Sudeste,0.7198,0,0
903826,24.6,88551.81,19550.58,43.7,0.2582,0.2607,0,app,Sudeste,0.962,0,0
905130,49.6,29999.75,11326.31,3.5,0.3512,0.3693,0,app,Sudeste,1.0273,2,0
902334,46.9,98813.64,21417.9,26.8,0.4475,0.4292,1,app,Nordeste,1.7377,0,0
901367,27.5,50080.62,14320.32,,0.4718,0.4624,0,app,Centro-Oeste,1.5614,3,0
904951,46.4,31946.64,7385.35,87.9,0.1568,0.1537,2,app,Sudeste,0.9121,2,0
903228,37.0,27896.41,5268.05,15.5,0.4041,0.421,1,agência,Sudeste,0.7773,0,0
900567,56.4,68658.27,25057.56,119.7,0.6668,0.6935,0,app,Sudeste,-1.1205,3,0
902229,39.0,56535.31,14691.58,5.8,0.0483,0.0531,1,agência,Sudeste,-0.0833,4,0
903009,43.3,99670.29,30475.61,49.9,0.2296,0.2344,0,agência,Sudeste,0.1773,1,0
905544,30.5,,9771.77,108.2,0.5071,0.5009,0,app,Nordeste,-0.1282,1,0
901855,40.1,39424.7,11191.73,2.7,0.507,0.4983,0,agência,Sudeste,-2.1861,3,0
902998,66.3,,21469.45,67.9,0.2563,0.2755,0,app,Norte,-0.3742,1,0
900666,26.3,58970.65,21534.44,35.4,0.4061,0.4018,0,app,Sudeste,-0.7843,2,0
903735,50.7,57904.48,24463.62,14.7,0.5861,0.5751,1,parceria_varejo,Sudeste,0.3233,0,0
905236,38.4,47558.05,11498.99,54.0,0.1364,0.1548,1,parceria_varejo,Nordeste,-0.644,1,0
904026,48.2,69639.51,21246.18,38.3,0.3186,0.3075,1,agência,Sudeste,1.61,3,0
903427,54.4,40957.64,14686.39,25.7,0.1665,0.1813,2,agência,Sudeste,0.9292,3,0
903182,40.0,57193.06,14830.68,24.0,0.1341,0.1363,0,agência,Norte,-1.267,2,0
904068,45.8,26288.67,6576.92,10.5,0.2437,0.2262,1,parceria_varejo,Norte,-1.4307,1,0
905016,49.0,42270.19,17545.59,1.4,0.4131,0.3812,0,parceria_varejo,Centro-Oeste,-0.2328,4,1
900295,44.6,22815.75,8960.73,45.8,0.3099,0.2654,2,app,Centro-Oeste,-0.2168,0,0
902242,47.5,,4052.09,9.7,0.0826,0.0833,0,agência,Sudeste,-0.0066,3,0
902036,41.2,40186.43,8324.31,33.8,0.0769,0.0679,1,app,Sudeste,-1.0847,2,0
904902,39.1,44412.31,19829.53,51.0,0.2064,0.224,0,indicação,Nordeste,-0.5781,1,0
905502,25.7,96984.09,17453.76,1.1,0.5659,0.5522,1,app,Sul,-0.4492,1,0
901804,42.4,30478.68,7537.7,15.6,0.3127,0.3213,0,indicação,Nordeste,-0.3219,2,0
902580,38.0,33328.95,7912.28,67.9,0.1234,0.1138,2,parceria_varejo,Sudeste,0.5874,2,0
901270,54.8,68346.47,15316.21,3.1,0.3706,0.3693,0,agência,Sul,-0.4052,1,0
904643,32.8,79972.52,31956.4,69.0,0.3804,0.3734,1,app,Sul,1.4759,3,0
902323,38.9,31805.04,6040.54,114.5,0.5139,0.511,0,agência,Norte,0.9305,0,0
904436,43.7,29340.29,11636.01,3.5,0.1474,0.1367,0,indicação,Sudeste,-1.0267,4,0
903870,20.8,56256.18,17223.46,33.4,0.3393,0.3377,0,app,Sudeste,1.6856,2,0
900378,32.5,31431.59,6064.53,1.0,0.3884,0.4437,0,indicação,Sudeste,-0.0465,0,0
902268,47.4,73825.46,28631.13,13.9,0.178,0.1771,1,app,Sul,-0.5431,4,0
902385,42.3,27346.13,12227.32,42.3,0.2153,0.2516,1,app,Centro-Oeste,-1.6307,3,1
900829,48.1,115131.19,43252.05,18.0,0.1544,0.1285,2,app,Centro-Oeste,-1.3126,2,0
904506,38.2,30707.07,13051.17,75.0,0.062,0.0801,1,indicação,Sudeste,1.0941,2,0
901460,18.0,19373.81,2930.85,6.1,0.2015,0.1682,0,agência,Nordeste,-0.0949,0,0
900453,44.2,99141.08,15469.54,20.3,0.1689,0.1614,1,agência,Sudeste,-1.0641,3,0
904922,44.7,52036.59,20730.09,1.1,0.4297,0.416,0,indicação,Sul,-0.4328,2,0
903728,36.4,47116.33,8838.74,49.4,0.3315,0.3361,0,app,Sudeste,1.4825,4,0
904358,45.2,123093.36,32962.68,1.0,0.5009,0.5069,0,agência,Sudeste,-1.1117,4,0
900291,34.4,59546.86,22312.16,57.2,0.1122,0.0913,0,app,Norte,0.8074,3,0
905878,22.1,30195.11,11220.41,72.0,0.6618,0.6567,0,agência,Nordeste,-0.3932,0,0
900841,44.0,9313.52,3713.79,63.5,0.0714,0.0599,0,app,Sul,1.2749,2,0
901961,55.3,84833.29,17231.34,2.7,0.1401,0.1365,0,indicação,Norte,0.995,3,0
901749,35.7,50407.36,15441.6,26.3,0.0996,0.0683,0,app,Sul,-1.1745,0,0
905105,39.5,46836.78,7548.91,7.1,0.4486,0.4651,1,agência,Centro-Oeste,-1.6364,4,0
901259,60.2,67175.38,10461.87,1.0,0.3291,0.3133,1,agência,Nordeste,0.3445,4,0
904798,39.4,51095.56,8321.85,20.3,0.3152,0.3095,1,app,Nordeste,-0.1267,0,0
901815,44.6,82826.77,16327.31,8.3,0.3676,0.3818,0,indicação,Sudeste,0.1641,1,0
903658,42.1,44212.25,15316.59,105.8,0.1094,0.1231,1,app,Nordeste,-1.2549,3,0
900862,36.4,33904.86,5227.91,1.1,0.3746,0.3468,1,parceria_varejo,Nordeste,0.8582,4,0
903711,43.3,35109.27,6270.21,1.0,0.1459,0.1724,1,indicação,Sudeste,0.2381,4,0
902986,28.1,72690.45,26956.59,22.4,0.0742,0.0706,0,agência,Centro-Oeste,-0.6384,0,0
900598,46.2,112454.37,21678.4,8.4,0.2863,0.2876,0,agência,Sudeste,1.0712,4,0
903567,64.3,31256.03,8417.95,120.6,0.0333,0.0526,1,agência,Sudeste,-0.1703,4,0
903817,40.5,64862.96,14279.92,,0.1015,0.0914,1,app,Sul,0.5697,2,0
901865,26.6,167517.18,309607.1242238567,10.4,0.143,0.127,1,app,Norte,0.682,2,0
903733,45.5,64902.83,27840.81,8.9,0.2434,0.2415,0,parceria_varejo,Sudeste,2.5028,0,0
901216,44.5,19819.35,4276.01,7.4,0.5756,0.609,0,app,Nordeste,-0.2082,4,0
904597,41.2,32562.01,9259.65,15.7,0.4008,0.4279,1,app,Norte,-1.2489,2,0
900866,45.5,15183.63,2688.72,25.4,0.3193,0.3031,0,parceria_varejo,Nordeste,-1.1425,0,0
903121,46.1,60148.82,25770.06,52.9,0.167,0.166,0,agência,Sudeste,0.6503,1,0
900038,53.3,42441.21,6507.62,39.5,0.1992,0.1837,0,agência,Sudeste,1.7359,2,0
900158,40.4,54494.31,9471.16,34.9,0.1597,0.1705,0,app,Sudeste,0.4965,2,0
904273,56.6,12775.86,3165.32,96.5,0.2183,0.2229,1,app,Nordeste,0.9901,3,0
905205,35.6,74584.17,23085.24,16.4,0.3883,0.3717,1,evento_promocional,Norte,-0.7227,3,0
903027,42.3,90532.6,32408.74,8.8,0.2652,0.2664,1,indicação,Sudeste,0.8887,0,0
903563,47.2,69513.85,24137.54,20.5,0.1847,0.2077,0,indicação,Sul,1.601,2,0
905006,42.1,78247.47,13123.3,14.7,0.1844,0.1956,0,app,Norte,0.9599,0,0
905645,48.3,42920.96,13099.0,,0.2297,0.229,0,agência,Sudeste,0.3285,0,0
903166,59.4,61183.73,27388.14,89.3,0.1509,0.1728,0,indicação,Nordeste,0.228,1,0
904298,36.1,19851.29,4000.67,46.9,0.4519,0.4647,2,agência,Centro-Oeste,0.9279,0,0
904855,42.9,57982.23,13454.35,35.9,0.178,0.1648,0,agência,Nordeste,1.6346,0,0
902239,46.2,69323.46,10837.37,3.7,0.0976,0.0748,0,app,Centro-Oeste,0.4422,2,0
904921,41.7,39195.39,12324.46,60.0,0.0758,0.0816,0,agência,Nordeste,0.1023,4,0
903332,36.0,48657.92,19434.24,47.5,0.3758,0.3258,0,parceria_varejo,Sudeste,-0.0645,4,0
904806,35.8,24559.06,9334.95,72.8,0.5183,0.5262,0,app,Sul,-0.5862,4,0
902831,44.8,31790.05,5174.84,49.6,0.0975,0.1249,0,agência,Sul,0.06,2,0
901223,18.5,34086.2,13409.75,64.5,0.147,0.1308,0,agência,Nordeste,-0.7285,2,0
902407,31.9,70733.37,19984.96,15.8,0.4869,0.5198,0,agência,Sudeste,-0.8414,3,0
900064,35.0,83403.51,36221.06,40.7,0.5031,0.5273,1,agência,Sul,-1.1296,0,0
902124,34.7,95890.29,20929.68,106.9,0.5149,0.5142,0,agência,Sudeste,-0.79,1,0
901741,43.7,40265.68,16287.59,20.8,0.2904,0.2391,1,app,Norte,1.1721,0,0
902615,53.7,75560.03,27461.61,25.5,0.3219,0.3481,1,app,Norte,-0.1287,3,0
901593,29.0,65014.47,19889.54,4.3,0.1606,0.1892,0,parceria_varejo,Centro-Oeste,0.5894,0,0
901573,40.1,37113.21,15821.91,7.8,0.0853,0.065,0,app,Sudeste,-1.1926,2,0
901763,48.7,74087.73,18272.23,139.2,0.0352,0.0842,2,app,Norte,0.4898,1,0
901272,51.8,64471.71,18394.71,,0.4488,0.4318,0,indicação,Sudeste,0.3657,2,0
901377,34.7,,14158.06,20.6,0.3275,0.3141,1,app,Sudeste,0.0803,3,0
902429,64.2,20166.13,8414.15,11.5,0.4048,0.4221,0,app,Sul,0.0019,3,0
904392,30.0,68536.16,11888.75,269.0,0.1756,0.1805,1,app,Sudeste,1.1248,0,0
901433,18.0,44264.13,12407.57,,0.2416,0.2342,0,app,Sudeste,0.7843,2,0
904767,39.3,41535.77,7379.19,6.0,0.3498,0.3646,1,evento_promocional,Sudeste,0.6438,2,0
900635,35.7,44641.62,8865.71,18.0,0.5706,0.5456,1,agência,Sudeste,0.2157,2,1
902357,57.7,62175.24,9947.59,1.2,0.3981,0.4061,0,indicação,Norte,-1.2937,3,0
901789,57.0,42744.08,9244.81,,0.2991,0.2941,0,app,Sudeste,-0.1566,4,0
901696,38.3,84122.48,26695.89,40.9,0.1592,0.1137,0,agência,Nordeste,-0.8678,3,0
904449,42.5,82676.84,14547.5,5.7,0.1043,0.0992,0,indicação,Sul,0.3104,2,0
901816,48.4,91789.97,23746.03,2.9,0.2994,0.3151,0,agência,Sudeste,1.0385,4,0
904603,45.2,31623.66,9021.84,18.5,0.2924,0.2527,0,app,Nordeste,-0.3858,4,0
900491,59.0,41415.08,16855.99,185.3,0.0931,0.1416,0,parceria_varejo,Sudeste,1.1907,1,0
900192,28.8,54499.86,22613.43,25.0,0.1352,0.1289,0,agência,Sul,0.7629,0,0
902058,35.5,28709.05,4375.1,1.0,0.253,0.2529,0,agência,Nordeste,1.8954,0,0
905866,44.4,94983.17,17605.73,11.2,0.0578,0.0802,1,parceria_varejo,Sudeste,-0.5847,1,0
903925,37.3,63986.68,21159.28,29.9,0.8027,0.7855,0,agência,Centro-Oeste,-0.079,3,0
903895,42.6,10499.34,3871.92,8.4,0.0612,0.0576,2,agência,Nordeste,0.2655,1,0
901003,44.6,161848.12,45616.66,78.3,0.028,0.0133,1,app,Sudeste,0.9748,1,0
900463,48.2,64457.35,25959.3,9.3,0.7199,0.7328,0,agência,Sudeste,-1.5253,3,1
900541,22.2,66885.46,13358.13,57.0,0.1975,0.1975,0,agência,Sul,1.4965,4,0
901547,42.0,76541.6,28285.99,,0.399,0.3918,1,app,Sudeste,0.9651,2,0
903497,58.1,42424.04,13599.24,15.6,0.0998,0.1439,1,app,Sul,-1.7599,2,0
902133,43.1,43715.97,6687.33,51.9,0.2855,0.3118,0,app,Sudeste,1.4777,2,0
905168,44.9,32578.98,9212.88,49.0,0.1581,0.1572,0,app,Nordeste,1.2877,0,0
903816,59.7,58303.96,24276.36,45.8,0.1545,0.1495,1,app,Nordeste,-0.1721,1,0
903718,48.2,59313.59,15298.36,27.7,0.3905,0.3835,0,indicação,Sudeste,-1.6924,1,0
904219,43.1,16458.47,6195.78,61.4,0.4024,0.4303,0,parceria_varejo,Nordeste,-1.5349,1,0
903112,50.9,61420.24,25417.84,6.2,0.2313,0.2398,0,agência,Norte,0.0183,3,0
905845,30.7,34792.16,15397.0,29.3,0.218,0.2287,0,agência,Centro-Oeste,0.9516,1,0
900899,43.1,23618.68,6018.42,69.2,0.4982,0.5147,0,agência,Sul,-2.9693,2,0
904750,47.1,74227.72,20772.13,39.0,0.2504,0.2759,0,app,Sul,-1.137,4,0
904425,20.9,63518.52,12399.53,58.2,0.5882,0.621,1,app,Nordeste,-0.9092,3,0
904739,39.5,44512.84,17192.53,32.2,0.1661,0.1801,0,app,Sudeste,-0.3941,2,0
904778,24.6,83159.91,34006.52,37.5,0.1777,0.1844,1,agência,Norte,-0.7851,2,0
902655,37.4,20510.11,8639.77,87.9,0.5561,0.5542,1,indicação,Norte,0.2277,1,0
903338,41.6,10935.57,3169.41,50.6,0.4509,0.4511,1,indicação,Centro-Oeste,-1.5911,2,0
901203,44.2,69706.01,19579.21,92.9,0.2255,0.2524,0,app,Centro-Oeste,-0.0583,3,0
904493,31.3,,36827.37,1.7,0.236,0.2463,0,agência,Sudeste,0.3109,3,0
902847,46.5,104060.69,28938.39,100.4,0.1664,0.1602,0,agência,Nordeste,1.2116,2,0
901261,23.2,32743.42,11409.07,10.5,0.3785,0.4138,0,indicação,Sudeste,0.1349,1,0
905942,28.8,40660.24,15285.15,7.4,0.4428,0.4222,1,parceria_varejo,Sul,0.4107,2,0
905437,59.5,49054.48,18885.28,,0.139,0.1388,1,indicação,Centro-Oeste,0.7273,4,0
903410,34.7,142240.22,21992.12,2.0,0.2317,0.2568,1,indicação,Norte,0.7531,4,0
903667,27.1,68403.51,24068.62,65.1,0.2896,0.2831,0,agência,Norte,1.7113,3,0
904054,22.7,40237.87,6304.64,69.7,0.2774,0.2665,2,app,Centro-Oeste,-0.2057,3,0
901087,27.3,47106.08,20764.28,47.6,0.3285,0.353,0,parceria_varejo,Sudeste,1.7675,3,0
904764,38.6,38648.35,10183.01,61.3,0.5684,0.5511,0,agência,Nordeste,1.0916,0,0
900218,53.3,,13356.24,12.8,0.456,0.4567,0,agência,Sul,-1.3796,4,0
901828,43.8,77161.62,15069.96,,0.3211,0.3367,0,agência,Sudeste,-0.1703,2,0
903583,40.8,62543.8,10310.64,52.4,0.1915,0.1808,0,app,Sudeste,-0.8763,0,0
904995,36.8,25658.76,7965.25,11.8,0.2902,0.3184,1,indicação,Nordeste,-0.8713,2,0
904952,39.1,92392.54,28991.52,31.0,0.4152,0.4032,1,parceria_varejo,Sul,0.2916,1,0
903856,31.9,81950.7,16735.13,59.9,0.17,0.1717,0,agência,Sudeste,-0.7855,1,0
903254,18.0,91227.33,317987.74350813765,,0.2984,0.3141,0,parceria_varejo,Sudeste,0.4373,4,0
902717,38.6,57342.65,17602.81,138.8,0.2842,0.3005,0,agência,Sudeste,0.62,4,0
900763,45.2,25352.08,6825.09,,0.2823,0.2667,1,agência,Sudeste,-0.5269,2,1
904719,22.5,56165.27,10505.29,42.4,0.3282,0.3428,0,app,Centro-Oeste,2.3666,4,0
904668,42.4,20635.93,6333.92,34.4,0.3719,0.3584,0,indicação,Sudeste,-0.2588,4,0
901642,53.1,27407.16,4637.66,1.0,0.218,0.2482,1,app,Sudeste,-1.2611,2,0
905018,24.1,94059.66,34690.6,16.1,0.1714,0.163,0,app,Sudeste,-0.8304,4,0
902080,23.2,43148.87,12529.93,39.3,0.2054,0.1856,0,parceria_varejo,Sul,1.3669,0,0
904127,51.5,75722.57,12815.96,20.4,0.2309,0.2204,1,app,Sul,-0.8455,3,0
901461,43.2,51894.9,14407.37,9.5,0.1081,0.1098,0,indicação,Sul,-0.0829,3,0
903541,38.2,69113.1,14045.22,55.2,0.3939,0.4273,0,indicação,Sudeste,-0.2979,4,0
901013,36.3,25073.84,8795.48,23.9,0.4016,0.3844,0,indicação,Sul,1.185,3,0
904833,52.2,28444.83,8854.13,97.0,0.3237,0.3118,0,agência,Nordeste,-0.5285,0,0
903411,50.0,23598.5,5277.92,73.1,0.2108,0.1923,0,parceria_varejo,Nordeste,-0.658,2,0
902664,27.4,80272.16,26124.27,93.7,0.3739,0.3949,1,parceria_varejo,Nordeste,-0.2271,4,0
903414,44.9,13411.81,5092.97,39.4,0.1222,0.1252,0,app,Nordeste,0.2389,1,0
900428,43.7,25393.53,3971.18,166.1,0.6359,0.6455,0,app,Nordeste,-0.9526,0,1
900891,34.2,20966.77,9102.73,23.3,0.4247,0.429,0,app,Sudeste,-0.6244,0,0
903060,53.5,18317.11,2923.5,30.6,0.3656,0.3589,0,agência,Sudeste,-0.838,0,0
902228,38.8,51256.46,15426.0,27.2,0.2098,0.2014,0,app,Sudeste,0.4807,0,0
900727,22.0,64151.22,11574.57,107.5,0.3097,0.2824,1,indicação,Sudeste,-1.3456,2,0
901837,55.5,40174.51,11044.48,37.1,0.5,0.4861,1,indicação,Sudeste,0.0182,0,1
905846,47.7,22212.38,8189.71,22.3,0.3246,0.3499,0,app,Centro-Oeste,0.1895,3,0
905450,60.7,58686.66,87756.62446968028,9.4,0.3838,0.3468,0,app,Sul,-1.1859,3,0
901986,48.0,177762.49,28793.97,7.7,0.297,0.3125,0,app,Nordeste,0.5537,1,0
903196,32.7,60492.0,23845.94,38.1,0.2812,0.3004,1,app,Sul,0.1807,4,0
904169,36.8,,6671.47,22.7,0.2297,0.2098,1,app,Sudeste,1.124,4,0
904894,57.5,36753.79,11344.19,12.2,0.4097,0.3865,1,app,Nordeste,-0.9624,3,0
903939,48.7,65093.1,15439.47,15.1,0.1677,0.1662,0,agência,Sudeste,-0.1108,1,0
900242,54.4,85259.44,13081.61,1.7,0.4525,0.4766,1,indicação,Sudeste,-0.7301,4,0
904105,24.5,45407.11,14988.68,118.0,0.1355,0.1349,0,agência,Sudeste,0.2642,1,0
904832,42.6,114223.3,41074.1,40.5,0.5391,0.5259,0,app,Nordeste,-0.1523,1,0
903006,50.4,62188.12,14070.7,33.3,0.2015,0.2009,0,agência,Nordeste,-0.0666,1,0
904945,18.0,22487.67,8741.36,82.6,0.1946,0.2158,1,indicação,Sul,-0.2394,2,0
900651,35.6,117644.66,48362.67,79.0,0.1229,0.0907,0,indicação,Sudeste,-0.2815,2,0
902081,29.0,76116.93,27305.97,174.2,0.2141,0.1985,0,app,Norte,1.2864,4,0
905859,28.3,101473.69,42047.56,11.7,0.2133,0.2175,0,agência,Norte,-1.4888,2,0
900799,26.6,83453.98,17276.65,32.8,0.1589,0.1477,0,agência,Centro-Oeste,0.2912,0,0
902060,44.1,26581.89,4584.81,,0.0891,0.1003,0,parceria_varejo,Sudeste,-1.3793,1,0
904121,54.1,21340.45,6504.08,36.1,0.3114,0.3076,0,app,Centro-Oeste,-0.2662,0,0
901043,58.6,30482.73,8494.85,14.8,0.4966,0.5024,0,app,Sudeste,0.9444,4,0
903357,32.9,35764.91,14284.05,10.8,0.306,0.317,1,indicação,Nordeste,0.476,2,1
900562,66.2,47330.27,16936.64,15.4,0.0173,0.0057,1,app,Sudeste,0.4268,1,0
900095,32.4,54271.22,23688.03,107.0,0.2722,0.3066,0,agência,Sudeste,-1.6774,2,0
903712,39.6,38983.67,6627.91,14.0,0.2782,0.2898,0,agência,Sul,1.2405,4,0
901050,20.0,29995.36,12026.44,24.7,0.5688,0.5613,0,agência,Nordeste,0.2348,0,0
903573,33.8,68367.01,19365.65,44.6,0.2214,0.2264,1,agência,Centro-Oeste,0.18,1,0
902141,41.1,37491.41,14588.44,67.0,0.2674,0.2576,1,agência,Norte,-0.5976,2,0
905091,58.6,53707.92,20993.55,12.8,0.1566,0.1622,0,app,Nordeste,0.8459,3,0
902994,47.0,40881.58,13666.93,13.3,0.3577,0.3548,0,app,Sul,-0.4568,1,1
902337,31.7,73332.58,17810.69,2.2,0.3472,0.3506,0,app,Sudeste,0.0745,1,0
901564,44.1,58186.87,18800.36,55.4,0.2334,0.2546,0,app,Sul,1.4178,1,0
900461,33.1,64850.15,11408.01,,0.3798,0.4146,0,agência,Sul,-1.1906,4,0
900314,34.4,98608.63,20818.21,29.0,0.272,0.2893,0,indicação,Nordeste,-0.7673,3,0
905849,58.1,52415.01,9296.38,19.0,0.2029,0.1957,0,indicação,Norte,-0.0702,0,0
901234,34.0,57087.25,18682.38,147.7,0.1911,0.2007,1,app,Sudeste,1.8825,0,0
905590,39.1,71408.61,22330.91,25.6,0.3601,0.3509,0,agência,Sudeste,0.1299,0,0
902262,22.6,159055.33,480272.94212217646,27.0,0.2099,0.1974,2,app,Centro-Oeste,-1.4963,3,0
903480,31.8,70426.31,24131.69,22.9,0.16,0.1624,0,app,Sudeste,-0.8854,1,0
902951,43.1,48580.0,7572.21,6.1,0.4959,0.4863,0,parceria_varejo,Nordeste,-0.4162,0,0
904675,54.0,50541.78,8806.7,111.4,0.6164,0.6202,0,app,Nordeste,-0.5994,4,0
900552,46.8,250628.0,92804.07,33.9,0.4822,0.4696,2,indicação,Sul,0.3087,2,0
901177,36.5,59936.76,11424.62,40.8,0.2861,0.2513,0,agência,Nordeste,0.9554,1,0
905333,18.6,78775.76,23248.74,48.8,0.2266,0.2148,1,agência,Sul,0.6956,0,0
901715,25.0,29581.81,13026.68,20.5,0.1928,0.1829,0,agência,Sudeste,1.3097,1,0
903956,41.5,69647.7,23979.55,49.9,0.2252,0.2214,0,agência,Centro-Oeste,1.9667,1,0
903462,41.1,111837.73,43850.26,5.1,0.3961,0.4029,0,agência,Centro-Oeste,-0.1866,0,0
904019,25.4,37192.61,8662.57,29.7,0.257,0.2297,0,app,Sudeste,0.3498,1,1
905818,22.5,24175.98,4040.45,13.5,0.449,0.4582,1,app,Sul,-0.7673,2,0
901864,55.4,32827.16,14754.8,16.2,0.2031,0.1757,0,indicação,Nordeste,-0.2888,3,0
900117,37.8,121678.82,32627.88,100.9,0.1249,0.1244,0,app,Sudeste,0.5454,2,0
902858,39.7,49836.47,10941.29,38.0,0.2126,0.1717,0,app,Sudeste,-0.4649,3,0
904247,19.2,29404.89,8458.55,8.4,0.3569,0.3834,0,indicação,Sul,-1.7593,0,0
901643,38.8,35348.81,7025.36,185.5,0.0918,0.0965,0,indicação,Sul,0.8025,2,0
905461,38.4,58891.91,10116.49,52.1,0.2302,0.2221,0,app,Sudeste,0.8284,3,0
901067,38.8,141016.1,48521.61,37.6,0.0845,0.103,0,indicação,Sudeste,0.7592,4,0
905738,44.9,42455.59,10620.32,74.2,0.2335,0.2316,0,agência,Sudeste,1.7569,2,0
904183,45.5,91355.0,14687.46,17.0,0.2744,0.2905,0,indicação,Sudeste,-0.4842,2,0
905786,35.6,221633.35,85189.68,74.0,0.3051,0.2571,0,agência,Sul,0.0136,3,0
900556,59.9,25889.85,4746.67,82.5,0.1436,0.1552,0,parceria_varejo,Centro-Oeste,-0.3248,0,0
904707,31.1,38136.38,13484.71,41.4,0.2691,0.2668,1,app,Nordeste,0.2043,3,0
902434,48.8,54476.53,20842.97,5.5,0.4716,0.4178,0,app,Sudeste,-0.1741,3,0
901002,18.3,20435.86,5734.01,17.1,0.0745,0.0643,1,evento_promocional,Sudeste,-0.1918,3,1
901176,30.7,48803.15,13738.7,62.6,0.3916,0.3858,0,parceria_varejo,Sudeste,0.2088,2,1
901746,43.0,41959.55,18236.79,27.1,0.315,0.2771,1,parceria_varejo,Sudeste,1.8955,4,0
901507,31.5,49984.19,19948.74,35.0,0.428,0.4459,0,agência,Norte,-0.2382,4,0
903879,47.0,37337.93,15578.43,18.1,0.3899,0.4257,1,agência,Sul,0.4235,1,0
902747,43.5,46518.51,14232.2,12.4,0.0473,0.0348,0,indicação,Sudeste,-1.4083,2,0
900543,54.7,96500.2,15019.22,39.0,0.0686,0.067,0,agência,Sul,0.2187,0,0
902896,38.4,70041.34,24615.13,1.3,0.3376,0.3662,0,app,Sudeste,1.2996,4,0
904288,18.0,27109.7,8259.38,59.4,0.2574,0.2474,0,agência,Nordeste,1.7852,0,0
905519,41.3,53786.54,10861.71,89.7,0.2722,0.2599,2,app,Sudeste,0.9483,2,0
905568,43.1,31287.52,13716.66,73.1,0.2028,0.1888,0,app,Sudeste,-0.0607,0,0
901346,35.4,102848.92,40143.47,20.2,0.2117,0.2504,0,agência,Sul,-0.1124,2,0
903592,37.8,50746.51,9211.38,12.8,0.2363,0.2911,1,app,Centro-Oeste,0.7423,0,0
904125,53.3,34691.72,7848.3,1.0,0.1889,0.1486,0,app,Sudeste,1.2656,1,0
900953,18.0,39498.51,12977.05,13.7,0.3364,0.3283,1,app,Nordeste,-1.1144,0,0
902618,37.7,41287.9,17682.7,36.0,0.183,0.1792,0,agência,Sudeste,0.3862,0,0
905905,51.1,24137.91,6550.35,64.6,0.1566,0.1377,1,app,Sudeste,0.6446,2,0
905598,29.0,53274.42,9333.9,8.9,0.2527,0.2582,0,agência,Norte,-1.7871,3,0
903779,41.3,42143.16,13075.19,3.1,0.1474,0.1791,1,app,Nordeste,-0.8394,0,1
903991,55.2,105261.01,24024.69,27.6,0.0876,0.0687,1,app,Nordeste,-0.7733,1,0
901191,29.6,67127.36,11948.6,13.6,0.1665,0.1683,0,app,Sudeste,-1.0818,3,0
901833,38.1,89060.78,38047.39,63.9,0.0144,0.008,0,indicação,Sudeste,-0.0867,3,0
904784,49.0,60146.09,14608.5,8.1,0.2583,0.2385,1,evento_promocional,Norte,0.0105,1,0
900203,39.5,197163.66,76252.22,18.9,0.1285,0.0819,0,agência,Nordeste,0.0272,0,0
900578,44.8,57913.27,18739.3,46.2,0.5042,0.481,1,agência,Sudeste,-1.1467,3,0
901245,41.6,61797.58,22813.98,81.5,0.3533,0.3476,0,parceria_varejo,Centro-Oeste,2.0269,0,0
903117,49.6,106501.51,24574.64,72.9,0.2631,0.2508,0,agência,Sudeste,-0.9804,0,0
905042,62.4,39927.68,10750.27,35.0,0.1282,0.1155,1,agência,Nordeste,0.6565,0,0
905547,50.2,17318.55,5927.26,20.7,0.2791,0.28,0,indicação,Sul,1.542,0,0
901085,37.2,22258.68,5016.57,1.0,0.2386,0.279,0,app,Sudeste,-0.6834,4,0
901005,41.4,65865.29,104205.8904419734,1.0,0.2107,0.2643,0,agência,Norte,-1.1845,3,0
905128,62.0,39613.45,30606.297384261412,44.9,0.1722,0.1754,0,agência,Nordeste,-0.916,3,0
901601,28.9,40196.18,16486.41,3.7,0.1221,0.1267,0,parceria_varejo,Sudeste,0.9662,0,0
903647,50.7,43261.68,10846.03,18.7,0.2296,0.2514,1,parceria_varejo,Nordeste,0.2823,4,1
900435,46.7,29383.9,7012.52,16.8,0.1634,0.1155,0,app,Sul,0.3732,1,1
900269,38.0,32135.79,12718.91,47.4,0.4558,0.454,0,agência,Sudeste,-1.0258,0,0
904355,53.8,56925.3,22300.22,11.6,0.1276,0.1419,0,indicação,Nordeste,0.373,1,0
900817,28.7,79512.07,29794.57,5.4,0.2163,0.1854,0,agência,Sudeste,2.4531,2,0
905254,30.5,55370.62,19475.33,151.3,0.4617,0.4349,0,agência,Sudeste,0.0876,1,0
905328,36.6,15924.43,2693.15,5.4,0.3736,0.3577,0,app,Centro-Oeste,-0.0535,2,0
905158,53.2,17298.46,7421.62,24.2,0.5563,0.5703,1,app,Norte,-1.2438,3,0
901329,35.0,80175.83,28537.61,14.3,0.5524,0.5595,0,agência,Sul,-0.8198,3,0
903915,20.9,22170.32,9681.78,86.9,0.0715,0.0521,0,parceria_varejo,Sudeste,0.275,3,0
900636,46.1,79980.14,27830.66,2.6,0.353,0.3217,0,parceria_varejo,Sudeste,0.0978,0,0
900420,37.0,37512.31,7713.59,33.3,0.6202,0.6063,1,app,Sul,-0.113,4,0
903930,28.3,37931.89,8082.2,14.9,0.3288,0.3408,0,agência,Sudeste,-0.992,3,0
900245,40.5,52707.81,10295.8,,0.1275,0.1285,1,app,Sudeste,0.184,4,0
902925,37.4,27579.46,11484.78,17.4,0.1427,0.1566,0,agência,Nordeste,0.5434,4,0
904120,38.5,49698.69,19429.24,13.7,0.198,0.1932,0,indicação,Sudeste,0.9446,3,0
903724,41.6,44113.2,14849.69,66.5,0.0538,0.0338,0,parceria_varejo,Sudeste,-0.8435,1,0
903362,24.1,37090.5,10984.62,17.4,0.2105,0.2176,0,app,Norte,0.1725,0,0
902846,59.2,29706.76,8790.29,5.4,0.2991,0.2931,1,indicação,Sudeste,-0.0677,1,0
901712,25.8,38025.25,13058.67,,0.3551,0.3554,0,app,Sul,-0.7104,4,0
904227,50.6,32950.79,8850.64,1.0,0.4502,0.5036,0,agência,Nordeste,1.2613,1,0
901806,49.0,37445.67,10528.43,33.6,0.4471,0.4103,0,app,Nordeste,-0.7542,0,0
901824,44.4,,11709.61,2.5,0.3832,0.4034,0,indicação,Sudeste,-0.2885,3,0
900253,34.8,35356.66,6593.43,87.3,0.0135,0.0345,0,indicação,Nordeste,0.4647,4,0
901114,34.6,34388.15,76212.77831421136,37.5,0.6831,0.6716,0,indicação,Nordeste,-0.5507,1,0
903220,21.6,20740.68,6275.38,33.1,0.2212,0.2269,0,agência,Sudeste,0.5034,2,0
902108,18.0,26428.07,11182.55,2.7,0.0411,0.0158,1,app,Sudeste,1.0697,3,0
902396,33.0,15811.28,5889.68,43.9,0.5567,0.5529,0,app,Sul,1.051,3,0
904412,39.2,78583.61,33938.06,5.2,0.4837,0.5021,0,parceria_varejo,Sudeste,-0.7773,3,0
901012,18.9,,20913.85,42.2,0.2413,0.2588,0,agência,Sul,-0.3204,2,0
903460,52.8,84940.3,32323.95,38.9,0.1824,0.1849,1,app,Nordeste,-1.6124,2,0
904475,28.4,72865.25,18175.87,9.3,0.1831,0.1685,2,agência,Sul,-1.0257,2,0
904456,41.1,30822.35,7774.63,50.0,0.1791,0.163,0,indicação,Nordeste,-0.594,2,0
905358,28.0,80602.19,13065.27,1.5,0.4965,0.4878,0,app,Nordeste,-0.4833,3,0
902134,24.1,31624.27,10171.1,1.0,0.3287,0.3523,1,agência,Sudeste,0.8831,1,0
900156,61.9,134312.1,33485.56,44.6,0.1108,0.11,0,agência,Sudeste,0.6106,2,0
900624,39.4,24162.15,7603.09,48.5,0.1651,0.1741,0,agência,Sul,-0.0799,3,0
902616,38.3,56341.81,68614.3106117761,40.7,0.1633,0.1576,0,app,Sudeste,-1.5617,2,0
900500,29.5,41358.34,17248.57,7.3,0.1548,0.1326,0,app,Sul,-1.0948,2,0
900726,38.5,48137.81,8318.26,85.3,0.2112,0.1921,0,agência,Sudeste,0.1879,1,1
903787,44.4,18930.93,6240.47,19.2,0.4356,0.4568,0,agência,Sudeste,0.2911,0,0
903565,56.8,66853.74,11250.26,27.0,0.2634,0.2948,0,agência,Sudeste,-0.0776,4,0
902500,31.7,76298.0,29337.52,82.8,0.2189,0.2013,0,parceria_varejo,Norte,0.4636,1,0
903509,21.6,90041.14,35736.98,60.9,0.4827,0.4598,0,app,Sudeste,2.5046,0,0
902234,52.4,37994.76,15719.4,3.9,0.2654,0.2379,0,agência,Sudeste,0.2724,2,0
900018,25.8,34851.43,7913.71,10.6,0.5893,0.5932,0,agência,Nordeste,0.0359,2,0
902709,32.1,85412.89,29388.75,,0.4419,0.463,2,app,Sudeste,-0.4079,4,0
905975,39.5,61310.81,11002.35,12.0,0.6278,0.6173,0,app,Norte,0.1331,3,0
905798,24.7,35989.25,15217.7,54.1,0.6484,0.6728,0,app,Sudeste,-1.2676,0,0
903229,48.3,102518.17,25726.87,11.8,0.0663,0.1015,1,app,Nordeste,-0.283,2,0
904935,35.8,146080.42,23743.1,133.7,0.335,0.3625,0,app,Sul,-0.8531,2,0
903972,41.8,50982.78,18793.3,79.2,0.3813,0.3759,1,app,Sudeste,0.5482,4,0
904917,40.4,77773.69,25580.56,19.1,0.3805,0.369,0,indicação,Sudeste,-1.8074,4,0
901237,40.8,30657.05,13504.31,53.8,0.0238,0.0326,0,agência,Sul,-0.4851,0,0
900507,41.4,82175.91,33193.53,5.1,0.2677,0.2599,0,agência,Centro-Oeste,-1.0606,2,0
905498,58.3,34918.63,11834.0,14.5,0.2857,0.2932,0,agência,Sul,0.7861,2,0
900088,49.7,67644.0,12022.04,193.2,0.2188,0.2244,0,app,Sudeste,1.2322,3,0
901632,31.4,112102.17,27403.69,38.1,0.1052,0.1021,1,indicação,Sul,0.8944,3,0
904341,26.2,123465.84,37200.08,69.3,0.5707,0.569,0,app,Sudeste,0.0592,2,1
900470,46.6,12837.7,2550.47,16.2,0.194,0.173,0,agência,Sul,1.5341,1,0
903933,37.9,34075.08,12229.33,73.8,0.2125,0.2227,2,agência,Centro-Oeste,0.8384,2,0
902091,45.2,84972.78,13755.58,24.4,0.3299,0.3188,0,agência,Centro-Oeste,-2.2262,2,0
905607,37.9,115419.7,37042.39,27.4,0.3296,0.3003,0,app,Centro-Oeste,-0.2678,0,0
905070,70.3,,7818.41,11.0,0.2999,0.2795,0,app,Sul,0.0266,2,0
901544,30.1,25525.16,8515.15,1.5,0.3698,0.3635,0,agência,Sul,1.624,0,0
900009,48.3,53157.99,9381.81,18.3,0.3502,0.332,0,agência,Sul,-1.6105,1,0
904083,22.0,54047.82,15105.25,74.8,0.5516,0.5576,0,app,Sul,1.3955,4,0
904885,43.5,43555.86,15319.61,86.6,0.4731,0.4857,0,indicação,Nordeste,1.9501,4,0
904429,58.7,50209.67,10726.96,108.5,0.2272,0.2376,0,agência,Sul,0.2946,1,0
901082,33.9,38847.19,7450.75,23.9,0.3053,0.3083,0,indicação,Nordeste,0.8968,1,0
900034,32.7,96170.32,193183.9235119183,22.1,0.2387,0.2477,0,app,Centro-Oeste,1.2551,1,0
901989,54.9,86563.25,37323.31,29.4,0.4587,0.4918,0,app,Nordeste,-0.6095,2,0
905351,38.9,82035.65,22880.45,5.8,0.4782,0.4784,0,agência,Nordeste,-0.0583,3,0
905011,37.8,27218.68,10407.4,73.3,0.2593,0.2616,0,app,Norte,1.249,0,0
900285,30.8,,8763.05,185.2,0.1857,0.1666,0,app,Norte,-1.8624,4,0
905935,31.7,11315.19,3843.37,17.7,0.2708,0.274,2,agência,Sul,-0.8795,2,0
903281,28.8,35917.18,15581.64,56.4,0.352,0.3685,1,parceria_varejo,Sudeste,0.0004,3,0
903118,24.4,37631.5,13463.95,1.8,0.4081,0.4272,0,indicação,Sudeste,1.368,3,0
904391,38.2,84579.03,28590.21,70.0,0.22,0.2082,0,indicação,Sudeste,0.8562,0,0
900481,47.4,17031.71,3194.52,28.7,0.1005,0.0691,1,app,Sudeste,-0.2675,3,0
902617,34.6,59495.14,10824.76,1.0,0.4726,0.4484,0,indicação,Sudeste,-0.8562,2,0
902883,34.9,,24341.85,30.2,0.1342,0.1117,0,indicação,Sudeste,-0.3484,2,0
903540,23.2,63657.86,18565.74,33.3,0.2035,0.1805,1,parceria_varejo,Nordeste,0.4375,4,0
900942,38.4,16652.74,6107.77,21.9,0.3214,0.3295,0,indicação,Norte,1.3875,3,0
900565,43.7,29617.82,10856.74,128.3,0.1035,0.0994,0,app,Norte,0.0788,4,0
905920,37.7,21830.52,4165.01,34.9,0.0158,0.0,0,app,Sul,-2.1445,4,0
903253,40.1,43383.16,7886.85,37.3,0.4083,0.4264,0,app,Sudeste,0.5047,0,1
900104,36.4,56013.16,17252.41,57.1,0.4622,0.4335,0,app,Sul,0.7313,1,0
900188,28.4,72427.44,30134.04,18.7,0.2658,0.2496,0,app,Centro-Oeste,0.6479,2,0
900342,27.7,53500.83,11678.8,33.8,0.0798,0.0426,0,indicação,Sudeste,-0.4647,0,0
901464,39.9,37643.72,14965.36,14.7,0.1609,0.1936,0,app,Sudeste,0.3467,1,0
902140,33.3,44293.74,16547.41,77.5,0.4035,0.3725,0,agência,Centro-Oeste,1.4638,0,0
902826,28.6,78621.87,34900.17,28.6,0.2979,0.2812,0,app,Sudeste,-0.7805,4,0
902270,36.7,49942.94,15157.67,9.6,0.719,0.7104,0,agência,Norte,0.8143,2,0
900599,19.6,44627.78,11466.44,132.1,0.5631,0.5509,1,agência,Norte,-0.2977,1,0
902196,27.0,43579.64,12756.15,3.1,0.2224,0.1932,0,app,Sudeste,-0.2141,0,0
903936,44.6,92443.7,24758.73,13.8,0.2236,0.2459,1,app,Sudeste,-1.1789,2,0
901666,39.6,24349.26,9862.06,34.7,0.1058,0.0964,0,app,Sudeste,0.7415,1,0
900649,41.1,10902.38,21039.294176307925,11.7,0.1665,0.1287,0,indicação,Sul,0.1723,2,0
901941,28.4,64088.52,26590.31,15.2,0.3974,0.4026,0,app,Nordeste,-1.0349,2,0
903548,34.1,55792.88,18485.31,26.9,0.5895,0.6002,0,parceria_varejo,Sudeste,-4.0715,3,0
900667,44.4,81129.07,28425.28,98.4,0.164,0.1898,0,evento_promocional,Sudeste,-0.3417,4,0
901285,48.1,23794.6,4592.17,127.4,0.1613,0.154,0,agência,Centro-Oeste,-1.7656,0,0
904144,42.7,110463.7,24181.7,49.6,0.1638,0.164,1,indicação,Sudeste,-1.397,2,0
905779,47.6,125415.61,39706.67,15.3,0.3862,0.3548,0,app,Sudeste,-0.0929,4,0
900689,34.4,56966.59,16067.43,,0.3194,0.3223,0,app,Nordeste,1.1478,2,0
903631,56.2,34891.28,12338.64,1.0,0.5137,0.4918,0,app,Nordeste,-1.2732,2,0
901119,26.9,104477.8,35583.08,15.5,0.2378,0.2526,2,app,Centro-Oeste,-2.0539,1,0
904453,26.9,94597.38,15688.72,53.6,0.0728,0.1035,0,app,Sudeste,-0.3866,2,0
901670,26.5,35580.11,6795.95,43.4,0.3884,0.4098,0,indicação,Sul,0.4051,3,0
900538,37.8,155469.82,29718.31,50.0,0.1915,0.1894,0,agência,Nordeste,0.9808,0,0
905785,43.2,73979.87,25692.87,10.9,0.5032,0.492,0,evento_promocional,Sudeste,-0.393,0,0
903016,31.2,13445.12,3903.81,13.7,0.1828,0.1976,0,app,Sul,-0.2841,0,0
903434,38.3,,9878.23,12.5,0.3328,0.3605,0,app,Nordeste,-1.5242,3,0
900383,74.0,58027.08,14181.21,46.1,0.0445,0.0607,0,app,Sudeste,0.1704,2,0
901949,23.6,24397.06,6026.03,89.7,0.3364,0.3018,0,app,Nordeste,-0.9573,0,0
903382,47.8,99614.43,32659.16,30.1,0.4471,0.4736,1,parceria_varejo,Nordeste,-0.1003,2,0
903389,31.8,40361.79,8549.21,8.0,0.1709,0.1548,0,agência,Nordeste,1.7831,4,0
901358,33.5,52725.08,10583.77,29.1,0.5292,0.5277,1,agência,Centro-Oeste,1.378,2,0
905719,44.3,41790.2,16466.97,58.6,0.4122,0.4142,0,agência,Sudeste,-1.4081,1,0
901500,28.3,11741.59,4580.42,25.9,0.1605,0.1733,1,agência,Sudeste,2.1941,4,0
901248,36.9,57304.06,24486.83,50.5,0.3995,0.4187,1,parceria_varejo,Sul,-0.0135,1,1
902137,57.7,59483.88,14596.84,93.0,0.3736,0.3567,0,indicação,Sudeste,-1.6043,4,0
901542,50.5,15940.29,3876.66,19.1,0.1889,0.1834,0,app,Sudeste,0.8885,2,0
902749,59.3,109977.56,27294.28,103.2,0.2532,0.2708,0,indicação,Sudeste,1.3832,2,0
902915,43.8,59327.2,20474.03,12.3,0.1439,0.1472,0,app,Sul,-0.1712,0,0
904986,18.0,38020.53,10861.35,11.4,0.185,0.155,1,app,Centro-Oeste,-0.3258,4,0
903994,32.6,15594.39,5986.68,28.5,0.1662,0.1144,0,agência,Sul,0.0961,1,0
904479,40.1,42804.11,15142.66,28.6,0.3584,0.344,0,app,Centro-Oeste,-0.7283,4,0
903626,46.0,70201.92,25681.02,8.8,0.2538,0.2222,2,app,Centro-Oeste,-1.7294,0,0
900296,46.1,48022.37,8885.46,4.5,0.3486,0.3584,0,app,Sudeste,1.3355,0,0
905300,18.0,43642.31,16630.9,60.9,0.1944,0.1788,0,agência,Sudeste,-1.3902,0,0
901123,25.8,56427.51,14891.04,33.9,0.0863,0.0582,0,app,Sul,-1.1466,2,0
905552,32.9,33631.36,6233.73,,0.1669,0.2058,1,agência,Norte,-1.1951,2,0
901786,39.0,41805.96,10363.6,19.2,0.2315,0.2649,1,agência,Sudeste,-0.6304,2,0
905882,46.0,30229.97,13079.26,18.4,0.606,0.5982,1,indicação,Nordeste,-0.9829,0,0
901293,34.9,33029.59,13427.35,16.8,0.1864,0.1742,0,app,Centro-Oeste,0.2107,1,0
905594,23.2,,7937.15,18.7,0.177,0.1463,0,app,Sudeste,-0.346,2,0
903370,39.2,28631.05,11476.51,21.7,0.2735,0.2733,1,app,Sul,-0.278,0,0
900639,59.5,33362.01,9190.98,109.4,0.3784,0.3782,0,app,Sul,-2.1854,0,0
903241,19.8,68376.56,25039.27,23.0,0.2183,0.2185,1,agência,Centro-Oeste,-0.1413,2,0
904695,22.7,102375.8,32563.3,45.2,0.2662,0.2253,0,parceria_varejo,Sudeste,0.5696,0,0
900893,30.6,28165.58,9817.26,,0.3425,0.3452,1,agência,Sudeste,-0.357,3,0
905956,41.5,66061.01,13854.66,32.3,0.031,0.0449,1,indicação,Sudeste,0.2188,0,0
902587,38.1,79651.84,22298.21,2.7,0.2143,0.1783,0,agência,Nordeste,0.2995,3,0
901531,47.4,80516.67,20343.9,,0.2513,0.2611,0,app,Sudeste,-0.7576,3,0
902345,38.4,43629.5,19049.01,47.1,0.1563,0.1213,0,app,Sudeste,-1.9026,4,1
905093,44.1,139452.03,44168.66,94.3,0.1199,0.1435,0,app,Centro-Oeste,0.4805,0,0
901141,25.6,70021.23,29364.54,17.3,0.4833,0.4884,0,parceria_varejo,Nordeste,1.0264,4,0
900233,47.6,30332.11,12616.46,1.0,0.5148,0.5276,1,agência,Sudeste,1.7528,2,0
902636,39.6,37703.55,15718.95,83.6,0.1878,0.1401,0,agência,Nordeste,0.2184,1,0
900271,37.8,,8252.44,15.1,0.0438,0.0434,0,agência,Nordeste,0.9002,3,0
905445,42.8,35644.34,12292.2,2.5,0.0895,0.1027,1,app,Sul,0.4124,4,0
901456,49.9,18836.3,7612.75,129.1,0.3298,0.3031,0,agência,Sudeste,-0.2738,1,0
902364,33.5,46512.23,16800.74,70.9,0.0844,0.1163,0,agência,Nordeste,-1.2076,4,0
903634,39.4,24402.7,10521.69,3.7,0.1289,0.1301,1,app,Centro-Oeste,1.2985,3,1
903269,32.0,165196.46,71222.12,12.7,0.1241,0.1081,0,agência,Sul,0.9793,1,0
905222,49.6,58943.07,24749.88,37.0,0.2216,0.2167,0,app,Nordeste,-0.6243,3,0
901275,45.6,40191.49,9982.58,4.6,0.0515,0.0583,1,app,Centro-Oeste,0.827,1,0
902079,53.9,56324.0,10689.6,5.3,0.4406,0.4669,1,app,Sudeste,-1.1473,0,0
902602,37.2,61317.02,20721.99,125.5,0.3621,0.3645,1,agência,Sul,0.9877,4,0
904368,38.8,38439.69,15358.76,5.3,0.853,0.8601,1,agência,Norte,-0.5697,0,0
901891,28.9,50293.36,22244.0,112.7,0.3019,0.3111,1,agência,Sudeste,-1.7435,4,0
902550,40.7,65441.21,26668.04,100.9,0.0627,0.0397,0,agência,Centro-Oeste,0.1011,4,0
901926,38.6,55134.37,14420.3,,0.1697,0.1746,1,agência,Centro-Oeste,0.8128,1,0
903853,33.9,88289.69,37796.13,8.0,0.2254,0.2299,0,app,Sul,-0.5983,4,0
904773,51.4,18804.43,5612.69,32.2,0.1178,0.132,0,agência,Sudeste,0.7582,0,0
902374,41.2,41676.15,14639.2,1.9,0.1906,0.1662,0,agência,Nordeste,0.7848,2,0
902177,46.2,23071.13,9437.14,27.3,0.3337,0.3321,0,agência,Centro-Oeste,0.0437,1,0
904010,32.0,18938.43,3844.1,6.9,0.0481,0.0863,1,parceria_varejo,Sul,1.7055,0,0
902644,40.3,90900.83,14783.66,14.2,0.571,0.627,0,agência,Sudeste,1.3239,1,0
902172,42.2,59989.86,10420.53,,0.1859,0.2099,0,parceria_varejo,Sul,-0.7349,1,0
901419,31.1,67251.42,26891.99,30.4,0.3759,0.3728,0,app,Norte,-0.2436,4,0
901250,49.1,119014.26,49164.33,6.5,0.4389,0.446,0,agência,Nordeste,1.4181,2,0
900261,36.5,92042.24,38345.74,6.1,0.2421,0.2491,2,app,Centro-Oeste,2.9395,1,1
904276,35.0,32841.5,9331.1,29.2,0.607,0.5555,0,app,Nordeste,0.409,0,0
904509,26.7,69514.93,23949.94,,0.1747,0.2184,1,parceria_varejo,Sudeste,2.0584,4,0
903635,24.5,56752.41,16914.67,121.8,0.2292,0.2394,2,parceria_varejo,Norte,-0.0326,2,0
903601,19.7,43531.23,14101.47,35.7,0.2528,0.2385,0,agência,Sudeste,0.1956,1,0
903580,51.8,97101.23,20336.4,46.2,0.2695,0.2335,1,agência,Sudeste,1.2843,2,0
900440,41.6,120957.45,49918.97,67.2,0.2611,0.2634,0,app,Sul,0.9373,0,0
902543,39.9,33763.42,14496.26,21.4,0.4865,0.4815,0,agência,Norte,0.5675,4,0
905079,37.7,45725.8,7836.61,34.6,0.1107,0.0831,1,agência,Sul,-1.2558,1,0
905423,44.0,84663.76,26856.18,26.3,0.4741,0.4908,0,agência,Nordeste,0.1764,1,0
900619,54.7,44197.37,7159.04,9.5,0.1332,0.1281,0,app,Sudeste,-0.4962,0,0
901288,40.1,,14199.91,10.4,0.2848,0.2871,0,agência,Sul,-1.7905,2,0
903034,57.2,43696.46,16378.54,28.1,0.722,0.7354,0,agência,Sul,-0.3923,4,0
901247,45.7,84181.87,30924.69,14.9,0.45,0.4549,1,agência,Nordeste,0.8641,3,0
900157,49.8,41622.49,16000.53,18.2,0.5326,0.5468,0,app,Centro-Oeste,-0.7739,0,0
904132,48.4,62306.94,27434.59,5.7,0.4443,0.4369,0,app,Norte,-0.4419,3,0
902308,50.7,16980.87,3505.35,26.4,0.067,0.0152,1,app,Sudeste,0.6439,3,0
904639,21.5,29820.92,6765.93,14.1,0.2378,0.23,0,app,Sudeste,-0.083,2,0
901075,25.4,58713.18,20143.37,81.1,0.2996,0.3095,0,agência,Nordeste,0.4851,3,0
902329,46.4,32049.32,5203.74,13.4,0.2446,0.2619,2,app,Centro-Oeste,-1.1447,4,0
905308,58.4,42581.02,11061.92,129.6,0.3166,0.2986,0,app,Nordeste,1.0502,3,0
900252,40.0,,6178.33,1.0,0.2299,0.2239,0,app,Sudeste,0.2893,0,0
904991,37.7,54083.89,18839.16,22.8,0.0916,0.0756,0,app,Sul,-1.0401,0,0
902447,29.4,41828.06,13839.27,31.7,0.0373,0.0,0,agência,Nordeste,-0.3283,1,0
905576,36.2,26580.97,4369.33,37.9,0.5674,0.5921,1,agência,Sudeste,-0.9665,3,0
901165,48.2,141458.79,57238.08,36.6,0.0602,0.0794,1,agência,Norte,0.622,2,0
901520,38.3,47619.69,13870.67,66.9,0.2731,0.2662,0,app,Sudeste,0.3867,2,0
901892,39.0,36711.94,6042.44,21.3,0.079,0.1045,0,agência,Sul,0.824,0,0
904489,34.0,63737.05,25886.84,34.1,0.19,0.1891,2,app,Sul,-0.7799,1,0
902523,38.2,52669.01,14640.31,24.1,0.5374,0.5885,2,agência,Sul,0.8756,2,0
900729,38.5,57097.4,11024.53,16.1,0.437,0.448,0,app,Sudeste,-0.9266,0,0
901213,48.0,32000.89,11404.93,16.2,0.4267,0.4165,0,agência,Sul,-1.8852,4,0
905422,34.1,74454.56,25604.02,21.7,0.2991,0.2867,0,indicação,Sudeste,1.0402,2,0
900173,59.0,92285.95,37804.68,3.0,0.2331,0.2489,0,app,Sudeste,0.5011,0,0
903909,42.3,38994.83,15821.95,22.1,0.2489,0.2511,0,app,Sudeste,-1.2051,0,0
900371,40.9,64945.74,23891.33,19.6,0.1672,0.1641,0,app,Norte,1.2613,4,0
904195,46.4,37269.01,11036.45,50.3,0.2378,0.2779,0,app,Centro-Oeste,0.048,2,0
903039,36.7,25526.71,4271.93,25.3,0.3189,0.3313,1,agência,Sudeste,1.072,1,0
901379,30.8,96116.34,39836.36,26.2,0.1256,0.1617,1,app,Centro-Oeste,-0.3291,1,0
903758,40.0,65441.21,17470.45,83.0,0.224,0.2439,0,indicação,Sudeste,-1.2801,3,0
905479,36.1,18402.88,6538.67,93.1,0.1063,0.1505,0,agência,Sudeste,-0.0919,0,0
903874,49.6,30792.52,4773.79,,0.4693,0.4784,0,agência,Sudeste,-0.2507,3,0
901516,41.9,75719.61,13100.44,5.6,0.3846,0.4013,1,parceria_varejo,Sudeste,0.8549,1,0
901881,47.6,99394.64,36301.82,14.5,0.0297,0.0128,0,agência,Sudeste,-1.2617,2,0
901979,41.3,95489.24,40051.52,,0.2747,0.2446,1,app,Nordeste,-0.4121,1,0
905466,20.8,22316.74,7141.5,24.7,0.3302,0.354,0,app,Sul,0.2519,0,0
903197,45.3,10385.76,2447.05,134.5,0.4067,0.423,0,indicação,Nordeste,-1.5928,1,0
902165,33.2,54439.41,9698.12,51.5,0.0456,0.0442,1,indicação,Sudeste,2.0606,3,0
905420,18.0,43323.46,13041.77,10.8,0.4432,0.4286,0,app,Nordeste,0.6768,1,0
900628,38.2,86704.05,14005.73,56.0,0.5924,0.6171,1,agência,Centro-Oeste,-1.1476,1,0
904662,44.8,48274.93,18716.92,98.5,0.1318,0.101,2,agência,Sudeste,-0.7608,4,0
900410,44.3,72189.28,26752.57,23.3,0.3172,0.3164,0,app,Nordeste,0.5563,3,0
900346,49.2,400972.56,102849.09,3.2,0.3042,0.321,0,agência,Sudeste,-0.0161,0,0
904062,49.7,53315.07,19622.05,27.2,0.5421,0.5077,0,app,Sudeste,-0.3303,0,1
901482,44.4,53778.36,9419.4,114.4,0.6521,0.6288,0,agência,Sudeste,-0.5243,0,0
900883,46.0,16389.73,4845.1,35.2,0.0734,0.0422,2,agência,Centro-Oeste,1.2618,2,0
905020,38.9,106826.07,17878.23,21.9,0.0852,0.0741,0,agência,Sudeste,0.2216,4,0
903910,53.4,33809.9,5264.04,62.3,0.2502,0.2254,0,agência,Sudeste,-0.2867,0,0
901065,47.8,89790.48,36259.25,,0.2511,0.2794,1,app,Sudeste,-1.0296,2,0
902265,32.4,46261.15,12902.8,24.2,0.0186,0.0004,1,agência,Nordeste,1.5488,2,0
905826,30.7,44646.93,7938.52,10.2,0.431,0.4344,0,app,Sudeste,0.1216,1,0
900718,40.2,87395.73,16381.14,63.2,0.0995,0.1135,2,agência,Sul,0.0452,4,0
900906,32.2,62449.7,9633.44,18.5,0.0998,0.0805,0,agência,Sudeste,-1.1297,1,0
901084,47.1,26050.97,50303.27742857658,,0.5754,0.5908,0,app,Nordeste,0.4114,4,1
904523,44.7,42418.98,6435.22,41.3,0.1404,0.1225,0,indicação,Sudeste,-0.9606,0,0
905247,35.4,36738.14,10784.93,85.7,0.2592,0.2543,1,agência,Sul,0.3446,2,0
905781,37.1,43459.7,6916.49,83.3,0.3021,0.2887,0,indicação,Nordeste,0.1627,1,0
901559,30.1,31060.76,6157.76,73.6,0.2824,0.2767,0,indicação,Sul,0.4952,2,0
903296,42.7,30203.32,6708.49,16.1,0.3591,0.3609,0,app,Sul,-0.9761,1,1
902542,44.2,91147.84,36696.57,,0.4627,0.4651,0,indicação,Sudeste,0.4533,3,0
901854,35.3,40938.0,13184.16,20.2,0.3026,0.3242,0,app,Sudeste,0.2358,2,0
905045,36.1,54433.85,24424.25,19.8,0.4083,0.4371,0,agência,Norte,-0.5751,3,0
905008,24.6,59158.01,13168.54,30.5,0.2744,0.2957,0,app,Sul,0.8116,0,0
900345,53.5,55864.23,8803.06,21.5,0.4833,0.4952,1,app,Nordeste,-0.5399,3,0
900771,37.1,23059.13,7305.54,47.7,0.5688,0.564,0,indicação,Sul,0.017,3,0
903697,33.2,69594.49,23049.27,29.8,0.3344,0.3384,1,app,Sudeste,1.0537,2,0
902009,42.6,71342.36,25123.49,10.4,0.2715,0.2724,0,app,Nordeste,-0.3716,4,0
905511,37.1,20061.39,7364.25,21.2,0.0944,0.0692,0,app,Sul,1.4095,2,0
902652,46.6,83417.48,17866.78,17.5,0.2674,0.2545,0,app,Sudeste,0.1722,0,0
900220,43.4,127648.28,19286.6,29.6,0.0916,0.1026,0,agência,Centro-Oeste,-1.0757,1,0
902661,49.4,60274.74,25032.7,44.2,0.5085,0.528,0,agência,Sudeste,-1.7408,0,0
905470,53.5,20205.4,5746.79,4.6,0.0189,0.0202,1,app,Sudeste,0.5483,1,0
902949,27.2,71941.85,11501.16,6.0,0.3887,0.3761,0,app,Sudeste,0.0453,3,0
903239,40.3,38334.3,14036.46,11.5,0.2399,0.2683,0,app,Sudeste,0.4016,2,0
904587,66.4,30917.07,12554.48,12.2,0.0789,0.0975,1,agência,Nordeste,-0.9577,4,0
900792,31.8,123436.79,22146.2,4.8,0.3464,0.3535,1,app,Sudeste,2.1149,4,0
902796,33.1,94347.29,32279.72,6.4,0.2184,0.2275,0,indicação,Sudeste,-0.0769,1,0
902426,31.8,121750.55,42985.96,20.3,0.2652,0.2551,0,parceria_varejo,Sudeste,1.6509,0,0
903503,46.9,29511.24,10742.92,7.3,0.0968,0.1097,1,app,Sul,-0.2411,4,0
901772,34.8,24398.48,8308.34,37.8,0.3511,0.3371,0,parceria_varejo,Sudeste,2.851,2,0
900045,48.6,19160.16,6263.27,23.9,0.2188,0.1934,0,app,Sul,0.2075,2,0
905684,40.1,62566.59,26090.44,66.6,0.1987,0.1615,0,parceria_varejo,Sul,0.0046,3,0
900087,34.7,48751.23,21887.3,65.4,0.0092,0.0,0,agência,Sul,0.177,2,0
901744,42.9,54428.56,16269.53,30.2,0.0634,0.0676,1,parceria_varejo,Nordeste,0.6432,3,0
904570,32.7,67497.88,16141.46,53.5,0.155,0.1671,0,agência,Sudeste,0.9377,2,0
902328,49.7,61301.14,17179.93,6.0,0.2411,0.2245,0,parceria_varejo,Nordeste,0.3011,4,0
900479,24.3,57595.76,16861.0,5.6,0.1779,0.162,0,agência,Sul,-0.6149,0,0
904418,34.3,39963.59,16899.61,35.1,0.0679,0.0592,0,app,Nordeste,-0.4278,1,0
904964,41.1,13865.85,3407.02,3.8,0.2201,0.2515,0,agência,Nordeste,-3.0744,1,0
902839,36.7,65808.14,12512.21,40.2,0.2292,0.1975,0,agência,Nordeste,0.2309,0,0
905274,32.4,83899.1,15461.31,9.5,0.4793,0.4852,0,agência,Sudeste,1.4511,2,0
903157,25.4,65741.02,27851.25,8.8,0.1772,0.1709,2,indicação,Norte,-1.2093,2,0
904013,35.2,92091.88,38635.03,1.7,0.2035,0.2052,0,agência,Sudeste,-0.2897,4,0
903891,56.4,45055.94,18899.15,64.9,0.2298,0.2249,0,indicação,Sudeste,-0.6805,3,0
902940,35.2,16477.77,5564.87,1.0,0.3296,0.3196,0,parceria_varejo,Sudeste,-0.4487,0,0
905231,35.4,27275.34,9658.94,104.0,0.1796,0.2002,1,evento_promocional,Centro-Oeste,-0.7291,1,0
903261,27.3,48726.64,13253.12,67.4,0.2637,0.2316,2,agência,Sudeste,-0.1788,3,0
904540,35.2,84901.69,31335.69,54.6,0.3648,0.3608,0,agência,Nordeste,0.6388,1,0
901505,47.2,30119.83,5655.03,45.1,0.1522,0.1888,0,parceria_varejo,Sul,-0.1714,3,1
903476,53.5,27619.76,4845.25,116.9,0.335,0.3627,0,agência,Sudeste,0.4606,3,0
904734,47.3,45143.2,8261.92,,0.1989,0.1995,1,app,Sul,1.1415,1,0
900811,37.2,87368.77,25359.38,21.8,0.3135,0.3083,1,parceria_varejo,Sul,-0.841,4,0
905985,41.2,48818.12,20154.65,14.4,0.4483,0.45,1,agência,Nordeste,-0.2757,0,0
902279,43.6,48288.98,9824.11,21.1,0.157,0.1328,0,parceria_varejo,Centro-Oeste,-0.0926,1,0
903302,30.6,65923.98,20450.35,,0.3451,0.372,0,agência,Sul,-0.1574,4,0
904838,37.9,50940.59,15195.87,1.4,0.4186,0.4056,0,app,Sudeste,-1.0567,4,0
901284,33.2,40647.84,16968.63,80.0,0.2764,0.2809,1,app,Centro-Oeste,0.1835,2,0
900162,50.4,26721.89,8716.98,9.9,0.1621,0.1879,0,agência,Norte,1.5426,4,0
904141,34.0,18785.06,3091.43,1.3,0.6261,0.6458,0,app,Nordeste,-0.0173,3,0
902104,39.2,,8004.84,30.5,0.3273,0.3419,0,indicação,Nordeste,0.7347,1,0
904136,33.5,32089.36,8623.51,46.3,0.0963,0.1056,1,app,Centro-Oeste,-2.0681,3,0
900985,46.5,44017.48,14193.3,56.5,0.0456,0.0688,0,agência,Sudeste,0.0614,3,0
901069,32.2,47098.14,16925.45,9.6,0.2258,0.2209,0,app,Centro-Oeste,0.7901,0,0
901755,36.1,84641.12,33514.53,1.0,0.5979,0.5745,0,app,Sudeste,-0.7847,4,0
905139,46.1,30811.41,8768.95,,0.0671,0.0267,0,agência,Centro-Oeste,1.2059,3,0
903052,52.3,26179.46,8461.8,,0.5297,0.5548,0,app,Sul,1.2484,4,0
902953,44.6,35387.77,8504.21,71.1,0.4,0.3797,0,app,Sul,0.6784,2,0
904929,37.4,17532.96,3341.58,10.2,0.1659,0.1486,0,agência,Sudeste,0.8514,1,0
904238,29.7,33811.41,7392.84,3.7,0.5013,0.5141,0,app,Sul,0.5321,3,0
904716,31.6,103293.13,28157.21,6.9,0.1574,0.1721,2,agência,Sudeste,0.5394,4,0
902807,42.8,43661.02,17471.6,,0.1254,0.1257,1,indicação,Sudeste,1.9386,3,0
905281,35.4,17785.1,6957.17,250.4,0.0255,0.0274,2,agência,Centro-Oeste,-0.94,2,0
901109,20.4,45667.17,10081.94,45.2,0.2148,0.1831,0,app,Sudeste,0.3432,2,0
904642,33.0,67946.28,28492.25,42.4,0.424,0.4346,0,parceria_varejo,Sudeste,-1.4636,3,0
902190,46.1,56732.6,13023.48,22.7,0.2229,0.238,1,app,Nordeste,-0.7615,3,0
902877,46.0,53085.29,11766.66,58.4,0.3008,0.3114,0,parceria_varejo,Sudeste,-0.7125,0,0
905403,21.1,40696.09,7650.05,73.7,0.1606,0.1411,0,app,Centro-Oeste,1.0347,3,0
904853,37.9,74489.18,20933.38,96.2,0.0265,0.0339,2,indicação,Sudeste,0.4018,4,0
900996,34.4,43993.74,9614.8,,0.0228,0.0287,1,app,Sul,2.0841,4,0
902875,32.9,193945.93,69362.37,16.6,0.4028,0.3926,0,app,Nordeste,-0.7643,2,0
905744,54.0,62483.68,19784.36,8.1,0.3084,0.3262,1,indicação,Nordeste,-2.2913,4,0
905617,56.4,47256.62,10833.16,69.0,0.2002,0.2325,0,agência,Sudeste,1.3315,1,0
905291,45.6,57295.2,15259.75,6.1,0.3159,0.3189,0,parceria_varejo,Sudeste,0.1104,4,0
901698,45.4,29248.95,12589.49,38.9,0.144,0.1279,0,agência,Sudeste,0.5068,1,0
900976,18.0,64790.38,17201.76,9.5,0.1194,0.1271,0,agência,Nordeste,-1.0615,0,0
902294,53.2,46082.39,12342.88,16.9,0.1544,0.1166,0,app,Nordeste,-0.1249,2,0
900892,21.7,50869.5,19365.16,117.7,0.5596,0.5263,0,app,Nordeste,0.4518,3,0
904086,37.4,37856.94,15447.23,,0.1137,0.1161,1,app,Sul,1.8873,3,0
904831,39.2,66845.63,20402.92,36.1,0.3727,0.3633,0,app,Sudeste,0.7565,2,0
904646,50.5,36898.71,10482.17,27.8,0.5992,0.585,0,agência,Sudeste,2.1782,0,1
902154,45.4,,40498.77,16.4,0.1955,0.1973,2,app,Sudeste,1.0231,2,0
901581,45.6,46938.7,10037.64,6.0,0.3577,0.364,1,agência,Centro-Oeste,0.0897,1,0
900135,38.4,46077.28,17824.54,27.2,0.1379,0.1366,2,agência,Centro-Oeste,0.2563,4,0
903101,52.2,63564.85,19402.8,42.0,0.2591,0.2209,0,agência,Sudeste,0.3999,1,0
902472,59.0,46625.64,17840.02,47.8,0.3232,0.3217,0,agência,Sudeste,0.4193,4,0
900384,59.8,25076.7,10930.12,38.6,0.3917,0.3383,1,indicação,Centro-Oeste,0.4389,1,0
902132,26.5,63331.14,12930.16,64.5,0.0534,0.0811,0,app,Norte,0.0763,2,0
902038,24.1,63190.53,20159.35,33.4,0.3172,0.3165,0,app,Norte,-0.5014,4,0
904763,53.6,11114.8,3266.39,47.9,0.4831,0.5076,0,app,Sul,1.1112,3,1
902259,27.4,47625.41,12028.94,13.1,0.2101,0.2009,0,app,Nordeste,-0.2386,0,0
901471,49.4,25569.06,8083.97,22.2,0.2536,0.2264,0,app,Sul,-0.7881,1,0
900658,35.0,41937.18,17050.14,30.8,0.0466,0.0252,0,indicação,Sudeste,-1.1376,0,0
902048,29.9,21513.21,3953.23,32.3,0.3097,0.3127,2,agência,Sudeste,0.8159,4,0
905728,57.4,77826.51,24041.62,,0.1722,0.1746,0,agência,Sudeste,-0.9359,3,0
902235,35.7,48355.96,16757.97,13.9,0.2582,0.2568,0,app,Sudeste,-0.3506,3,0
903755,38.9,28131.27,10350.2,68.6,0.0741,0.0422,2,app,Centro-Oeste,0.2914,3,0
905770,28.7,91282.04,38987.4,19.0,0.6527,0.6617,0,app,Sudeste,0.8102,2,0
902303,47.5,105240.46,28809.71,70.8,0.2408,0.25,0,indicação,Nordeste,-0.4973,1,0
905722,45.7,258112.94,454601.1346625858,1.1,0.6557,0.628,0,agência,Sul,0.8238,0,0
905996,54.6,67133.17,23019.44,112.0,0.2094,0.2367,0,app,Sudeste,-1.3206,4,0
903864,46.5,21778.74,7529.38,,0.3794,0.391,2,app,Nordeste,0.0043,0,0
901298,45.3,21671.05,9098.1,18.0,0.3449,0.3189,0,agência,Sul,-0.4984,2,0
905195,31.5,33238.72,8076.16,,0.2504,0.2453,0,app,Norte,0.3,2,0
900849,66.2,89753.9,27684.04,,0.6459,0.6416,0,indicação,Nordeste,-0.4917,3,0
903267,27.1,30694.98,5722.65,11.9,0.6765,0.6542,0,app,Sudeste,2.1706,0,0
904908,48.5,70876.97,22625.47,50.1,0.4158,0.4401,1,app,Nordeste,-0.8923,4,0
902528,39.9,144577.53,40877.59,6.7,0.2737,0.284,1,agência,Sudeste,0.8212,4,0
903449,32.3,93712.59,32091.65,14.1,0.3335,0.3294,0,agência,Sudeste,0.4691,1,0
904308,36.6,,7240.08,3.1,0.5445,0.5611,0,agência,Sudeste,-0.643,4,0
901946,51.2,50403.88,14484.49,54.0,0.3934,0.4047,1,app,Nordeste,-0.1395,2,0
904571,40.9,54777.72,22919.09,19.7,0.4809,0.4737,0,app,Nordeste,0.5321,3,1
903570,42.8,35059.72,13698.93,7.0,0.5983,0.5981,0,indicação,Sudeste,0.7536,3,0
901785,34.1,23280.85,8000.54,200.3,0.3183,0.3006,3,indicação,Nordeste,0.4889,0,0
905952,41.8,41933.56,8092.62,8.7,0.3012,0.2802,0,agência,Norte,-1.5952,3,0
901922,29.3,85274.01,16605.53,28.2,0.2261,0.2387,1,agência,Sudeste,-0.1765,1,0
905438,41.1,50769.18,7911.86,118.5,0.5214,0.5052,0,agência,Sudeste,2.454,2,0
903692,28.0,37079.82,13446.55,62.7,0.2132,0.2291,0,app,Nordeste,0.0821,2,0
902784,62.3,48475.56,10959.11,17.9,0.4094,0.4258,0,app,Nordeste,-1.6679,0,0
904123,38.9,220596.94,47920.26,11.5,0.4922,0.4879,1,app,Norte,0.3956,3,0
903262,41.6,68485.5,29824.38,1.0,0.078,0.1117,1,indicação,Nordeste,0.7787,1,0
900210,35.9,82025.51,30572.89,13.6,0.1244,0.1532,0,agência,Nordeste,0.7961,2,0
903838,42.1,45756.33,7555.52,29.4,0.3045,0.2873,0,app,Sul,-0.1397,4,0
902730,49.5,34259.04,13814.05,73.2,0.1842,0.1853,0,agência,Sul,0.6851,2,0
903746,25.4,36047.87,7732.94,15.0,0.2629,0.2899,0,app,Norte,0.1888,4,0
902493,29.5,27603.07,9182.21,12.2,0.367,0.3732,0,app,Sudeste,1.1258,4,0
902314,56.0,90417.56,19961.46,31.1,0.1462,0.1484,0,indicação,Sudeste,-0.4462,0,0
904584,44.1,102867.01,31480.33,30.6,0.352,0.3652,0,app,Centro-Oeste,-0.7642,0,0
902571,24.5,46279.08,13812.03,87.7,0.252,0.2538,0,agência,Norte,0.9602,1,0
905169,65.8,111030.43,42213.54,22.8,0.4104,0.4171,0,parceria_varejo,Sudeste,0.881,4,0
903542,58.2,28293.28,9811.82,12.6,0.286,0.2863,0,indicação,Sudeste,0.7977,2,0
901567,55.0,27459.82,6957.99,24.0,0.4707,0.473,1,app,Centro-Oeste,1.3488,4,0
903693,26.0,57753.2,12334.52,6.5,0.1439,0.1481,0,app,Norte,-0.0797,1,0
900646,32.2,38894.69,14337.87,40.5,0.4297,0.4137,0,app,Norte,0.1597,3,0
903037,34.8,9945.91,1831.29,7.1,0.2997,0.3148,1,app,Centro-Oeste,-0.0495,2,0
905456,27.1,117080.44,37166.5,3.5,0.1829,0.1916,0,app,Nordeste,-1.8068,2,0
904304,18.9,78347.31,15504.24,62.5,0.7023,0.7006,1,app,Sudeste,2.0079,3,0
902029,52.9,28430.08,9291.15,1.0,0.2543,0.2778,0,agência,Sudeste,0.3599,2,0
903553,41.2,43689.69,15967.6,42.0,0.2181,0.188,0,app,Sul,-0.3908,4,0
903690,30.1,53313.94,15068.35,9.8,0.1689,0.1265,1,agência,Nordeste,1.9604,4,0
904209,27.6,50700.14,18105.43,63.0,0.4076,0.4128,2,agência,Sudeste,0.8799,4,0
905293,59.1,56765.21,16226.36,26.9,0.2781,0.2622,0,app,Sudeste,-1.1556,2,0
902707,36.6,67255.6,24621.46,62.1,0.3787,0.3809,2,app,Sudeste,-0.1698,4,0
902539,32.0,40108.83,9009.04,9.5,0.3417,0.3514,0,agência,Sul,0.0897,0,0
904376,44.9,20623.97,6174.33,114.8,0.0691,0.0674,0,app,Sul,0.2777,0,0
903174,47.9,137449.03,43093.97,18.4,0.0551,0.0619,0,agência,Centro-Oeste,0.7474,0,0
904220,49.7,,14095.41,12.3,0.2341,0.261,0,indicação,Sul,-1.2212,4,1
905173,31.2,70142.93,20360.68,33.0,0.05,0.0495,0,agência,Norte,-0.3389,1,0
902876,35.8,30037.79,10565.1,9.9,0.4638,0.4637,0,agência,Nordeste,0.27,2,0
901691,39.3,27512.26,8727.24,3.0,0.2642,0.2781,0,app,Sudeste,0.6438,2,0
904399,31.0,49647.02,22195.5,43.1,0.2404,0.2755,0,agência,Norte,-0.5359,4,0
900668,24.8,31549.29,5912.98,4.6,0.5089,0.518,0,agência,Sudeste,-0.0617,0,0
903885,65.0,,14010.33,13.1,0.304,0.3085,0,app,Nordeste,-1.474,3,0
904664,32.4,107508.99,24156.36,19.4,0.4638,0.4674,0,app,Norte,-1.154,4,0
901721,48.3,171263.36,38990.29,69.1,0.5155,0.507,0,app,Nordeste,1.3693,1,0
903650,45.0,39320.78,12607.01,46.9,0.3013,0.2731,0,app,Nordeste,-1.8134,1,0
901282,19.8,59533.87,9973.28,56.6,0.5322,0.5202,1,indicação,Sul,1.2071,0,0
901206,28.6,45762.75,19363.25,30.9,0.2077,0.2223,0,agência,Sudeste,1.9772,3,0
900872,64.8,50725.14,20179.56,4.4,0.0681,0.0893,0,agência,Sul,0.4556,0,0
901475,28.6,64959.48,18912.8,1.7,0.1792,0.1407,0,parceria_varejo,Sul,-0.7108,2,0
900831,45.2,28301.22,5613.58,113.4,0.178,0.18,0,agência,Norte,-0.882,3,0
901273,70.1,44644.35,15410.0,21.4,0.2064,0.1922,1,app,Sudeste,-0.0382,4,0
905233,48.5,41435.69,9856.78,37.8,0.0979,0.1216,0,parceria_varejo,Nordeste,0.7556,0,0
903322,24.6,72458.25,18936.0,4.3,0.1304,0.1528,2,parceria_varejo,Sul,-0.4605,1,0
902106,18.0,31923.32,5620.92,27.2,0.4343,0.4176,1,agência,Sul,-2.1152,0,0
900561,36.8,61940.45,23845.1,29.0,0.3247,0.3285,0,indicação,Sudeste,0.6726,4,0
901132,48.2,24322.27,5707.04,26.1,0.1283,0.1404,0,app,Sul,-0.2461,4,0
903829,40.0,38283.24,12028.46,8.8,0.0404,0.0415,0,parceria_varejo,Sul,-1.2847,3,0
905638,32.7,60769.97,15569.05,31.9,0.1985,0.2144,1,indicação,Sudeste,-1.4761,0,0
905426,50.7,55005.98,18859.04,17.0,0.133,0.1655,0,app,Sudeste,0.3016,1,0
901380,31.2,85588.86,23941.18,20.6,0.2791,0.2985,2,app,Sul,1.6711,2,0
900526,51.6,20621.06,4262.97,,0.1471,0.168,2,indicação,Norte,1.4799,2,0
901465,32.5,54333.44,18454.38,31.8,0.3994,0.4143,0,agência,Centro-Oeste,0.3872,2,0
902842,60.1,136378.69,41673.13,37.3,0.2626,0.2668,1,agência,Sul,1.3325,2,0
902551,51.8,64410.37,25806.51,9.0,0.4986,0.5233,0,indicação,Sudeste,0.1892,3,0
900641,45.6,35010.68,6409.23,47.8,0.0384,0.0288,1,app,Sul,1.1149,2,0
904819,35.4,28065.84,4614.83,1.0,0.0433,0.0432,0,app,Nordeste,-0.5188,3,0
904095,56.1,20088.28,6846.35,64.6,0.313,0.3028,0,app,Centro-Oeste,1.591,1,0
905452,44.7,58038.27,17290.46,49.7,0.3132,0.322,0,indicação,Sudeste,1.8662,2,0
903931,59.3,57038.14,22709.0,28.9,0.1337,0.133,1,indicação,Sudeste,-0.2424,1,0
901813,18.0,105418.12,32022.19,13.9,0.1293,0.1669,1,parceria_varejo,Nordeste,0.3039,2,0
901485,49.3,61193.45,18453.37,85.6,0.2873,0.2753,0,app,Nordeste,0.2476,0,0
901996,58.9,42824.47,9054.85,86.5,0.1381,0.1226,0,app,Centro-Oeste,0.5031,4,0
903875,21.9,53470.75,8161.48,13.8,0.363,0.3627,0,app,Sudeste,-1.3403,0,0
902217,44.4,103242.69,15603.11,65.5,0.3578,0.3559,0,app,Nordeste,-0.0353,0,0
902378,37.1,14894.14,2399.82,48.5,0.4963,0.5004,1,app,Centro-Oeste,-0.6737,0,0
905348,22.0,30955.92,6833.74,30.2,0.3219,0.3354,0,app,Sul,-0.5274,0,0
900325,42.9,69287.56,18371.28,5.3,0.4495,0.458,0,app,Sul,0.2515,3,0
902355,30.8,141462.45,62219.49,,0.4299,0.4028,0,agência,Sudeste,0.7619,4,0
901115,34.4,29891.47,5976.38,1.3,0.1864,0.149,0,agência,Sudeste,0.8761,1,0
902131,45.4,52143.1,16587.63,36.5,0.2229,0.2393,0,app,Sudeste,2.1249,2,0
905534,38.1,164336.29,43304.26,12.4,0.1466,0.1689,0,app,Sul,-0.2402,1,0
905959,38.7,29791.25,9628.15,50.6,0.0594,0.0611,0,agência,Sul,-1.128,1,0
900070,30.9,102357.95,41322.0,17.0,0.4756,0.4956,0,app,Sul,-0.2081,2,0
902194,34.1,92815.91,34278.59,7.7,0.3241,0.306,0,agência,Sul,-0.8334,3,0
901752,38.3,60553.34,24658.32,89.7,0.5288,0.5004,1,app,Nordeste,-0.3895,4,0
903288,53.1,51139.89,11478.82,56.0,0.3915,0.3914,0,parceria_varejo,Sul,-0.5748,4,0
902250,35.9,38734.53,12468.03,15.1,0.1705,0.1841,0,indicação,Sudeste,0.8158,0,0
904005,50.0,39852.81,11646.03,30.7,0.1155,0.1079,0,agência,Sudeste,-1.7314,2,0
904799,36.6,37502.91,6442.81,23.6,0.2188,0.2475,0,indicação,Nordeste,-0.8587,0,0
905513,32.9,70019.42,16958.53,103.9,0.387,0.3488,0,app,Sul,-0.7975,0,0
900834,44.2,19935.99,6402.68,23.0,0.135,0.1253,0,indicação,Sudeste,-0.366,3,0
905816,32.0,30451.86,10157.48,9.5,0.4053,0.4098,0,app,Sul,0.073,3,0
904529,43.3,64822.59,147972.24319460886,72.6,0.3518,0.2966,0,agência,Nordeste,-0.0666,0,0
902586,41.7,31403.64,11330.98,,0.3542,0.3437,1,app,Nordeste,0.9712,2,0
900057,39.4,47857.85,18575.02,57.6,0.2655,0.2257,0,app,Sul,-0.501,4,0
902939,41.2,24984.65,10846.08,5.2,0.1427,0.1545,1,app,Sudeste,0.8217,2,0
904056,33.7,64221.55,24006.86,30.2,0.2583,0.257,1,app,Sudeste,-1.1425,2,0
904860,33.8,50148.45,22129.71,,0.3977,0.3909,1,app,Centro-Oeste,0.5309,1,0
903074,20.8,34043.64,12779.17,50.4,0.3514,0.3633,0,app,Sudeste,-1.8335,2,0
900246,41.5,29198.48,11746.7,8.2,0.4669,0.4714,0,app,Nordeste,0.5185,0,0
905372,36.6,35892.88,9150.12,109.5,0.454,0.4397,0,agência,Sul,-1.0723,3,0
903842,51.2,36415.81,12009.49,136.9,0.2333,0.235,0,agência,Norte,-0.807,0,0
902755,33.6,63256.44,11345.47,18.9,0.218,0.2352,0,app,Sudeste,0.6087,4,0
902211,29.8,58056.18,11035.6,1.2,0.2127,0.217,0,agência,Sudeste,1.4474,2,0
905884,30.3,53728.55,8890.6,10.8,0.2215,0.1984,0,indicação,Norte,-0.0337,3,0
904904,22.4,74466.01,31240.25,11.9,0.4258,0.4505,1,agência,Nordeste,-0.1249,0,0
901974,18.0,42983.55,54324.971272413015,42.6,0.2512,0.2565,1,app,Nordeste,0.4566,2,0
901295,27.0,45454.55,7555.97,,0.0397,0.0629,0,agência,Norte,0.7791,3,0
901965,27.1,60337.42,9231.72,56.6,0.2015,0.1931,0,agência,Nordeste,-1.8836,1,0
904849,40.5,17106.56,6591.47,54.2,0.389,0.3881,0,agência,Sudeste,1.0481,1,0
905647,36.9,38113.08,13073.54,,0.3442,0.3084,0,agência,Nordeste,-0.0805,0,0
900294,47.3,76170.41,19512.12,1.2,0.0998,0.1158,0,parceria_varejo,Sudeste,-0.8744,4,0
902872,33.4,126543.45,33365.05,2.3,0.2312,0.2398,2,app,Sul,-1.3307,1,0
902958,18.3,56716.1,11331.81,19.4,0.3867,0.3979,0,app,Sudeste,0.9526,0,0
905032,55.5,29751.49,9183.12,1.0,0.14,0.157,1,parceria_varejo,Sudeste,-1.4634,2,0
902818,32.5,21290.98,7834.2,8.5,0.0902,0.0898,0,app,Sudeste,0.1764,1,0
904424,46.4,77920.98,17686.34,21.8,0.3087,0.3216,1,parceria_varejo,Sudeste,-0.654,3,0
902026,35.7,,4843.53,90.8,0.1652,0.1346,0,parceria_varejo,Centro-Oeste,0.1155,0,0
905699,40.0,87274.71,34396.22,40.8,0.1916,0.1744,0,indicação,Sudeste,0.6718,1,0
900514,44.1,57286.57,22169.15,41.0,0.527,0.544,0,app,Centro-Oeste,-1.0812,3,0
901678,37.4,27465.85,10825.51,14.1,0.2392,0.2503,3,indicação,Sudeste,0.082,0,0
901011,30.6,49872.75,14470.46,92.3,0.2256,0.1845,0,agência,Sudeste,-0.3911,4,0
904740,48.8,24357.51,4741.57,3.1,0.7372,0.7603,2,app,Sudeste,-0.2752,1,0
902043,52.3,38334.07,7500.3,105.6,0.4366,0.4289,1,app,Centro-Oeste,1.2892,0,0
903941,59.1,34119.88,9281.86,1.6,0.062,0.0309,0,app,Sudeste,0.3871,1,0
905550,29.6,55090.49,16016.93,,0.1563,0.1589,0,indicação,Sudeste,0.0949,2,0
904017,43.8,45858.48,7439.95,35.7,0.239,0.2428,1,evento_promocional,Sudeste,-1.0819,1,0
900406,63.3,38818.19,7797.21,13.1,0.1978,0.1952,1,app,Nordeste,2.3852,2,0
900450,61.0,,16909.44,16.0,0.232,0.2552,1,app,Sudeste,-1.2389,2,0
900032,42.5,24674.53,10690.84,6.1,0.3301,0.3373,1,agência,Nordeste,-0.0065,4,0
902065,33.2,39032.36,11170.71,3.4,0.4392,0.4798,1,app,Norte,0.615,0,0
903605,37.8,65025.98,11871.26,,0.3815,0.4013,0,app,Nordeste,-1.5916,0,0
902478,34.9,31034.66,12018.11,40.3,0.3643,0.3524,0,agência,Nordeste,0.9902,1,0
903490,57.5,22084.58,9068.75,49.1,0.1933,0.2205,2,app,Nordeste,0.4554,2,0
903522,18.0,85501.15,23603.39,15.2,0.3207,0.3307,1,agência,Nordeste,1.1152,1,0
905280,46.7,159679.93,31193.3,,0.3452,0.3239,0,evento_promocional,Sudeste,0.4309,3,0
905718,39.0,47072.68,16179.63,30.5,0.3924,0.3704,0,indicação,Sudeste,0.0249,3,0
903345,58.3,11228.24,3060.14,83.1,0.6002,0.6269,0,indicação,Nordeste,0.0886,4,0
905001,58.5,93356.17,41996.12,3.4,0.3432,0.3493,0,app,Norte,-0.6158,1,0
904337,20.4,46476.59,12738.38,20.6,0.2369,0.2175,2,app,Sudeste,0.8549,1,0
900630,24.1,43619.49,7799.91,16.5,0.2221,0.2839,0,app,Sudeste,-0.9163,1,0
901399,31.1,100139.23,30892.3,37.7,0.2312,0.2094,1,app,Nordeste,-0.4682,3,0
904792,32.6,56447.58,23288.26,9.0,0.257,0.2401,0,agência,Sudeste,-0.6346,3,0
902379,41.9,21742.68,5756.64,4.2,0.6525,0.6642,0,agência,Norte,2.3934,1,0
903485,68.0,29967.87,9813.55,15.8,0.3003,0.325,1,agência,Sudeste,0.3423,2,0
902425,41.7,67589.95,20998.83,141.2,0.2746,0.2748,2,indicação,Centro-Oeste,-0.8404,0,0
902640,29.7,65303.59,17576.73,25.1,0.2065,0.1907,0,agência,Sudeste,-0.4096,0,0
901545,33.8,20111.28,3191.25,12.3,0.6655,0.6962,0,agência,Centro-Oeste,-0.118,3,1
904647,26.9,92915.68,16600.47,94.5,0.262,0.2838,0,app,Sudeste,0.9139,4,0
900633,40.0,58523.22,20597.39,,0.2402,0.2292,1,agência,Sudeste,0.2035,1,0
901458,32.6,102404.77,32123.29,65.4,0.2533,0.2644,0,app,Sudeste,-0.0804,3,0
904110,42.4,44827.64,11761.63,3.5,0.0826,0.0388,0,app,Sul,-1.6873,4,0
905315,35.7,71922.37,14514.36,18.4,0.2492,0.2396,0,agência,Nordeste,0.2298,3,0
902782,50.0,116572.07,40142.95,57.8,0.5118,0.4939,0,agência,Sudeste,-3.4503,4,0
905230,40.3,68663.63,20772.72,,0.5007,0.5216,0,app,Centro-Oeste,0.0565,2,0
903907,39.9,21070.45,5783.64,9.4,0.1882,0.233,0,agência,Centro-Oeste,1.6935,1,0
903065,34.7,59538.96,24389.23,5.2,0.2821,0.2535,0,agência,Norte,-0.5598,4,0
901931,37.5,43787.11,13185.85,28.0,0.0475,0.0638,0,app,Centro-Oeste,-0.0595,1,0
905192,53.1,38067.34,12879.84,230.9,0.0969,0.0869,1,parceria_varejo,Nordeste,-0.3897,2,0
900037,29.5,69262.76,20279.25,89.5,0.2375,0.2255,0,agência,Sudeste,-0.8203,1,0
902090,42.1,11795.25,3475.99,13.0,0.6562,0.6764,0,agência,Centro-Oeste,-0.7993,3,0
902501,27.7,39245.15,12228.29,32.0,0.4839,0.4844,0,app,Centro-Oeste,-0.3377,3,0
900462,35.7,75254.49,20840.9,48.7,0.1395,0.1572,0,agência,Sudeste,0.1849,0,0
902849,50.0,86438.87,19096.35,37.2,0.239,0.2486,0,agência,Sudeste,-0.075,0,0
905639,46.2,111892.55,30429.97,47.5,0.4826,0.446,0,app,Sudeste,-0.7005,1,0
904614,56.3,53690.38,19518.67,12.6,0.5598,0.582,0,agência,Sul,0.8149,4,0
905652,33.0,23738.6,6959.87,2.5,0.1157,0.1365,0,indicação,Centro-Oeste,0.9812,1,0
905137,44.3,26790.28,4675.85,33.4,0.5618,0.5611,0,app,Sudeste,0.0162,3,0
903225,53.5,22180.59,8333.52,85.9,0.4581,0.4669,0,agência,Sul,-0.2895,0,0
902601,40.3,42101.56,13213.6,55.2,0.6385,0.6381,0,agência,Sudeste,0.884,2,1
901765,18.0,15251.7,2520.39,5.5,0.143,0.1314,1,app,Sudeste,-1.1742,1,0
903351,31.9,39715.7,9475.64,48.1,0.598,0.5806,0,indicação,Norte,-1.8982,2,0
901277,32.3,41124.91,11393.43,99.4,0.014,0.0586,0,agência,Sul,-1.5047,4,0
902464,39.5,34094.43,11564.51,40.5,0.1064,0.118,0,indicação,Nordeste,-1.8237,2,0
901361,32.9,28045.47,10739.56,34.1,0.0708,0.0954,0,agência,Sudeste,-0.6104,4,0
905096,36.4,,11630.78,28.4,0.2667,0.2921,0,app,Sul,1.4565,2,0
902481,56.9,42979.26,13572.26,14.6,0.1422,0.098,0,app,Sudeste,2.3746,0,0
903756,36.6,55568.01,21081.91,36.8,0.3939,0.4092,1,indicação,Sul,-0.7149,4,0
900720,34.1,32784.61,13426.77,40.4,0.1809,0.1842,0,indicação,Sul,-0.2219,1,0
900938,38.5,102645.04,17500.15,49.0,0.0685,0.0473,1,app,Centro-Oeste,-0.6672,3,0
900122,20.4,57781.82,15853.12,32.3,0.6383,0.6353,0,indicação,Sudeste,-0.9682,0,0
904854,29.3,80866.7,30181.89,9.8,0.6387,0.621,2,agência,Sul,0.0948,0,0
905727,52.3,27558.27,7161.65,56.8,0.0679,0.0641,0,app,Centro-Oeste,-0.1124,3,0
901850,32.6,34955.19,5392.07,43.5,0.3576,0.3505,0,indicação,Sul,-0.7801,0,0
901853,37.3,25244.15,5870.05,78.3,0.7605,0.7618,0,app,Nordeste,-0.2631,3,0
905152,52.9,50302.11,21171.95,91.1,0.3716,0.357,0,app,Centro-Oeste,-0.6574,4,0
902484,40.4,43121.0,16238.43,47.3,0.2326,0.2316,0,app,Sudeste,0.1296,2,0
905843,33.3,85706.73,13074.37,26.1,0.4696,0.4572,0,indicação,Centro-Oeste,-0.2774,1,0
904574,48.7,81416.59,21508.33,25.6,0.3017,0.338,0,app,Nordeste,-0.1945,0,0
905219,47.3,92603.52,26662.77,12.8,0.3573,0.3587,3,agência,Sudeste,0.1382,3,0
904360,49.4,105503.41,31766.9,31.0,0.2917,0.3186,0,parceria_varejo,Nordeste,-0.5556,4,0
900161,55.6,63180.75,14869.33,65.7,0.4649,0.4806,0,agência,Sul,0.9713,1,0
900576,52.1,103295.96,16671.52,17.6,0.1045,0.0936,0,indicação,Sul,0.7827,0,0
904613,46.4,88569.95,22995.43,31.7,0.35,0.341,2,app,Sudeste,1.0308,1,0
900545,32.6,53686.22,20911.45,1.0,0.5741,0.5932,1,agência,Sudeste,-0.5213,3,0
902285,36.7,155081.81,45114.15,39.9,0.1852,0.2402,0,app,Sudeste,-0.6344,4,0
905392,31.0,41711.94,10009.41,,0.0966,0.1107,1,agência,Sudeste,0.816,4,0
904596,42.8,49214.84,20529.98,66.3,0.2587,0.2664,0,app,Sul,0.5942,3,0
905484,53.4,47524.18,9862.37,26.4,0.1022,0.0697,1,app,Nordeste,-0.2508,2,0
905586,29.6,49290.1,19794.82,2.6,0.1606,0.1048,0,agência,Sudeste,-0.6523,1,0
900263,51.3,48312.44,19666.02,18.6,0.2564,0.2709,0,indicação,Sul,1.0657,4,0
903844,34.8,81298.71,25242.8,60.8,0.1402,0.1481,0,agência,Sudeste,0.5029,4,0
900788,42.7,32574.08,10367.58,78.9,0.3227,0.3425,0,app,Nordeste,0.3616,2,0
901047,52.9,60572.03,26484.37,45.8,0.6061,0.5854,0,app,Sudeste,-0.139,2,0
901902,42.0,99021.35,29393.25,3.9,0.1065,0.1307,2,app,Nordeste,1.8324,4,0
903161,37.4,34532.05,10882.4,30.3,0.1169,0.1232,1,agência,Sudeste,0.5179,1,0
903691,20.4,47779.73,19974.46,63.6,0.2119,0.2421,0,agência,Sudeste,0.8941,1,0
900890,37.7,69364.9,26581.85,71.4,0.1144,0.1172,0,app,Nordeste,-1.0458,0,0
905164,32.0,14269.76,3148.99,79.5,0.3834,0.412,0,agência,Norte,-1.8271,1,0
905854,50.6,29882.52,4669.95,13.2,0.2079,0.1685,0,agência,Centro-Oeste,-1.3286,2,0
901709,31.4,30276.55,12657.58,26.4,0.1303,0.1575,0,app,Nordeste,-1.2385,4,1
902193,49.0,52047.27,21284.01,5.0,0.3049,0.3289,0,parceria_varejo,Sudeste,1.4504,0,0
900118,42.0,43225.97,8529.2,68.5,0.2747,0.2671,2,app,Nordeste,1.2892,4,0
902465,27.6,17743.7,3817.34,,0.3563,0.3593,0,indicação,Sudeste,0.4417,3,0
900847,24.3,20899.19,7077.61,35.6,0.1759,0.1678,1,indicação,Nordeste,0.1462,2,0
902793,25.3,38113.92,8468.3,93.7,0.1353,0.1354,0,agência,Sudeste,-0.5082,3,0
901708,23.8,53527.06,20747.92,59.8,0.2095,0.1983,0,app,Sul,-0.3432,1,0
904389,45.2,178017.5,60558.67,109.0,0.2472,0.2651,0,indicação,Nordeste,-0.4421,1,0
902718,38.6,58357.33,9841.07,14.3,0.2206,0.2286,0,app,Sudeste,-0.8606,3,0
900471,23.7,28220.29,5354.99,4.4,0.4378,0.4625,1,app,Nordeste,0.4578,2,0
905153,34.2,,7002.55,64.3,0.3651,0.3405,1,app,Nordeste,0.4725,4,0
901349,41.8,111854.95,33739.8,104.4,0.0651,0.0652,2,app,Sudeste,1.3357,0,0
902752,51.1,47402.51,15019.92,4.2,0.1462,0.1369,0,parceria_varejo,Nordeste,-1.1889,3,0
904275,35.6,62520.95,12218.42,1.0,0.1664,0.154,0,app,Sul,0.6018,3,0
905548,34.1,77949.02,12384.32,42.4,0.2382,0.2156,0,app,Nordeste,-0.6062,3,0
901410,49.5,134761.51,58921.34,16.5,0.0574,0.067,0,agência,Norte,-0.4896,1,0
905533,43.2,30428.49,11713.05,73.8,0.039,0.0156,1,agência,Sudeste,0.1649,2,0
904457,49.8,73614.28,29408.31,1.7,0.1951,0.2187,0,agência,Sudeste,-1.4181,4,0
901276,27.3,60237.53,25327.1,1.0,0.4541,0.4546,0,app,Sudeste,0.3339,1,0
905263,18.0,150684.13,45008.64,21.5,0.0868,0.0546,0,indicação,Sudeste,0.0521,3,0
902147,23.6,47130.81,19085.1,5.2,0.3091,0.2928,2,app,Sul,-1.5306,3,0
902070,42.6,87491.63,36230.57,5.9,0.3842,0.3911,0,app,Sul,0.7096,3,0
903603,34.5,83129.9,26606.54,36.1,0.6327,0.6213,0,app,Nordeste,-0.2848,3,0
901309,49.0,,11897.06,16.3,0.4658,0.4462,1,parceria_varejo,Sul,0.8166,1,1
900775,34.0,48815.05,18599.86,86.3,0.3343,0.3382,0,agência,Sul,-1.3222,4,0
902178,39.8,81972.09,36163.56,15.4,0.1271,0.1213,1,agência,Nordeste,0.1219,4,0
901480,30.9,49788.5,18125.56,14.3,0.2048,0.2398,2,parceria_varejo,Norte,-0.1,4,0
905666,51.2,25310.43,10726.81,17.6,0.1165,0.0962,0,agência,Sul,-0.8554,3,0
903130,43.8,28732.68,5285.13,52.9,0.0824,0.0588,0,agência,Nordeste,-0.7189,3,0
903407,44.6,35270.46,7614.7,145.7,0.1637,0.1773,0,parceria_varejo,Sudeste,0.0064,4,0
905056,35.7,51013.12,22858.3,82.0,0.4044,0.4062,0,agência,Sul,0.0346,0,0
904741,45.1,36210.02,11706.68,19.2,0.728,0.6931,2,app,Sul,0.1966,1,1
905002,41.1,61216.71,19064.31,45.2,0.1174,0.128,0,agência,Norte,0.5502,1,0
900569,31.3,43150.51,14244.93,41.0,0.289,0.2909,1,indicação,Norte,1.5654,3,0
901509,36.0,36589.96,15331.63,30.9,0.3768,0.3751,0,app,Nordeste,-0.1059,0,0
900022,34.1,38837.32,7037.09,11.2,0.4319,0.4303,0,agência,Nordeste,-1.8683,1,0
905616,62.9,23898.38,7939.93,8.6,0.1914,0.1817,0,indicação,Norte,1.744,3,0
904889,40.4,,13339.67,64.7,0.5071,0.4752,1,app,Sudeste,0.606,2,1
902975,43.1,55897.38,9473.25,8.4,0.2354,0.2536,0,agência,Sul,-0.2064,4,0
904602,28.9,112611.79,49945.58,4.5,0.1072,0.0923,0,app,Sul,0.5299,4,0
905370,30.9,67029.61,24726.28,35.5,0.2647,0.2795,1,agência,Nordeste,1.3486,2,0
901406,45.0,125206.74,40008.98,38.2,0.1904,0.1686,0,app,Sudeste,-0.1357,4,0
901491,45.4,32306.43,7013.88,11.4,0.3505,0.3653,1,agência,Sul,-1.3288,4,0
904607,37.7,27993.86,12133.83,110.8,0.1815,0.2028,1,app,Sudeste,1.3346,0,0
904811,38.3,36528.59,15658.17,,0.2782,0.2967,0,parceria_varejo,Norte,-1.2315,2,0
901658,38.5,87822.85,23943.32,48.8,0.0763,0.0862,0,evento_promocional,Norte,-0.408,2,0
904416,35.1,50458.09,9177.33,34.1,0.1773,0.1517,0,agência,Sul,0.5578,1,0
902457,36.1,36445.09,14360.89,28.3,0.1616,0.1919,0,agência,Sul,0.0152,0,0
905992,56.2,34806.53,13924.63,28.6,0.1641,0.1471,0,app,Sudeste,-0.2548,0,0
902840,26.6,26487.95,5439.6,98.9,0.4181,0.4047,1,agência,Nordeste,0.2006,2,0
902325,54.5,64652.31,17826.17,1.1,0.5133,0.5211,0,app,Nordeste,1.5528,3,0
905262,41.9,32631.37,6754.93,70.1,0.2891,0.299,0,agência,Sul,0.6448,4,0
903038,58.8,,8689.35,66.6,0.3044,0.2737,1,indicação,Centro-Oeste,0.544,4,0
902216,25.8,66141.03,17673.88,20.5,0.1479,0.1248,1,agência,Centro-Oeste,-0.7518,3,0
903092,25.4,66601.0,28204.04,30.5,0.6595,0.6548,0,agência,Norte,-0.1237,3,0
900581,54.4,31328.92,11870.76,10.2,0.2647,0.2785,0,indicação,Sudeste,-0.724,2,0
905499,46.2,81872.5,13827.86,5.2,0.3851,0.3733,1,indicação,Sudeste,0.416,4,0
900844,43.4,85182.97,34396.9,98.2,0.6097,0.5814,0,app,Sul,-0.3653,4,0
905058,30.6,46041.71,15844.09,32.5,0.2375,0.2542,1,indicação,Sudeste,0.6637,2,0
905867,44.9,31403.14,13450.04,1.6,0.207,0.2482,1,app,Sul,1.2884,2,0
903176,29.5,,19641.97,102.0,0.1291,0.1105,0,app,Sudeste,0.3086,1,0
905235,48.3,108956.58,173878.70604609282,36.1,0.1581,0.1582,1,parceria_varejo,Sul,-1.3805,0,0
900468,36.1,38941.21,10963.93,52.8,0.0458,0.0503,0,agência,Nordeste,-0.1355,0,0
904033,45.3,83469.32,27416.13,34.0,0.3074,0.3098,1,agência,Sudeste,-2.5231,1,0
903985,60.3,,17454.96,86.3,0.2392,0.2307,1,indicação,Sul,-0.0435,3,0
901839,39.2,98451.61,33562.9,89.7,0.2678,0.2765,1,parceria_varejo,Nordeste,-0.2289,4,0
903035,48.0,90197.55,19753.73,4.8,0.3674,0.3775,0,app,Sul,0.4502,1,0
905808,56.3,,7259.1,45.5,0.3852,0.3884,0,app,Sudeste,-2.0674,4,0
905197,68.9,45874.94,14998.41,49.5,0.2367,0.2696,1,agência,Nordeste,1.1043,4,0
905569,49.8,56478.84,9479.16,18.6,0.5029,0.5008,0,agência,Sudeste,-0.4554,4,0
901683,49.3,39054.09,9924.88,6.0,0.3239,0.2823,1,app,Sudeste,-0.8305,1,0
903461,36.5,37165.55,7425.74,11.6,0.0492,0.0353,0,indicação,Sudeste,-1.0346,2,0
903209,34.1,128647.74,27429.7,14.1,0.4422,0.4318,0,agência,Sudeste,0.0154,3,0
903365,36.5,47949.58,9547.15,27.0,0.0563,0.0779,0,parceria_varejo,Sul,0.681,4,0
901089,38.4,56872.32,12582.51,19.8,0.5107,0.5427,0,app,Centro-Oeste,-0.4089,2,0
902443,32.9,36503.77,13278.12,14.4,0.1244,0.1317,0,agência,Norte,0.6659,3,0
903471,39.7,48014.87,15864.63,,0.4269,0.45,0,indicação,Sul,0.6804,1,0
903566,28.5,42663.55,7656.14,84.6,0.3127,0.3198,0,app,Sul,0.7171,0,0
902527,37.3,41856.2,10469.9,145.3,0.1569,0.1661,0,agência,Sul,-0.1332,3,0
901279,47.0,58339.82,22756.13,58.9,0.2469,0.2515,0,app,Sudeste,0.3627,1,0
905972,41.1,61260.96,26709.04,40.1,0.1302,0.1264,0,parceria_varejo,Sul,0.0273,1,0
904101,56.2,54288.52,15048.43,39.8,0.3765,0.3462,0,app,Centro-Oeste,0.0559,0,0
904094,54.6,77113.05,32051.46,47.2,0.2467,0.2358,0,app,Centro-Oeste,-0.9097,3,0
903350,36.4,51638.67,10997.13,1.5,0.3989,0.3811,0,agência,Norte,-1.1515,0,0
904447,21.8,53234.2,22201.57,22.8,0.603,0.5973,0,agência,Centro-Oeste,0.5908,3,0
904683,31.1,41158.97,6542.11,55.5,0.3314,0.3204,0,indicação,Nordeste,-2.1688,2,0
902340,37.1,35863.25,12818.29,69.1,0.1558,0.1456,0,indicação,Sudeste,0.1326,4,0
904385,34.1,42495.07,13569.33,7.6,0.2714,0.2946,0,parceria_varejo,Sudeste,-0.5688,3,0
902604,57.8,21277.52,8620.52,19.9,0.2222,0.1961,0,agência,Norte,-0.2536,1,0
902013,38.9,31686.35,8101.89,52.8,0.2061,0.2326,0,agência,Sul,-1.0156,1,0
902164,42.2,68958.08,23696.85,1.0,0.0723,0.0611,0,agência,Sudeste,-0.5446,4,0
903975,38.6,80821.77,30434.92,2.3,0.2952,0.2777,0,agência,Nordeste,0.5422,2,0
905626,67.2,88297.44,26720.62,1.0,0.5851,0.5914,0,indicação,Sudeste,0.1225,1,0
902894,35.4,72771.15,17921.43,7.4,0.3475,0.3406,1,agência,Nordeste,-1.0168,1,0
905528,49.0,33908.3,8577.67,69.5,0.3036,0.3043,0,app,Sul,0.8643,4,0
901274,36.3,38781.85,6218.47,18.3,0.2838,0.3307,0,app,Centro-Oeste,-0.4053,3,0
904670,34.7,63858.27,12439.39,33.2,0.1163,0.1187,2,agência,Sudeste,0.7699,0,0
901951,44.7,48147.28,21381.02,54.9,0.2827,0.2944,1,app,Nordeste,0.3183,2,1
902724,37.8,108455.03,31780.07,87.5,0.1225,0.1245,0,agência,Sudeste,-0.5985,2,1
901753,30.3,38821.35,11930.67,25.0,0.0811,0.1235,2,agência,Sul,0.7117,4,0
901499,26.9,65384.67,20772.8,4.3,0.3566,0.3449,0,app,Sul,0.8108,3,0
901761,43.8,37089.11,16498.09,17.0,0.1293,0.1025,0,indicação,Nordeste,0.8586,0,0
904805,51.6,32265.21,7500.74,25.9,0.3679,0.3662,1,app,Sul,-0.9806,0,0
902857,42.9,27856.78,4370.3,14.1,0.3515,0.347,1,parceria_varejo,Sudeste,-0.6909,3,0
904537,30.5,63300.04,10594.11,15.1,0.2992,0.2842,0,app,Nordeste,0.1757,0,0
901649,49.8,24810.67,6679.16,86.9,0.2799,0.283,1,indicação,Sul,-1.842,2,0
902804,58.1,23179.96,8738.64,,0.2886,0.2833,0,agência,Centro-Oeste,0.331,4,0
901265,28.3,27856.42,7907.05,71.6,0.5349,0.5178,1,app,Norte,-1.3501,2,0
905204,45.9,43655.36,18551.76,36.6,0.1452,0.1341,0,agência,Sudeste,0.9188,4,0
901636,46.1,28905.71,6246.44,100.4,0.5474,0.5523,0,app,Sudeste,1.3866,1,0
902214,57.6,37243.19,14931.63,7.0,0.3255,0.3309,0,agência,Sudeste,0.4555,2,0
905287,57.5,66483.86,16966.86,4.1,0.0456,0.0235,0,app,Sul,-0.0158,0,1
903646,33.5,51516.04,13371.69,17.0,0.677,0.6575,0,agência,Nordeste,-2.5261,2,1
904994,53.0,124710.98,19664.25,13.2,0.358,0.3437,0,app,Sudeste,-0.7731,0,0
903585,46.4,47349.6,19255.96,35.6,0.3235,0.3098,0,agência,Centro-Oeste,0.5523,3,0
900230,45.2,67484.51,26641.27,48.1,0.62,0.6076,0,indicação,Centro-Oeste,-0.2174,4,0
901389,65.4,,18373.95,,0.2598,0.2643,0,app,Sudeste,-0.0094,2,0
905900,18.0,39372.9,11505.12,23.8,0.176,0.158,0,app,Sul,-0.4803,2,0
903033,53.9,34162.28,7925.47,22.7,0.5214,0.5359,0,app,Nordeste,-0.763,3,0
905549,27.1,,16842.39,102.2,0.188,0.1597,0,app,Norte,1.0241,1,0
901470,58.0,41138.16,10753.15,31.5,0.1381,0.1452,1,agência,Sudeste,-1.2727,2,0
905700,32.1,103002.33,17381.94,2.7,0.503,0.489,1,agência,Sudeste,1.6656,1,0
905723,49.3,45261.36,9638.42,32.8,0.1593,0.1649,0,parceria_varejo,Nordeste,-0.802,4,0
901665,42.2,71126.75,30731.59,28.2,0.3736,0.3603,0,app,Sul,-0.8088,3,0
904872,32.1,27068.02,8511.46,38.1,0.5723,0.5564,0,agência,Norte,0.6415,1,0
905815,63.5,,16325.45,3.5,0.2069,0.1771,0,agência,Centro-Oeste,-0.4411,1,0
900760,49.3,70630.87,26096.73,15.6,0.1139,0.0974,0,app,Centro-Oeste,-0.2929,2,0
902838,29.9,48539.98,9589.23,26.7,0.6666,0.6817,1,indicação,Sul,0.0144,0,0
905419,25.7,28580.25,7127.9,45.7,0.2119,0.2075,0,indicação,Centro-Oeste,-0.7786,1,1
903169,30.7,43943.35,13601.19,68.5,0.1318,0.1318,1,parceria_varejo,Nordeste,1.2813,0,0
902284,51.9,37849.31,14076.01,102.4,0.2278,0.235,0,app,Sudeste,0.602,3,0
903657,36.8,50194.4,14386.57,3.4,0.1094,0.0936,1,agência,Sul,-0.6354,4,0
904628,38.7,88255.64,38317.67,13.9,0.391,0.4031,0,app,Sudeste,-0.165,1,0
901368,28.1,23415.4,7726.36,53.8,0.0362,0.0422,0,indicação,Sudeste,0.0082,1,0
905527,39.7,38322.65,6627.32,43.4,0.149,0.1438,0,agência,Sudeste,-0.4339,0,0
903071,35.3,40809.82,13761.86,66.8,0.3126,0.3504,0,parceria_varejo,Centro-Oeste,0.1212,1,0
901489,58.1,104850.89,17258.53,60.4,0.3028,0.3676,0,app,Centro-Oeste,1.6511,4,0
903297,53.0,29060.4,5646.9,20.5,0.0849,0.0808,0,agência,Sudeste,-0.6615,4,0
903582,42.7,50175.12,15536.22,97.2,0.3563,0.3439,0,indicação,Sul,0.1638,1,0
901852,45.6,62271.13,21374.65,23.9,0.7114,0.7152,1,agência,Norte,0.226,3,1
905121,67.2,26145.79,5741.26,11.0,0.5998,0.6197,0,app,Norte,0.6159,4,1
900648,36.8,19714.02,7045.97,2.6,0.2393,0.2508,0,agência,Nordeste,0.0653,4,0
900995,28.0,97277.91,38805.69,42.2,0.0527,0.0496,2,agência,Sudeste,0.1734,2,0
904887,43.6,59276.27,18766.27,9.9,0.2099,0.2105,0,agência,Nordeste,0.2393,4,0
905509,31.7,39338.5,10596.64,70.7,0.0346,0.0151,0,agência,Sudeste,0.5488,4,0
901972,42.3,42896.75,8030.03,70.0,0.4746,0.4841,0,agência,Sudeste,-1.3024,2,0
901118,36.7,30574.02,6632.66,14.7,0.4878,0.474,0,parceria_varejo,Sul,-0.3917,1,0
904070,34.4,41631.01,8725.72,7.0,0.3451,0.3534,1,app,Sudeste,-1.3693,0,0
901432,37.8,30558.37,10193.9,24.0,0.218,0.2009,0,indicação,Centro-Oeste,-1.3528,4,0
901240,30.0,22651.99,9932.05,,0.2397,0.2363,0,agência,Sudeste,-0.4321,3,0
905679,39.9,28384.73,5142.92,69.6,0.4068,0.3954,0,app,Nordeste,-2.8451,3,0
904676,61.6,37336.44,16322.14,92.3,0.5251,0.5423,0,agência,Centro-Oeste,-0.2383,1,0
905175,24.0,123069.44,30583.01,51.2,0.3128,0.2972,0,indicação,Sudeste,-1.1825,1,0
901803,43.3,74787.77,20664.72,12.8,0.6168,0.6324,1,indicação,Nordeste,-0.3078,3,0
903578,40.1,26570.36,10589.55,15.1,0.2478,0.2583,0,agência,Nordeste,0.0406,3,0
902388,24.8,66545.99,11577.58,12.1,0.0518,0.0305,0,app,Centro-Oeste,-0.7186,2,0
901791,43.0,48575.21,21156.19,8.4,0.353,0.3755,2,indicação,Sul,1.0536,0,0
903149,35.1,37645.36,10915.81,47.1,0.1855,0.2138,1,agência,Centro-Oeste,1.09,2,0
900900,47.0,25835.63,4633.87,16.7,0.028,0.0318,0,agência,Sul,-0.1887,2,0
905743,48.6,103822.63,25877.17,36.2,0.4915,0.4858,0,agência,Sul,0.2234,0,0
905147,59.5,29973.17,4993.63,13.6,0.6361,0.625,0,indicação,Sudeste,2.0659,2,0
904328,33.0,37142.64,9028.74,4.9,0.1865,0.172,0,app,Sul,0.7553,1,0
902743,57.2,27356.59,37798.77903299402,2.9,0.329,0.3229,0,agência,Sul,1.6243,4,0
903641,43.0,96966.72,18968.57,42.1,0.4349,0.4266,0,app,Nordeste,-0.3505,1,0
904956,19.7,76345.55,30474.27,39.5,0.0907,0.0882,1,agência,Nordeste,-0.8921,4,0
901800,40.9,15343.73,3229.63,89.7,0.2195,0.1996,0,agência,Sudeste,-0.5762,4,0
902401,39.4,,16537.54,19.8,0.2058,0.1712,0,agência,Sul,-0.7848,3,0
901478,44.3,32976.82,9540.21,36.5,0.0754,0.0414,0,app,Nordeste,0.1744,1,0
903391,40.1,134573.84,52336.1,8.1,0.0388,0.0535,0,evento_promocional,Nordeste,-2.1716,3,0
905366,34.8,85941.46,13287.81,24.7,0.3843,0.3757,0,agência,Sul,-1.1084,3,0
900498,50.6,30360.47,8551.12,63.0,0.0918,0.0828,1,agência,Sul,-0.0233,1,0
903315,39.9,25373.6,7955.83,73.5,0.1415,0.106,0,parceria_varejo,Norte,-1.1599,2,0
901104,31.8,22231.42,9679.97,3.7,0.3162,0.2948,0,indicação,Nordeste,-0.8624,3,0
901942,33.9,25568.9,5668.38,9.3,0.0151,0.0458,0,app,Sudeste,-1.9052,0,0
903950,54.8,27685.46,9313.28,1.4,0.3396,0.3569,0,agência,Nordeste,-0.0867,0,0
900023,41.8,14186.07,2856.95,121.4,0.2105,0.1926,1,agência,Nordeste,-0.4612,4,0
902049,19.1,23634.03,4124.85,7.9,0.6035,0.5763,2,app,Nordeste,0.3982,3,1
904450,22.8,52592.32,10284.44,2.2,0.467,0.4505,0,agência,Nordeste,1.1469,1,0
904137,48.6,40402.07,11053.55,62.5,0.4541,0.4363,1,indicação,Sudeste,0.8965,4,0
900708,34.1,40723.62,18097.87,37.6,0.3049,0.3036,1,parceria_varejo,Sudeste,0.7199,0,0
900983,45.4,37760.44,10365.64,15.6,0.383,0.3771,0,indicação,Nordeste,0.8664,4,0
901497,32.5,82277.91,29111.07,55.0,0.2533,0.2337,0,evento_promocional,Sudeste,1.3463,1,0
905563,40.5,53773.04,10604.85,8.0,0.4115,0.4221,1,parceria_varejo,Nordeste,1.0096,3,0
905352,56.1,80668.95,14057.76,1.0,0.1743,0.1958,0,indicação,Sudeste,1.1811,0,0
903595,68.7,49879.42,12671.84,51.4,0.2106,0.2099,0,app,Norte,-1.3375,0,0
902974,42.6,57137.32,12105.25,,0.2521,0.2785,0,agência,Sudeste,-0.8193,1,0
903099,42.3,41405.21,9225.28,8.6,0.2638,0.2198,0,indicação,Sudeste,-0.3128,2,0
905033,45.3,66774.99,28789.11,8.5,0.3407,0.3368,1,app,Sul,-0.0591,1,0
903447,36.0,26915.97,10878.55,48.6,0.3338,0.3443,0,app,Sul,-0.2859,2,0
903354,48.2,75873.93,22412.95,33.2,0.2,0.2224,0,parceria_varejo,Sul,-0.6721,2,0
902381,50.9,44850.97,10197.63,5.1,0.6876,0.6814,1,app,Nordeste,-1.042,4,0
905705,38.3,45887.07,19101.83,43.1,0.1685,0.1694,1,agência,Centro-Oeste,-0.5225,3,0
903111,48.4,53073.34,16684.82,20.2,0.5121,0.5054,0,parceria_varejo,Nordeste,-0.7356,3,0
904549,25.9,72109.85,12086.19,48.4,0.3318,0.3467,0,agência,Sul,1.125,1,0
901338,47.2,51496.59,14535.35,61.7,0.1161,0.0991,0,evento_promocional,Nordeste,-1.0738,3,0
901738,35.1,66840.99,10625.11,22.8,0.145,0.1462,0,agência,Sul,1.4177,0,0
903672,48.5,,14657.85,18.5,0.4746,0.4771,1,parceria_varejo,Sudeste,-0.1524,4,0
903656,21.3,21954.17,6885.49,14.0,0.3282,0.3299,0,agência,Nordeste,1.1443,4,0
900927,52.3,120821.65,36245.74,,0.1986,0.2159,0,evento_promocional,Nordeste,0.7768,0,0
905213,37.3,21529.39,4738.72,31.9,0.0839,0.0778,0,app,Centro-Oeste,-0.5803,1,0
904440,59.2,19658.88,3435.61,30.2,0.6159,0.6164,0,agência,Sudeste,0.1716,2,0
901490,51.2,113618.78,29681.45,,0.2049,0.204,1,agência,Nordeste,-1.2459,0,0
900868,51.4,37352.83,11352.19,2.3,0.1094,0.1499,0,indicação,Norte,1.2088,4,0
903523,53.9,111991.03,19679.99,,0.038,0.0162,0,agência,Norte,0.3633,1,0
903927,31.9,48682.85,8324.33,4.2,0.057,0.0608,0,agência,Sul,0.6839,3,0
900803,50.7,24493.48,4612.72,3.6,0.188,0.1819,1,app,Nordeste,1.041,0,0
900536,29.5,39579.53,9645.96,8.2,0.1554,0.1847,1,app,Centro-Oeste,-1.6941,2,0
904480,59.9,41955.4,11513.11,11.3,0.0675,0.0712,0,app,Sudeste,1.2941,1,0
903160,50.4,103829.23,20766.76,11.6,0.2555,0.231,1,app,Sudeste,-1.3476,1,0
904925,26.2,58571.47,10578.27,6.8,0.2067,0.2575,0,agência,Nordeste,0.022,2,0
900774,40.0,59999.88,18910.6,8.4,0.0377,0.0299,0,agência,Sudeste,1.6097,1,0
902959,18.0,126064.22,39096.75,1.0,0.1459,0.1436,1,app,Sudeste,0.6133,4,0
904871,58.8,27487.42,6989.27,348.4,0.2438,0.2181,0,indicação,Nordeste,-1.6144,1,0
901239,37.5,47964.82,19333.61,23.7,0.193,0.2089,1,agência,Sudeste,1.068,4,0
901960,26.4,60145.45,11893.05,40.1,0.0809,0.0963,0,agência,Nordeste,0.0227,2,0
903507,35.3,131899.29,55616.72,1.5,0.0697,0.0489,0,agência,Sudeste,-1.281,1,0
901474,34.5,116607.63,24347.54,69.1,0.0363,0.0191,0,parceria_varejo,Sudeste,-0.6395,4,0
900390,44.5,67148.4,19972.96,6.2,0.1001,0.0838,1,parceria_varejo,Sudeste,2.8831,3,0
900787,36.7,52018.48,22777.12,83.7,0.4884,0.493,0,app,Sudeste,-0.0215,4,0
905211,35.9,107522.77,42166.96,6.5,0.313,0.3151,1,app,Sudeste,0.3144,4,0
905288,50.1,23980.16,6326.5,27.6,0.2282,0.2166,0,indicação,Nordeste,-1.9604,1,0
900638,44.2,30983.61,12367.23,24.5,0.1669,0.1477,0,agência,Nordeste,2.8646,4,0
903088,43.1,189931.81,56442.44,33.7,0.3317,0.3545,0,agência,Sudeste,-0.0547,4,0
900185,42.0,105302.09,33081.78,11.3,0.1307,0.0979,0,parceria_varejo,Nordeste,1.8119,1,0
904443,22.1,41069.88,9547.97,23.7,0.2704,0.2732,0,agência,Nordeste,0.5515,1,0
905252,35.9,67573.04,12568.84,2.2,0.1134,0.1237,0,agência,Nordeste,-0.4396,1,0
903173,55.3,33621.28,12103.8,46.1,0.2252,0.2121,0,app,Sudeste,-1.1044,0,0
900680,33.7,94812.72,17294.26,12.2,0.4974,0.4836,0,agência,Sudeste,-0.3619,4,0
902377,45.6,28762.9,8949.29,116.4,0.0752,0.0696,1,agência,Sudeste,-0.3588,4,0
904878,36.5,50736.04,21215.79,56.2,0.332,0.3281,0,app,Sudeste,-1.0113,4,0
902306,47.5,45096.28,10496.23,29.0,0.1395,0.1522,1,app,Sul,-1.2431,3,0
902230,18.0,42256.67,12543.21,1.0,0.1798,0.1938,1,agência,Sul,0.1086,0,0
900485,47.8,25886.68,40420.390777733584,51.8,0.1596,0.1845,0,agência,Sul,-1.2536,1,0
904626,46.0,83404.06,34822.41,26.3,0.1958,0.2018,0,agência,Norte,2.11,1,0
904322,48.1,72162.5,32398.28,1.4,0.5588,0.5714,0,app,Sudeste,-0.2617,0,0
901814,38.5,22039.67,3879.28,31.6,0.7703,0.7694,0,parceria_varejo,Sudeste,-1.4514,1,0
902533,47.8,113796.77,26443.0,16.7,0.2067,0.1742,0,agência,Nordeste,0.5473,4,0
904088,35.4,50927.83,8561.11,15.4,0.5154,0.5232,0,app,Sudeste,1.0767,1,0
900904,30.7,53255.45,18487.79,27.7,0.1106,0.1056,0,indicação,Sul,-0.7465,0,0
902635,46.6,46391.15,20514.68,11.3,0.4544,0.4617,0,indicação,Centro-Oeste,-1.8479,3,0
903119,31.7,29306.79,7303.73,6.8,0.3317,0.3106,0,indicação,Norte,1.9231,2,0
900053,54.7,37337.78,14431.23,77.5,0.3595,0.3535,1,app,Sul,0.4499,1,0
901266,43.5,44593.31,6853.15,69.0,0.1594,0.161,0,parceria_varejo,Centro-Oeste,0.4201,4,0
903714,40.1,24533.78,5237.3,43.8,0.4071,0.3935,1,agência,Sudeste,1.5486,0,0
903944,31.8,35126.59,5740.31,17.6,0.3479,0.3506,0,agência,Sul,-0.0961,2,0
902255,45.1,38822.91,17167.55,23.0,0.0632,0.0644,0,parceria_varejo,Nordeste,0.1898,3,0
901420,20.8,40754.44,18087.5,7.0,0.0896,0.0877,0,indicação,Centro-Oeste,2.2827,0,0
901919,26.7,89179.73,16406.36,30.2,0.4428,0.4181,1,app,Norte,0.008,2,0
904944,39.1,,12574.17,76.3,0.3806,0.3645,1,app,Nordeste,-1.5721,4,0
905612,37.3,60505.89,16923.38,36.5,0.0705,0.0898,1,app,Sudeste,-0.6536,3,0
904428,51.3,23166.27,5627.97,160.6,0.1314,0.1245,0,indicação,Sudeste,-0.7557,4,0
900553,40.1,99026.56,31390.6,,0.352,0.3777,0,app,Sul,0.5003,1,0
905013,34.1,33049.8,12028.87,27.6,0.4495,0.4519,1,app,Nordeste,-0.3688,3,0
903836,44.1,30346.53,10880.25,97.9,0.2474,0.267,0,agência,Nordeste,-0.9213,4,0
900354,22.7,30822.21,9295.01,2.6,0.3511,0.3366,0,indicação,Sudeste,0.3386,1,0
903067,36.6,45984.19,19018.83,21.8,0.1472,0.1624,0,app,Nordeste,-0.0813,2,0
902701,20.6,25311.92,7476.51,30.8,0.2511,0.266,0,agência,Nordeste,-0.4198,3,0
903559,51.4,24058.79,6256.24,104.9,0.0462,0.0633,0,parceria_varejo,Sul,-0.9296,4,0
903814,34.5,34475.32,8080.5,1.0,0.1659,0.1919,0,app,Centro-Oeste,1.5476,0,0
903055,38.8,125360.24,49501.32,1.0,0.4818,0.4881,0,app,Norte,-0.6162,2,0
901105,42.7,54923.65,21362.88,67.2,0.0541,0.0296,0,app,Sudeste,0.7718,1,0
902720,35.9,45053.84,16920.89,58.9,0.217,0.1882,0,app,Sudeste,-0.3407,4,0
903363,43.7,69875.9,17189.47,9.1,0.3433,0.334,0,app,Nordeste,0.4096,3,0
904822,47.5,35810.83,13582.92,16.6,0.186,0.1886,0,app,Sudeste,-2.6399,3,0
901202,40.9,63642.43,18573.24,5.3,0.0976,0.0928,2,app,Sudeste,-0.4519,2,0
905414,45.4,115991.06,39374.15,29.9,0.215,0.204,0,agência,Sudeste,-0.4743,4,0
900622,36.6,68634.52,17880.04,,0.4491,0.4372,0,agência,Centro-Oeste,-0.2424,1,0
905557,45.2,73408.62,27142.55,20.0,0.1013,0.119,1,parceria_varejo,Sudeste,1.0152,3,0
903990,57.3,113262.99,31867.42,,0.2455,0.2491,0,indicação,Nordeste,-1.08,2,0
901759,47.2,56142.56,17822.52,38.6,0.1922,0.1248,0,agência,Nordeste,0.566,2,0
902873,30.0,64028.14,26069.88,40.1,0.1631,0.1621,1,app,Sudeste,-0.1425,1,0
902663,29.1,33767.28,11903.9,1.6,0.455,0.4914,0,app,Sudeste,0.372,4,0
903335,44.2,28407.37,8292.29,6.6,0.5727,0.5643,0,app,Norte,-0.3961,3,1
905848,47.5,20403.59,8464.68,89.2,0.3887,0.3624,0,agência,Sul,0.3216,1,0
903766,36.6,66654.4,18690.75,166.8,0.1396,0.1637,0,indicação,Sudeste,-0.8635,3,0
904178,63.0,77822.1,14407.86,37.6,0.2518,0.2175,0,indicação,Sul,-1.4647,2,0
904408,33.1,35793.73,8097.6,2.6,0.2209,0.2241,0,app,Nordeste,0.1706,2,1
901727,33.1,96909.69,18241.84,124.0,0.3062,0.2622,0,agência,Sudeste,1.0349,0,0
902753,41.4,102730.67,32454.17,48.1,0.2211,0.2305,0,app,Sudeste,1.7341,0,0
900408,40.8,34787.34,11714.09,20.6,0.2889,0.2672,1,app,Sudeste,-1.3775,4,0
905696,18.0,148012.69,25206.35,6.8,0.3148,0.324,0,app,Norte,0.4945,3,0
901428,38.0,29039.8,12348.32,21.1,0.0842,0.1264,0,app,Sudeste,-0.9948,1,0
904046,19.8,220423.54,85453.97,25.3,0.4863,0.4677,1,agência,Norte,-0.7205,4,0
904198,48.8,52750.19,21933.38,16.6,0.2582,0.2626,1,agência,Nordeste,-1.0899,4,0
901077,42.7,9577.01,2118.65,1.6,0.4924,0.4927,0,agência,Norte,0.5417,2,0
902669,40.3,37326.13,8692.63,81.7,0.5121,0.5231,1,app,Sul,0.3882,0,0
904291,46.1,51490.27,16614.4,91.4,0.141,0.1563,0,agência,Centro-Oeste,0.0804,0,0
901912,39.0,48647.47,19142.3,1.9,0.1795,0.1714,1,parceria_varejo,Nordeste,0.1822,1,0
904265,40.4,74086.53,26526.95,10.5,0.5434,0.5206,0,parceria_varejo,Sudeste,0.666,1,0
901256,49.8,36453.98,9990.95,18.7,0.129,0.1242,1,indicação,Sudeste,-0.1683,4,0
905877,58.3,83612.07,32694.01,27.0,0.1183,0.1153,0,app,Sudeste,0.9927,4,0
901999,27.9,31832.13,5468.04,11.9,0.571,0.5845,0,indicação,Sul,0.1623,1,1
903029,45.7,32672.82,10117.94,14.7,0.242,0.2138,1,app,Sudeste,0.0068,1,0
903926,24.8,49446.06,10426.54,17.9,0.21,0.2069,0,agência,Sul,1.4181,1,0
905520,52.1,27152.19,11672.47,22.6,0.2419,0.2164,0,app,Sudeste,-1.1571,4,0
901127,22.0,62529.53,13533.71,32.3,0.1423,0.1398,0,app,Nordeste,-1.1238,0,0
901387,45.0,19083.77,3627.66,11.2,0.1954,0.1976,1,agência,Sudeste,0.9543,4,1
902521,28.1,53444.36,13118.75,2.3,0.4902,0.5111,2,indicação,Norte,1.1015,0,0
902400,51.6,57857.69,11496.08,,0.1444,0.149,0,app,Centro-Oeste,1.2156,4,0
904581,30.9,41327.52,8553.0,5.9,0.3076,0.2656,0,app,Nordeste,-2.067,3,0
901760,32.8,27405.16,10436.78,66.0,0.2533,0.2656,1,app,Sudeste,2.3817,2,0
900067,49.8,33968.95,9182.77,200.8,0.22,0.2203,0,indicação,Centro-Oeste,-0.5394,4,0
903080,43.7,38053.98,11153.53,,0.1188,0.1354,1,parceria_varejo,Sudeste,-0.2075,1,0
904685,45.6,18502.35,5584.77,11.6,0.0501,0.0368,2,app,Sudeste,-0.2258,4,0
901366,56.4,119950.05,34106.53,40.5,0.3571,0.3821,0,agência,Sudeste,-0.4892,2,0
903964,24.2,36910.15,16478.08,88.0,0.5146,0.5113,1,indicação,Centro-Oeste,0.9653,0,0
901376,20.7,41917.76,14322.96,56.1,0.3037,0.2869,1,app,Centro-Oeste,-0.5458,1,0
905474,52.5,50758.61,22194.91,,0.1909,0.1903,1,app,Norte,0.5155,4,0
902619,50.7,29833.41,10158.37,60.0,0.2918,0.2969,0,parceria_varejo,Sul,-1.2939,4,0
905342,47.6,24969.43,10602.38,69.5,0.0474,0.0371,1,app,Nordeste,1.2561,2,0
900085,53.5,31316.93,9484.43,43.5,0.8102,0.8033,1,indicação,Sudeste,1.5261,3,1
905595,39.8,26226.4,10965.62,16.9,0.525,0.5175,0,agência,Nordeste,-0.1935,4,0
900248,38.5,43460.61,13911.48,63.6,0.3392,0.3523,1,app,Nordeste,1.5011,1,0
903917,49.0,59030.24,20824.46,1.0,0.2485,0.2601,1,agência,Sudeste,-0.5525,0,0
903655,44.8,53571.81,70136.46725648042,22.2,0.1599,0.1605,0,app,Sudeste,-1.4072,0,0
904514,37.7,85477.69,21691.55,34.5,0.4302,0.4067,0,app,Sul,-0.2698,2,0
905119,45.4,20129.09,3718.11,16.1,0.2896,0.2586,0,indicação,Nordeste,0.4158,3,0
900712,33.0,89158.84,19831.97,25.1,0.4931,0.5043,0,parceria_varejo,Sul,1.3132,1,1
904622,19.4,39072.51,16546.85,2.0,0.1363,0.1276,0,agência,Sul,-0.2579,2,0
900930,46.1,50986.16,12860.81,1.0,0.2229,0.2173,0,agência,Nordeste,1.3507,0,0
900809,71.4,38508.84,8341.83,169.5,0.3069,0.2918,0,agência,Sudeste,1.5832,0,0
903403,49.0,45807.45,9764.37,39.9,0.403,0.4375,0,app,Norte,1.0227,0,0
900724,28.9,31909.42,8534.68,18.3,0.2103,0.1876,1,indicação,Centro-Oeste,-0.4853,4,0
901437,18.0,53463.99,20399.12,66.3,0.0663,0.0711,1,app,Sudeste,-1.2028,3,0
900501,42.0,54894.54,15092.46,9.6,0.515,0.4916,0,app,Sudeste,-0.077,1,0
904367,46.6,26375.41,4828.68,70.3,0.4576,0.4351,0,app,Sul,-0.7874,2,0
902275,43.6,57783.47,17379.96,4.4,0.2297,0.2107,1,app,Sudeste,0.0772,2,0
905053,32.9,42220.0,8221.57,17.5,0.0979,0.1118,0,parceria_varejo,Centro-Oeste,-1.9401,3,0
901997,30.6,107935.87,243209.40830454798,18.6,0.1623,0.1653,2,app,Sudeste,0.5565,0,0
903683,53.8,95786.91,34662.2,13.9,0.3192,0.3183,0,app,Sudeste,-0.7872,3,0
901068,46.1,24034.16,6796.13,90.1,0.2212,0.2587,0,agência,Nordeste,0.2578,3,0
904167,49.3,16263.37,6116.53,21.7,0.7306,0.7397,0,agência,Sul,-0.7567,1,0
905043,39.1,61482.84,17250.31,63.6,0.6604,0.6724,0,agência,Sudeste,0.7351,4,0
901872,40.9,33921.74,15087.16,16.7,0.5619,0.6226,0,indicação,Nordeste,-1.943,2,0
900368,44.6,40187.47,6350.94,29.5,0.4118,0.4052,1,app,Sul,-0.5789,3,0
902568,35.4,51596.12,19970.65,5.8,0.5323,0.5168,0,app,Sudeste,-0.7987,3,0
904999,29.7,30707.51,11931.82,1.0,0.0076,0.0,0,parceria_varejo,Sudeste,-0.2269,0,0
903251,57.3,21776.86,7209.88,4.7,0.2599,0.2526,0,app,Sudeste,-0.0905,0,0
901768,37.1,71775.11,25336.22,11.5,0.2752,0.2633,0,app,Norte,-0.9248,1,0
902923,60.4,38336.26,7061.91,53.6,0.4702,0.4547,0,agência,Sudeste,-0.8078,1,0
900364,36.2,16875.45,5968.45,24.1,0.5186,0.5419,1,app,Sul,-1.0805,2,0
904430,33.7,89742.21,14318.27,6.2,0.115,0.1107,1,indicação,Sul,-0.3901,4,0
902992,41.4,63585.84,21172.25,71.1,0.1304,0.1496,0,agência,Sul,0.5546,1,0
900748,18.0,84586.48,20671.22,42.9,0.4902,0.5005,1,agência,Sudeste,0.1631,0,0
902738,27.4,64810.08,16496.03,17.6,0.5567,0.5495,2,app,Centro-Oeste,-0.7918,1,0
905500,38.2,43300.46,17643.25,9.4,0.0973,0.0894,1,indicação,Sul,0.0145,2,0
901834,33.9,18807.92,4360.26,1.6,0.2201,0.2008,1,parceria_varejo,Sul,0.7399,3,0
900685,32.8,39539.76,11697.24,41.5,0.1228,0.1626,0,app,Centro-Oeste,0.099,0,0
900190,18.2,97286.74,43080.32,49.4,0.207,0.2069,1,parceria_varejo,Sul,0.4314,2,0
900747,36.0,26898.82,6149.19,12.0,0.2376,0.2074,0,agência,Sudeste,0.2769,4,0
900221,33.2,108110.36,46178.45,4.1,0.1299,0.1699,2,agência,Sudeste,1.2342,0,0
904031,35.6,40677.61,6276.58,48.1,0.3979,0.4116,0,app,Sul,2.1691,3,0
901009,24.1,43095.37,10865.87,11.1,0.2499,0.2336,1,agência,Norte,-2.2616,2,0
901787,37.5,66343.71,17946.01,25.4,0.0502,0.0397,1,app,Nordeste,-0.0281,0,0
901412,34.3,88704.27,30091.47,83.3,0.1417,0.1402,1,app,Sul,-0.344,4,0
902084,51.8,37437.08,16683.38,5.6,0.5011,0.532,1,indicação,Sudeste,0.8311,3,0
904835,44.7,24898.72,4278.5,162.5,0.706,0.7429,0,app,Nordeste,1.5407,4,0
901385,36.4,34602.18,12405.44,46.6,0.1864,0.1693,0,app,Sul,-0.7696,3,0
905165,27.8,56893.47,9718.19,20.2,0.3858,0.3919,0,agência,Sudeste,0.8625,4,0
904700,40.5,23094.34,8937.91,32.0,0.2141,0.2384,0,agência,Sudeste,0.6229,4,0
904508,36.0,95883.23,16916.97,6.1,0.0321,0.03,0,app,Sudeste,-0.8928,0,0
902905,69.2,91565.65,31398.44,16.8,0.2278,0.2656,1,agência,Centro-Oeste,-0.2663,4,0
901271,21.2,73922.12,14242.46,35.5,0.0732,0.065,0,indicação,Sul,0.4617,2,0
901021,40.3,39536.86,6652.81,113.0,0.3484,0.3798,0,agência,Sul,0.599,1,1
902631,45.6,16282.6,2665.71,7.7,0.2283,0.2339,0,app,Nordeste,1.3008,4,0
903243,49.1,36344.49,13798.8,8.6,0.2507,0.2562,0,agência,Sudeste,1.3719,0,0
904973,49.6,38828.16,17037.68,2.0,0.1955,0.2022,0,app,Sul,0.9979,0,0
901232,42.8,35185.27,11596.07,28.1,0.2259,0.2007,0,indicação,Sudeste,-0.2058,2,0
902016,67.5,,8037.31,23.8,0.3332,0.3343,0,app,Sul,-0.11,2,0
902507,57.6,107270.95,31718.12,35.5,0.2981,0.337,1,app,Nordeste,0.3225,0,0
903093,18.0,47127.13,18512.65,57.7,0.326,0.3217,0,indicação,Sudeste,-0.3274,0,0
900836,32.3,96720.85,227984.91020941793,4.5,0.4812,0.4868,1,indicação,Sudeste,1.168,2,0
901148,32.7,29126.57,11410.75,18.0,0.2612,0.2491,0,indicação,Nordeste,1.6143,0,0
902670,54.1,107373.47,232645.36509204103,29.8,0.3849,0.391,2,app,Sudeste,-0.3487,1,0
901439,29.8,18626.49,6413.82,4.5,0.2293,0.2259,0,app,Sudeste,1.5311,4,0
901784,38.0,35233.9,13002.46,1.4,0.3091,0.2902,0,app,Centro-Oeste,-0.6968,4,0
902626,35.9,40236.85,9555.37,12.7,0.122,0.1258,0,app,Sul,-2.1596,3,0
904229,21.1,130094.31,51572.13,8.6,0.0545,0.0222,1,agência,Sudeste,1.046,4,0
900182,31.7,107457.44,25674.35,7.0,0.1598,0.1868,1,agência,Sudeste,-0.8869,0,0
900382,50.5,84639.86,30790.82,58.1,0.5705,0.5846,0,evento_promocional,Sudeste,1.8697,0,0
901487,44.8,,18932.3,8.8,0.0944,0.0623,0,agência,Nordeste,0.816,2,0
905709,23.9,39130.56,14597.62,30.4,0.3765,0.3562,0,app,Centro-Oeste,-1.9124,0,0
901695,28.0,71444.56,25084.13,75.0,0.1339,0.1681,1,agência,Centro-Oeste,-0.2541,4,0
903790,47.6,41254.11,9779.28,10.2,0.0732,0.0734,0,app,Norte,1.7534,3,0
902944,37.3,52626.82,13294.43,22.5,0.4102,0.4001,2,app,Sudeste,1.0759,2,0
900706,48.9,88426.36,15334.43,67.4,0.1137,0.138,0,parceria_varejo,Sudeste,-2.7237,3,0
901423,52.5,50453.58,22411.86,15.9,0.2371,0.2394,0,agência,Centro-Oeste,1.5084,3,0
905334,42.1,42912.05,13911.14,18.7,0.3647,0.3959,0,indicação,Sudeste,2.3308,1,0
903648,32.4,79720.16,21245.62,109.4,0.3704,0.3463,0,agência,Sudeste,0.461,4,0
905692,62.1,40439.8,15817.86,26.7,0.1961,0.2498,2,app,Sudeste,0.8992,2,0
904196,38.6,26451.19,10293.15,1.7,0.2591,0.2403,3,app,Sudeste,-0.6763,2,1
903242,28.8,18338.0,8084.13,84.3,0.2316,0.2014,0,agência,Norte,0.7901,3,0
902565,49.9,100847.82,28736.78,25.0,0.419,0.4086,1,agência,Norte,0.5553,3,0
901774,49.3,35061.39,8279.29,53.1,0.5727,0.5842,1,agência,Centro-Oeste,-0.3661,3,0
903726,57.7,28296.59,5424.85,6.7,0.3302,0.3011,0,app,Sudeste,-2.4874,4,0
904030,25.1,216802.16,37783.24,25.3,0.3043,0.2736,0,agência,Nordeste,0.8393,1,0
905383,34.5,133056.77,55290.62,14.6,0.3207,0.3257,1,app,Sul,-0.1317,3,0
901757,40.1,44985.78,10313.47,21.9,0.3493,0.3232,2,agência,Sul,0.0367,0,0
903183,53.8,37650.43,7694.25,10.4,0.187,0.163,0,agência,Sul,0.4833,2,0
900457,58.3,50463.24,16417.33,,0.3694,0.3591,0,agência,Norte,0.7241,1,0
900358,35.8,66652.51,13678.19,7.8,0.1575,0.1253,0,agência,Centro-Oeste,-1.62,0,0
900441,44.9,70613.72,30278.85,30.4,0.2132,0.1853,1,agência,Sudeste,0.5579,0,0
901640,50.8,43100.56,17139.27,108.0,0.4613,0.467,0,agência,Nordeste,1.1529,4,0
903822,37.5,52020.13,7986.52,2.9,0.2525,0.2639,0,agência,Nordeste,-0.978,4,0
902072,64.6,53489.87,20019.52,,0.0903,0.0634,1,indicação,Norte,-1.5112,2,0
902761,38.9,50432.19,16125.37,23.5,0.1845,0.1754,1,app,Nordeste,0.8478,3,0
900929,43.7,53626.52,14378.73,15.3,0.4797,0.4699,0,app,Sul,-0.9878,3,0
900663,57.5,50281.07,19104.95,3.9,0.1823,0.1946,0,agência,Nordeste,-1.4164,4,0
905150,40.5,17939.57,4922.18,1.0,0.4522,0.4642,0,agência,Sudeste,-1.2411,1,0
905630,48.8,51265.99,8510.32,28.1,0.5591,0.5447,0,app,Sudeste,-0.3571,4,0
900482,25.9,19791.05,8316.55,132.4,0.1513,0.1593,0,agência,Sudeste,-0.5146,0,1
904014,25.9,43926.86,12533.4,58.3,0.263,0.2629,0,agência,Norte,1.9009,1,0
903162,20.8,53078.06,22110.04,10.4,0.0729,0.1014,0,app,Sul,0.2413,0,0
901879,37.8,55090.73,13568.86,28.9,0.1487,0.1477,0,app,Sudeste,-2.1956,3,0
904168,33.7,23885.12,9622.02,23.1,0.1886,0.1764,1,app,Sul,-1.2584,1,0
902920,50.8,70101.36,26603.22,7.8,0.1648,0.187,0,app,Sul,0.6076,0,0
902525,50.3,50938.2,19361.14,46.9,0.3836,0.3828,0,app,Sudeste,-2.1955,4,0
901888,43.4,29414.14,9433.68,,0.3563,0.3471,0,app,Sul,-0.3871,1,0
903970,40.8,52828.29,11389.57,8.4,0.0787,0.0781,0,app,Sudeste,-0.5728,2,0
903974,60.2,43242.27,11448.85,11.0,0.0968,0.1063,0,agência,Sudeste,-0.5846,4,0
905913,41.2,39904.98,9121.08,27.6,0.329,0.3187,1,indicação,Nordeste,-0.9557,3,0
902608,32.5,122232.92,20948.59,9.3,0.3909,0.368,0,app,Sudeste,-0.886,4,0
902513,46.4,25914.13,5028.06,,0.3828,0.3786,0,app,Sudeste,-0.6155,1,0
900421,34.0,117442.04,20029.61,7.5,0.1339,0.118,0,parceria_varejo,Sudeste,0.6507,3,0
904847,42.7,81826.12,30355.28,103.8,0.2492,0.2496,1,app,Sudeste,-0.1057,1,0
903450,35.7,34860.6,9495.73,17.0,0.236,0.2182,2,agência,Sudeste,0.7311,4,0
903713,53.9,38970.27,6360.65,2.6,0.3615,0.3523,1,app,Nordeste,-0.8293,0,0
900767,42.6,69341.81,25308.76,4.8,0.1248,0.1133,1,app,Sudeste,-0.4543,3,0
905376,40.7,91892.38,23304.24,3.7,0.2701,0.243,0,agência,Centro-Oeste,0.0661,1,0
904488,34.7,13261.9,3618.4,2.1,0.3676,0.3598,0,app,Nordeste,1.3818,3,0
903743,33.9,20769.87,6863.39,13.6,0.5253,0.5368,1,app,Sudeste,1.9271,1,0
905330,45.2,98157.72,25521.33,64.0,0.2091,0.1859,1,agência,Nordeste,-0.0428,4,0
902549,37.3,55061.92,12718.81,46.2,0.2073,0.2237,1,agência,Sudeste,-0.4019,0,0
905131,36.0,53836.92,9889.76,14.0,0.205,0.196,1,app,Sudeste,-0.8706,0,0
901404,46.5,43903.76,14989.68,,0.1246,0.1338,0,app,Sul,1.4464,3,0
903063,31.4,,22607.41,40.9,0.1198,0.1284,0,app,Sudeste,1.2243,3,0
905194,47.0,58173.83,14915.51,88.5,0.2109,0.2211,0,parceria_varejo,Sul,1.0577,1,0
901496,28.5,78028.56,18606.15,114.3,0.3303,0.3345,1,indicação,Sudeste,-1.1512,1,0
900857,32.3,61081.83,13938.57,28.8,0.2513,0.2499,1,agência,Centro-Oeste,-0.7749,4,0
903464,46.1,123032.35,29102.84,73.9,0.524,0.5538,0,indicação,Sudeste,-0.4261,2,0
900925,47.4,74569.73,17253.8,2.1,0.0946,0.0597,0,parceria_varejo,Sudeste,1.301,2,0
902184,21.4,62621.69,22524.65,123.2,0.0998,0.0867,0,agência,Norte,0.7645,4,0
901150,24.6,19514.96,7707.09,1.0,0.4951,0.4934,0,agência,Sudeste,1.1043,3,0
903284,42.3,43049.52,11718.87,45.9,0.3544,0.3672,1,indicação,Sudeste,0.6486,1,0
905490,53.2,41105.14,13091.44,43.9,0.2531,0.2442,1,app,Nordeste,0.0198,3,0
902769,59.4,37495.03,15786.47,17.7,0.439,0.4349,1,app,Nordeste,-0.3748,1,0
905712,33.0,73908.25,24782.25,,0.3012,0.2938,0,agência,Nordeste,0.8153,2,0
904928,29.7,96553.96,31292.45,67.1,0.145,0.1299,0,agência,Sudeste,-0.023,0,0
904749,40.4,24394.81,7693.96,12.9,0.4005,0.412,1,agência,Nordeste,-0.774,3,0
901073,39.0,69483.22,27913.05,1.9,0.2357,0.2503,0,agência,Nordeste,-0.2357,1,0
902830,38.4,105005.28,30415.65,28.4,0.5553,0.5452,0,app,Sul,0.4435,2,0
904629,45.2,25289.29,4632.61,39.4,0.1075,0.1074,0,agência,Sudeste,-0.191,4,0
903698,50.8,75755.97,30923.86,4.2,0.4483,0.4329,1,indicação,Sudeste,1.1642,2,0
904255,26.4,73470.1,26264.88,17.2,0.4724,0.459,1,app,Nordeste,-0.9454,0,0
903007,45.7,36983.1,9723.07,66.7,0.1599,0.1154,0,agência,Sudeste,-0.2605,1,0
904495,41.9,64729.78,19074.07,10.4,0.3421,0.3213,0,agência,Nordeste,-0.7656,0,0
901522,47.5,31677.65,14016.13,13.8,0.3172,0.3122,0,app,Centro-Oeste,-1.2224,2,0
900687,22.1,42315.52,7684.29,2.4,0.2333,0.2559,1,agência,Sul,0.433,0,0
904592,28.7,121024.96,23373.4,44.8,0.4006,0.4307,0,evento_promocional,Sul,-0.1216,3,0
905543,29.9,69079.78,29986.03,14.9,0.4138,0.425,2,app,Norte,1.9792,4,0
904433,44.1,59188.83,18293.86,24.6,0.4133,0.4269,0,app,Sudeste,0.5069,4,0
903830,28.0,63923.05,15242.84,89.4,0.2251,0.1921,0,app,Sudeste,0.7478,2,0
903680,43.1,47773.94,17990.79,,0.5514,0.5624,0,parceria_varejo,Sudeste,0.192,0,0
905124,56.9,70903.53,23494.58,26.7,0.0979,0.0777,0,app,Norte,-0.4834,0,0
901230,45.7,19995.96,6204.44,9.3,0.571,0.5709,0,evento_promocional,Nordeste,0.5231,4,0
903978,39.7,42857.62,18748.7,34.2,0.1251,0.1387,1,agência,Nordeste,0.5493,2,0
902823,41.8,37907.11,9462.27,45.8,0.4553,0.4586,0,agência,Norte,0.3475,3,0
902526,49.6,54886.22,12438.97,36.2,0.1309,0.1011,0,app,Sul,-0.6023,3,0
903649,48.1,73203.91,23530.38,59.6,0.1414,0.1573,0,agência,Sudeste,-0.2569,2,0
904476,34.7,43330.74,7147.75,,0.3421,0.3453,1,indicação,Nordeste,1.4247,1,0
904254,37.9,57057.8,14483.56,102.6,0.4697,0.4685,0,app,Nordeste,1.0278,3,0
901530,34.1,141157.36,57112.06,15.4,0.4566,0.425,0,parceria_varejo,Centro-Oeste,-1.6372,4,0
901793,47.0,42746.41,11244.02,114.6,0.1625,0.1667,1,agência,Sul,0.2654,4,0
900853,33.2,125974.93,52205.97,51.2,0.2124,0.2352,0,app,Sul,-1.4352,0,0
903307,27.8,65064.91,26051.58,15.4,0.3587,0.3577,0,app,Sudeste,0.8895,2,0
904785,37.0,31211.64,9124.26,15.6,0.0304,0.0211,0,parceria_varejo,Sul,-0.5227,0,0
905850,47.8,51286.44,18808.87,2.8,0.1689,0.1552,0,indicação,Nordeste,0.1191,2,0
901280,53.3,53064.53,21027.41,20.3,0.3241,0.3388,1,app,Sul,-0.4925,2,0
901992,33.9,43853.69,14771.32,64.8,0.2584,0.2566,1,app,Sudeste,-0.8842,4,0
903682,28.5,43908.56,8616.45,36.6,0.3244,0.3275,0,app,Sudeste,-0.7909,3,0
903323,52.8,55089.16,20381.02,13.6,0.1034,0.0873,0,app,Sudeste,0.1779,4,0
901324,36.0,29528.3,7412.14,11.7,0.2473,0.2461,1,indicação,Sudeste,0.4357,1,0
904625,37.3,78147.32,28706.06,14.1,0.1802,0.2015,0,app,Sul,1.3172,2,0
904598,25.6,27432.9,11354.44,86.3,0.5659,0.5953,2,indicação,Sul,0.6945,0,0
900615,55.0,108837.18,16742.65,16.5,0.1145,0.1361,0,parceria_varejo,Sudeste,-0.843,2,0
900369,18.0,18998.65,5379.9,21.9,0.1482,0.1371,0,agência,Nordeste,-1.2477,3,0
902629,52.4,,12724.66,9.4,0.0947,0.0597,0,agência,Sudeste,-0.0538,0,0
902853,39.4,33864.14,8575.12,32.9,0.2602,0.2626,2,agência,Sul,0.2667,1,1
901441,64.6,116215.56,24921.27,1.0,0.4586,0.4331,0,indicação,Sudeste,0.5767,2,0
905618,44.9,38703.81,16821.61,26.4,0.0832,0.0476,1,app,Sudeste,0.4829,3,0
903558,49.2,30579.84,12993.73,60.2,0.0836,0.07,0,agência,Sudeste,0.5693,0,0
905190,43.2,51069.29,16438.75,11.6,0.4635,0.4226,0,agência,Sudeste,-1.1894,0,0
905322,39.8,33697.8,13271.54,18.9,0.0881,0.0282,0,indicação,Sul,1.9306,2,0
902324,19.4,39039.29,9793.44,27.4,0.2035,0.2282,0,agência,Norte,-0.8216,2,0
901046,28.6,90407.59,39981.57,25.9,0.5921,0.5484,1,indicação,Sudeste,2.5349,2,0
905911,42.9,56355.26,20335.49,29.5,0.3396,0.3388,0,parceria_varejo,Sudeste,-1.9289,0,0
903710,35.0,56802.5,23209.38,5.5,0.3423,0.3593,0,app,Sudeste,-0.1778,4,0
904036,41.7,35491.48,5370.29,32.1,0.3616,0.3392,0,agência,Sudeste,0.5007,2,0
902809,32.3,71159.25,12044.94,3.3,0.5482,0.5309,0,app,Norte,-1.5911,3,0
903266,46.3,24404.34,4379.38,50.3,0.0749,0.0534,0,agência,Sudeste,-0.4176,2,0
903763,21.5,55369.87,9224.33,9.8,0.3749,0.3764,0,indicação,Nordeste,1.8339,0,0
901359,35.9,44778.54,16052.17,20.2,0.5396,0.53,0,app,Norte,0.0004,1,1
904772,44.5,38559.17,12130.63,41.5,0.1709,0.1901,1,app,Centro-Oeste,-0.2061,3,0
905525,50.9,135554.41,22796.95,17.7,0.3958,0.4023,0,agência,Sul,0.0135,2,0
904893,33.6,74696.03,12742.81,1.0,0.1232,0.1264,0,app,Sul,-0.6905,2,0
905837,30.5,39431.14,12973.9,4.3,0.1007,0.0822,1,agência,Centro-Oeste,-0.7291,2,0
900149,48.2,60639.04,24319.19,10.5,0.1245,0.1291,1,parceria_varejo,Sudeste,0.176,0,0
905206,45.1,16082.33,6438.37,26.3,0.5714,0.5698,0,app,Sudeste,-1.9664,0,1
904520,19.9,30067.54,4684.9,42.8,0.0968,0.0851,0,parceria_varejo,Norte,0.622,1,0
904214,56.3,80480.09,264855.6520230938,62.2,0.3256,0.3031,0,indicação,Centro-Oeste,0.9528,2,0
904003,39.5,62057.45,21058.58,9.7,0.1373,0.1452,1,agência,Sudeste,-1.5251,1,0
905583,44.9,52711.9,11623.29,54.3,0.2136,0.2295,0,app,Centro-Oeste,0.9961,3,0
903341,41.6,71981.8,23524.14,7.3,0.1991,0.2292,0,app,Sudeste,-0.6467,3,0
903207,37.7,51660.53,20077.57,16.5,0.2725,0.2868,0,agência,Sudeste,0.4515,1,0
903900,71.5,,6416.87,6.4,0.0571,0.0158,0,agência,Centro-Oeste,2.4435,3,0
903653,55.5,28353.98,8720.39,39.2,0.2625,0.2653,1,app,Sudeste,1.2345,2,1
903424,57.8,19471.55,7500.49,34.9,0.2032,0.1959,0,agência,Sul,-1.2671,4,0
900516,37.8,42106.27,13183.01,34.6,0.3317,0.3451,0,agência,Sul,-1.7429,3,0
902729,40.3,39040.86,8391.06,73.9,0.3365,0.3676,2,app,Nordeste,-1.6752,2,0
904533,21.4,,15716.9,53.7,0.2856,0.3109,0,app,Norte,1.1324,1,0
901173,27.4,,9244.1,4.1,0.3796,0.3878,0,agência,Sudeste,-0.7243,3,0
902530,34.5,24744.72,10493.79,52.5,0.1482,0.1554,0,app,Sudeste,1.0013,2,0
905977,33.4,47365.38,9940.91,15.9,0.3766,0.4167,1,app,Sudeste,-2.3786,3,0
904146,20.2,39532.84,15269.36,45.5,0.3681,0.3545,0,agência,Norte,0.5451,1,0
904923,40.7,43426.05,18961.42,12.3,0.1812,0.1506,0,agência,Nordeste,0.2963,1,0
900946,39.3,29037.02,12839.16,,0.3979,0.3927,1,app,Sudeste,-0.3582,3,0
905253,39.5,109126.32,26789.42,53.9,0.7542,0.7803,0,parceria_varejo,Norte,0.266,1,0
901652,36.0,29559.82,13268.25,15.7,0.1673,0.1707,0,agência,Sudeste,-0.5581,0,0
902466,19.5,,20927.68,15.2,0.1691,0.1669,0,app,Centro-Oeste,0.4358,0,0
904579,58.6,32487.78,13883.16,23.8,0.209,0.1964,3,app,Nordeste,0.6591,4,0
900692,60.8,37204.72,8133.56,8.1,0.8045,0.8165,0,agência,Sul,1.4032,3,1
903671,40.3,48122.27,13453.37,36.9,0.2474,0.2367,0,indicação,Sudeste,-0.4528,0,0
900289,48.6,67243.0,10978.86,41.3,0.4842,0.4823,0,app,Sudeste,0.5694,0,1
903514,34.7,45548.08,17826.8,59.2,0.2937,0.2869,0,app,Sudeste,-1.2801,0,0
904794,22.2,33615.0,12386.57,18.9,0.237,0.2516,0,agência,Sul,-1.2221,2,0
902805,49.0,46692.08,9865.93,60.0,0.2812,0.2823,1,app,Sudeste,0.4773,0,0
904556,40.1,27621.39,11575.53,43.7,0.3952,0.3689,0,app,Nordeste,0.3973,2,0
902591,43.1,54082.71,17039.87,53.0,0.1822,0.173,0,agência,Nordeste,-1.7072,2,0
902343,24.3,48984.96,15637.3,2.0,0.5706,0.573,0,parceria_varejo,Sudeste,-0.6771,3,0
900061,31.6,46327.04,16159.07,29.6,0.4955,0.4664,1,agência,Sul,-0.6163,3,0
904557,50.3,48214.32,8745.79,20.4,0.064,0.0494,0,app,Norte,1.4349,1,0
905026,42.1,37817.57,13052.41,4.3,0.1686,0.1572,0,app,Sudeste,-1.3764,0,0
900832,41.3,60929.63,18081.38,30.1,0.0914,0.0572,1,indicação,Sudeste,0.578,3,0
902552,20.8,60091.67,24793.29,14.7,0.3556,0.3592,1,agência,Sudeste,-0.5291,2,0
905855,55.3,57314.71,12063.28,11.8,0.4003,0.4071,1,app,Nordeste,0.8249,2,0
901907,38.3,81694.27,18260.17,45.0,0.1988,0.2077,0,agência,Centro-Oeste,0.0483,2,0
900934,41.9,63113.23,16319.19,29.7,0.1945,0.1968,1,agência,Sul,-0.4673,2,0
903202,56.7,53737.81,23852.68,49.2,0.4494,0.4843,0,parceria_varejo,Nordeste,-0.6386,1,0
904215,49.4,,3759.21,51.1,0.2917,0.269,1,agência,Nordeste,-0.1133,0,0
905475,39.1,65962.99,16445.64,47.2,0.4707,0.5073,0,indicação,Sudeste,-0.6432,0,0
905186,56.0,28332.22,5705.02,30.4,0.2618,0.2724,0,agência,Centro-Oeste,-0.0726,0,0
904109,25.6,96665.54,18425.14,27.1,0.4802,0.4596,1,app,Sudeste,0.2489,1,0
900589,35.8,86664.33,24193.35,40.7,0.0205,0.0055,0,agência,Sudeste,0.6112,0,0
902566,51.5,73927.61,31503.27,26.7,0.1991,0.203,0,parceria_varejo,Sudeste,1.1639,1,1
900590,46.7,27599.21,6527.21,15.4,0.4543,0.4481,1,parceria_varejo,Centro-Oeste,-1.0306,3,0
901144,40.0,77253.86,18394.5,100.7,0.2913,0.2825,0,agência,Sul,0.1144,2,0
904390,36.9,20239.83,4114.87,82.4,0.3438,0.3638,0,app,Sul,-0.0572,1,0
903426,27.2,36899.93,8349.69,3.8,0.2889,0.2936,1,app,Sudeste,-1.7653,1,0
903675,35.6,38643.74,16533.16,8.8,0.1134,0.1082,1,agência,Sudeste,-0.5071,0,0
903479,50.6,71681.19,28529.46,11.5,0.1849,0.2125,2,indicação,Sudeste,-0.7652,3,0
903571,45.9,26865.77,9716.97,64.5,0.2442,0.2129,0,agência,Centro-Oeste,-1.8125,3,0
903405,18.0,29859.23,9663.34,138.6,0.4655,0.4556,1,app,Nordeste,0.1606,2,0
900258,41.9,83409.85,18389.58,15.5,0.0633,0.0516,0,agência,Sudeste,-1.0894,0,0
901991,30.6,48745.67,21167.41,15.9,0.2046,0.1842,0,app,Nordeste,1.1195,3,0
903723,41.7,32345.66,11710.09,,0.4564,0.4366,1,agência,Nordeste,-2.1432,2,1
903448,58.3,61536.84,9526.17,105.2,0.4567,0.447,0,app,Nordeste,0.43,1,0
903019,33.7,41881.24,7287.13,31.3,0.0432,0.0493,2,app,Sul,-0.512,4,0
900607,42.8,156118.93,43236.65,98.4,0.1706,0.2129,1,indicação,Nordeste,-0.6142,3,0
902921,42.0,50940.95,8057.7,6.2,0.0934,0.0849,0,agência,Sudeste,-0.9807,4,0
905861,44.8,36043.17,9578.02,10.7,0.0519,0.049,0,parceria_varejo,Sudeste,-2.4111,4,0
900587,38.8,41484.38,11876.68,60.4,0.266,0.2558,0,agência,Sul,-1.6244,4,0
900566,41.3,82230.73,15230.24,1.0,0.0705,0.1161,1,agência,Sudeste,-2.4034,2,0
901382,43.0,34835.43,13761.48,39.8,0.7257,0.7288,1,indicação,Sul,0.2427,0,0
905439,36.6,48254.35,18703.23,3.2,0.1469,0.1791,1,parceria_varejo,Sul,-0.113,1,0
903673,34.4,20691.13,6876.44,61.4,0.293,0.306,1,app,Sudeste,1.086,3,0
903783,42.4,42841.73,15876.07,14.6,0.275,0.2559,0,indicação,Sul,0.3387,3,0
904681,18.0,30819.44,7290.34,59.5,0.2428,0.2603,0,indicação,Nordeste,0.0374,2,0
904559,37.6,23037.73,5061.3,58.4,0.3633,0.3603,0,app,Nordeste,-0.4025,4,0
905596,37.6,23507.22,10405.59,20.3,0.104,0.071,0,parceria_varejo,Centro-Oeste,-0.1496,0,0
900196,27.5,43256.4,13482.8,11.9,0.4803,0.4553,0,agência,Centro-Oeste,-0.3629,0,0
905803,34.1,30291.2,9178.71,121.7,0.3388,0.3337,0,indicação,Nordeste,0.1547,2,0
900133,18.0,74268.46,12024.38,65.8,0.6142,0.6386,3,agência,Nordeste,0.4673,3,0
903375,47.8,40641.66,14080.91,35.3,0.5246,0.5205,0,app,Sudeste,0.2516,1,0
900321,47.4,79291.54,30447.75,9.6,0.4272,0.4365,1,agência,Sul,-0.2519,1,0
902166,34.4,33281.49,9287.03,19.8,0.1228,0.1157,1,parceria_varejo,Sul,0.1593,0,0
903965,36.7,144251.23,49469.75,11.7,0.4748,0.4187,0,app,Centro-Oeste,-0.2818,0,0
904422,43.4,66388.19,17084.41,21.7,0.1265,0.0703,0,indicação,Sul,2.4172,1,0
900905,18.0,64441.17,10118.55,32.3,0.0998,0.0821,0,app,Norte,0.2819,0,0
905097,40.5,49295.46,18513.8,47.6,0.0332,0.0724,0,app,Norte,0.1189,1,0
901639,50.9,56007.7,15873.72,50.8,0.4091,0.3795,0,app,Sudeste,-1.5163,4,0
904197,18.0,60637.61,10520.79,,0.2358,0.1939,0,agência,Nordeste,-0.0999,2,0
904028,25.4,148189.79,54481.14,107.9,0.0876,0.0918,0,agência,Norte,1.1746,3,0
901251,48.6,88273.69,24477.83,27.3,0.4686,0.4652,1,app,Sul,-0.65,3,0
901697,37.2,54398.39,12291.21,21.5,0.1498,0.1149,0,indicação,Nordeste,-0.2685,1,0
900229,55.0,,12177.46,31.1,0.4678,0.466,0,app,Sudeste,0.8343,0,1
901056,52.6,30467.57,8704.99,24.6,0.3331,0.3237,1,indicação,Sul,-0.5521,0,0
902370,54.6,62751.98,15592.78,53.3,0.5383,0.5295,0,app,Centro-Oeste,-0.0563,1,0
905138,32.8,,17638.75,44.5,0.1984,0.2147,0,app,Centro-Oeste,-0.1141,0,0
903439,27.6,48147.14,8016.87,77.9,0.3035,0.3194,0,evento_promocional,Sudeste,-0.6878,2,0
902069,35.7,21306.7,5315.01,4.2,0.3402,0.3397,1,indicação,Nordeste,-1.4504,3,0
900579,39.7,13931.07,2097.78,15.5,0.4297,0.4564,1,app,Nordeste,-1.356,1,0
904377,44.4,100273.66,37327.34,46.6,0.3029,0.3344,1,agência,Sul,-0.599,0,0
904743,38.7,46613.66,20202.54,7.1,0.1675,0.1613,0,app,Nordeste,1.7654,4,0
903932,62.1,29488.75,5512.65,102.0,0.1142,0.0952,0,parceria_varejo,Sudeste,-1.2014,3,0
900114,38.6,19068.48,3867.05,,0.5488,0.547,1,app,Centro-Oeste,0.5056,4,0
902150,23.6,40186.11,6151.93,57.7,0.3624,0.4081,0,agência,Sudeste,-0.0146,1,0
903042,38.5,37960.81,14721.13,123.7,0.1937,0.1792,0,app,Sudeste,-0.2109,0,0
903828,43.4,31690.08,5589.29,11.4,0.1903,0.1881,0,indicação,Norte,-1.5945,0,0
901190,50.8,71609.31,21026.21,6.2,0.0678,0.041,0,agência,Sudeste,0.9985,0,0
905336,50.2,30217.65,12810.84,15.4,0.3405,0.3233,1,agência,Sudeste,1.7908,4,0
900226,49.4,40730.78,6510.59,65.8,0.2263,0.2216,0,agência,Sul,-0.6813,4,0
901557,44.7,124629.78,46262.2,13.5,0.2702,0.2693,0,indicação,Centro-Oeste,-0.1411,4,0
900017,35.2,28540.6,11701.79,7.3,0.3002,0.2824,0,indicação,Sul,1.2575,0,0
903606,45.4,76523.29,15633.56,60.9,0.032,0.0383,2,agência,Nordeste,0.4096,0,0
902338,51.6,24562.28,8207.79,35.1,0.1194,0.1039,0,agência,Sudeste,0.4597,3,0
902612,23.8,38751.08,6112.3,69.0,0.2469,0.2323,0,app,Nordeste,-0.6096,2,0
905304,18.7,23120.53,4494.0,61.1,0.3208,0.3498,0,app,Sudeste,0.5079,3,0
903850,52.2,79578.99,16697.55,26.0,0.2413,0.2384,1,app,Sudeste,-0.6611,1,0
901729,24.0,51215.84,22782.1,118.7,0.4003,0.3913,0,indicação,Centro-Oeste,0.1734,3,0
900418,52.1,,36782.95,13.0,0.1932,0.2304,0,agência,Sul,0.2691,4,0
900688,41.4,35522.37,8584.8,55.5,0.1989,0.2436,0,app,Nordeste,-1.0119,2,0
900988,52.0,50229.46,14321.25,17.3,0.1506,0.1449,1,agência,Norte,1.4322,1,0
901062,25.7,55695.85,18382.13,10.6,0.1305,0.0901,0,app,Nordeste,0.3727,0,0
900950,21.7,81214.69,29965.95,92.5,0.436,0.4133,1,app,Sul,-0.1209,1,0
905669,45.2,28493.53,6484.53,21.5,0.1234,0.1334,0,parceria_varejo,Norte,0.1759,0,0
902620,36.6,23867.2,7851.01,7.2,0.2942,0.3083,0,agência,Centro-Oeste,-1.0232,3,0
902277,54.8,155505.93,37177.93,57.3,0.1201,0.1118,1,app,Sudeste,-1.0405,4,0
903340,32.4,19386.27,7374.43,16.0,0.3227,0.3513,1,app,Centro-Oeste,1.0755,3,0
900086,34.0,106853.78,33800.66,40.3,0.2648,0.2713,2,agência,Norte,0.725,3,0
904085,38.0,79588.78,25982.9,115.1,0.2274,0.2609,0,agência,Sudeste,-0.8053,1,0
904261,49.2,42976.53,10144.7,25.5,0.6818,0.7036,0,parceria_varejo,Centro-Oeste,-0.3166,2,0
903432,31.9,26507.08,11123.42,14.9,0.1912,0.1709,0,agência,Sul,-0.706,4,0
901844,32.7,46574.07,10605.92,115.0,0.1033,0.1153,0,indicação,Sudeste,-1.8412,3,0
900288,41.8,8171.92,1901.2,15.4,0.1879,0.1604,1,agência,Sudeste,0.5619,0,0
905112,51.6,89707.64,25122.05,26.0,0.2859,0.2764,0,app,Sul,-0.8144,1,0
901300,28.3,45940.1,13023.52,5.6,0.1399,0.1339,0,agência,Nordeste,-0.8585,3,0
902125,37.6,44862.72,7537.42,123.9,0.1056,0.094,0,app,Sul,-1.435,2,0
904382,43.4,25032.16,10491.28,23.2,0.2434,0.2439,0,indicação,Sudeste,0.4021,3,0
902290,32.8,71832.41,10819.75,18.8,0.2592,0.2565,0,app,Sul,-1.5133,3,0
904286,25.3,23415.95,9227.86,18.7,0.4218,0.4042,0,agência,Nordeste,-0.0158,0,0
902933,30.1,59706.89,19296.03,8.9,0.129,0.1219,0,agência,Sul,0.9195,3,0
900422,41.8,46802.27,14103.15,42.6,0.1629,0.1617,0,app,Sudeste,-0.343,2,0
902639,47.2,53608.39,11831.34,21.8,0.3731,0.3709,0,agência,Sudeste,-1.7106,4,0
905717,44.2,29864.71,12985.11,21.2,0.3449,0.3372,0,app,Nordeste,0.4483,2,0
903397,46.4,17881.8,2703.13,24.0,0.4687,0.4837,0,indicação,Norte,-0.9737,3,0
902281,40.2,25943.4,6906.46,19.7,0.0925,0.1034,1,agência,Nordeste,-0.0469,2,0
901182,32.8,28956.2,12760.36,40.6,0.3642,0.3625,2,app,Sudeste,-0.2364,0,0
900998,37.8,90160.34,115109.05423413248,5.4,0.0209,0.0,0,agência,Nordeste,-0.0182,2,0
904565,36.8,58362.61,24762.97,,0.2203,0.1998,0,agência,Sul,0.2503,2,0
905220,47.0,70623.75,18068.99,33.6,0.1999,0.214,2,indicação,Nordeste,1.2315,0,0
900935,34.3,52785.99,17528.32,23.2,0.3183,0.3414,2,app,Sudeste,0.8689,4,0
903705,34.9,43294.77,14185.11,18.2,0.2547,0.2556,0,indicação,Sul,0.0528,2,0
901292,34.3,27446.69,10252.11,34.8,0.1901,0.166,0,agência,Nordeste,-0.6145,2,0
904796,22.3,52821.21,11159.83,17.7,0.2523,0.2725,0,agência,Sul,1.3398,4,0
905014,64.6,,26512.32,43.9,0.3567,0.3694,0,agência,Sul,-0.5769,1,0
902394,38.1,37401.81,9494.48,33.1,0.255,0.3079,0,app,Sudeste,-0.9491,4,0
902606,41.1,54853.92,19003.46,37.9,0.2958,0.3045,0,agência,Norte,0.083,0,0
900990,19.3,57947.15,24999.82,5.1,0.2138,0.2375,1,agência,Sudeste,1.34,0,0
903629,40.0,49227.99,9320.5,8.6,0.3238,0.3046,0,app,Nordeste,-1.2888,3,0
902219,41.0,24855.79,7724.14,5.0,0.1614,0.1536,0,parceria_varejo,Sudeste,1.4152,1,0
901504,43.7,39930.39,16056.85,1.0,0.1959,0.1755,0,indicação,Nordeste,0.8257,3,0
904840,37.5,36988.55,11707.79,67.6,0.075,0.1161,0,agência,Sul,0.7718,3,0
905084,34.7,22053.48,7716.93,31.9,0.5857,0.6062,0,agência,Sudeste,0.0177,3,0
904160,29.2,52552.09,23431.51,7.6,0.5103,0.5222,1,agência,Sudeste,-1.0348,1,0
903760,51.8,74094.87,15349.31,1.0,0.2665,0.3037,0,parceria_varejo,Sudeste,-0.9592,1,0
904747,36.9,82585.72,32411.17,10.4,0.2808,0.2816,0,app,Sul,0.3444,4,0
905364,23.8,25803.28,10801.93,18.0,0.3151,0.2989,0,agência,Sul,-0.9678,1,0
900249,26.5,31651.57,10431.03,,0.301,0.3008,0,agência,Sudeste,0.4931,3,0
902519,25.1,109475.8,29369.33,1.7,0.3727,0.349,2,agência,Sudeste,1.9869,2,0
903069,40.4,30489.51,6236.14,17.5,0.143,0.1451,0,app,Nordeste,0.3397,1,0
900305,39.2,74727.08,16297.98,46.9,0.2032,0.1835,1,agência,Sul,0.9448,3,0
900273,35.7,40956.11,6736.6,23.9,0.1435,0.1116,0,indicação,Nordeste,0.3069,1,0
904752,30.4,,24339.36,11.9,0.4525,0.4478,0,agência,Sudeste,-1.7273,3,0
904539,54.0,29449.56,4909.13,2.9,0.1138,0.1286,0,app,Sudeste,-1.2579,4,0
904285,24.6,16599.13,3686.14,20.8,0.1748,0.1338,1,agência,Norte,-1.5929,1,0
904848,38.3,57601.86,25788.01,20.5,0.1482,0.1562,0,app,Sudeste,1.1562,4,0
905320,31.4,22382.83,8117.52,11.3,0.3323,0.3366,0,agência,Nordeste,0.2111,2,0
901473,45.6,89050.99,23261.13,40.7,0.1985,0.1863,0,agência,Sudeste,-0.4384,2,0
902358,36.3,66876.41,12669.62,31.5,0.3742,0.3809,1,agência,Sudeste,2.4049,3,0
901704,59.5,20330.45,4516.22,8.8,0.2635,0.282,0,app,Sul,1.4993,3,0
900109,40.8,36756.55,10011.3,20.9,0.1245,0.1291,0,app,Sudeste,1.1981,1,0
902899,41.5,72687.99,126473.38800884038,46.5,0.1801,0.1744,0,agência,Sudeste,0.3517,0,0
901445,18.2,38991.75,7492.53,50.3,0.2936,0.3014,0,app,Sudeste,0.857,4,0
902263,44.5,59956.86,14378.67,,0.148,0.1569,0,app,Sudeste,0.177,4,0
901621,32.8,57075.3,23319.47,110.7,0.1923,0.1905,0,indicação,Nordeste,-1.1439,3,0
900092,40.3,47329.05,20432.52,79.6,0.3336,0.3344,0,agência,Sul,0.28,3,0
900166,23.2,72887.94,12348.54,14.8,0.4126,0.4299,0,app,Centro-Oeste,-0.6911,4,0
904530,53.7,63382.06,23192.03,,0.3728,0.3806,1,agência,Sul,-0.9858,0,0
903681,50.3,28305.42,9824.87,40.7,0.3362,0.3378,0,app,Sudeste,-2.061,1,0
903318,38.0,87552.6,26705.23,1.0,0.0309,0.0359,1,indicação,Sudeste,-0.6078,0,0
901566,41.1,146944.19,60936.63,56.8,0.4577,0.4419,2,app,Sul,-0.3574,0,0
900234,51.2,171843.32,60274.71,28.5,0.0347,0.0423,0,agência,Sudeste,0.6344,1,0
902318,48.9,74661.43,22629.62,12.1,0.1095,0.1492,0,agência,Sul,1.622,2,0
904398,28.4,50321.04,11951.44,17.4,0.0635,0.0773,0,agência,Sudeste,-0.6784,0,0
904111,35.0,32157.74,5824.27,24.5,0.2004,0.1707,0,app,Nordeste,0.1476,3,0
902884,33.7,37647.94,16705.09,30.6,0.2356,0.2033,1,agência,Sudeste,1.2506,1,0
900897,39.8,29923.25,10402.23,39.5,0.6537,0.649,0,agência,Sul,0.3148,2,0
905257,39.7,40841.59,15135.36,1.3,0.4108,0.3987,0,agência,Centro-Oeste,0.3691,4,0
900961,54.8,49981.57,8537.15,76.3,0.5188,0.5444,0,indicação,Sudeste,2.4978,2,0
900466,30.6,33337.78,8229.6,10.3,0.4187,0.4229,0,indicação,Sul,0.6852,1,0
904165,56.8,73039.62,13004.24,148.1,0.3853,0.4274,1,app,Sul,-0.8253,0,0
901269,32.8,70021.93,16810.63,1.0,0.0793,0.1134,0,app,Nordeste,0.6476,0,0
905969,41.9,51476.13,8151.92,31.1,0.0199,0.0126,0,agência,Sudeste,0.7568,4,0
905981,37.7,34701.62,13226.57,77.1,0.1178,0.0978,1,app,Sul,-0.0661,1,0
903651,37.6,59422.89,22711.01,77.5,0.589,0.5813,2,agência,Norte,-2.0556,1,0
901120,55.2,56207.16,22228.16,92.7,0.39,0.3744,2,indicação,Sudeste,2.7067,0,0
904302,78.0,,7172.35,1.0,0.2563,0.2064,1,app,Sudeste,-0.5762,1,0
905062,30.6,25142.02,4209.35,77.5,0.396,0.3915,0,indicação,Nordeste,-0.8571,0,0
902498,44.2,49953.6,10874.86,6.0,0.5824,0.5646,1,parceria_varejo,Sudeste,-0.1487,1,0
905047,39.9,46245.64,17354.17,74.8,0.1516,0.1496,0,agência,Sudeste,0.5102,0,0
902367,34.2,76063.93,15305.34,2.8,0.3468,0.309,1,agência,Norte,0.6628,3,0
905868,32.5,135873.01,55453.99,13.3,0.0617,0.0454,0,parceria_varejo,Nordeste,1.2964,4,0
905036,34.3,45024.44,7773.82,25.5,0.3513,0.3816,0,agência,Nordeste,0.1698,1,0
900338,18.0,,28965.56,41.6,0.4373,0.4356,0,app,Sul,-0.4935,4,0
904874,45.2,14728.31,3395.63,3.6,0.1852,0.1644,0,agência,Sudeste,0.0545,2,0
905671,49.1,,15199.38,1.0,0.252,0.2444,0,app,Sul,1.3748,0,0
903696,46.7,27225.23,11942.76,35.8,0.296,0.3075,0,agência,Sudeste,1.4128,4,0
903833,47.4,39692.15,9526.96,,0.2555,0.2774,0,app,Centro-Oeste,-0.0391,0,0
900389,38.1,47075.48,9787.35,10.0,0.2497,0.2955,0,app,Sudeste,-0.709,1,0
902891,47.8,54481.55,13723.07,101.5,0.5349,0.5661,0,app,Sul,0.4863,1,0
905944,48.6,40263.32,13319.08,40.4,0.0587,0.0872,0,app,Centro-Oeste,-0.5403,1,0
900436,28.9,,5972.9,,0.3199,0.3082,0,app,Nordeste,2.6587,4,0
900005,40.7,57211.06,11257.28,4.4,0.085,0.1176,1,agência,Sul,0.165,2,0
904292,42.8,28200.61,7967.97,143.4,0.3892,0.4037,0,app,Sul,-2.3735,1,0
902160,19.2,41867.65,6524.29,26.3,0.1596,0.1395,0,indicação,Nordeste,1.2054,0,0
903812,38.6,65073.39,27339.9,48.2,0.0942,0.124,1,agência,Norte,-1.6867,1,0
905338,33.4,32090.12,5775.07,74.2,0.3398,0.3466,0,agência,Sudeste,0.4009,4,0
900583,37.0,38206.28,8288.91,2.5,0.1235,0.0982,0,indicação,Sudeste,-0.2467,1,0
902955,38.7,58223.88,11903.24,16.5,0.2064,0.2075,0,indicação,Nordeste,0.4858,2,0
904837,41.8,86821.03,22446.11,23.5,0.2672,0.2835,1,agência,Norte,-0.6366,1,0
901283,21.3,34808.31,8191.04,,0.6902,0.6611,1,app,Sudeste,-2.3792,4,0
903373,36.4,38169.69,39725.92925674651,53.4,0.3465,0.3669,0,indicação,Sul,0.5541,2,1
902491,34.8,40360.56,9256.63,106.8,0.3121,0.3262,1,indicação,Sudeste,-0.7356,4,0
903452,37.1,37907.1,9416.97,43.3,0.0864,0.097,0,agência,Sudeste,-0.2277,2,0
904442,24.6,49496.49,17185.56,1.0,0.4307,0.4391,0,app,Sul,-1.6423,2,0
905129,44.7,39105.77,15602.32,64.2,0.3285,0.3259,1,app,Sudeste,1.4564,4,0
900643,36.8,34150.33,14606.69,27.6,0.3517,0.3535,1,indicação,Sudeste,1.2043,4,0
900570,46.3,169904.93,42090.51,5.5,0.1437,0.1722,0,app,Sul,-2.6943,1,0
905064,38.3,111319.6,46696.0,31.3,0.2011,0.1846,0,app,Sudeste,0.0612,4,0
901070,26.1,116887.37,26250.36,13.5,0.1349,0.1066,0,indicação,Sudeste,-1.1765,0,0
904500,22.0,136892.49,42041.71,53.3,0.103,0.0638,0,app,Sudeste,-1.1402,1,0
904942,50.2,122343.84,20662.41,6.4,0.7276,0.736,0,agência,Nordeste,1.7596,4,0
903508,38.6,55701.4,16073.15,42.7,0.5452,0.5292,1,indicação,Sudeste,0.6442,4,0
900003,29.3,33675.3,8120.6,11.6,0.2809,0.2899,0,app,Sudeste,1.223,1,0
902771,37.2,25573.79,4350.21,,0.2623,0.2659,0,agência,Centro-Oeste,0.9609,0,0
900989,54.2,32010.69,7163.0,1.5,0.3246,0.3363,1,indicação,Sudeste,1.3676,3,0
900306,39.9,84409.12,21003.41,22.6,0.3935,0.4063,0,app,Sudeste,0.7108,0,0
900010,47.0,46289.21,14334.91,77.2,0.038,0.0442,0,evento_promocional,Sudeste,0.131,2,0
902062,37.2,112121.67,32770.39,48.8,0.4262,0.4467,0,parceria_varejo,Sudeste,0.1938,0,0
905443,53.2,42644.93,12397.54,17.1,0.1815,0.1617,0,app,Sudeste,0.5252,2,0
903855,55.2,17766.84,7684.34,,0.1555,0.1814,0,agência,Sudeste,-1.4789,1,0
903744,38.4,134961.96,26856.83,81.6,0.4118,0.4157,2,app,Sudeste,0.9906,0,0
902052,30.7,109697.48,21906.49,84.8,0.1646,0.1844,0,parceria_varejo,Nordeste,-2.0156,0,0
900682,33.6,21248.03,7790.61,29.8,0.4073,0.3833,1,parceria_varejo,Sudeste,0.5323,1,0
902577,36.6,16275.34,3563.49,25.1,0.1576,0.1583,0,app,Sudeste,1.8626,2,0
902866,40.2,82684.21,21656.81,12.2,0.6849,0.7024,1,agência,Sul,-0.7194,1,0
902817,33.4,38864.79,16451.14,18.4,0.0913,0.1002,0,agência,Sudeste,-0.5658,0,0
901088,55.5,29360.73,5580.86,11.6,0.2123,0.2047,0,app,Nordeste,-1.5437,0,1
904800,34.0,63244.26,16699.41,8.9,0.4976,0.531,0,app,Sudeste,-0.7088,2,0
900332,19.5,55617.81,9267.32,5.1,0.1328,0.1152,0,parceria_varejo,Sudeste,2.3551,3,0
903943,40.8,20804.47,4487.8,1.1,0.4013,0.3982,0,indicação,Sudeste,-1.2914,3,0
904947,43.9,171883.67,72899.33,3.1,0.2658,0.2955,0,parceria_varejo,Sudeste,0.8149,0,0
905628,37.3,31792.07,9019.2,5.7,0.4821,0.4658,0,app,Sudeste,-0.5465,0,0
900473,59.9,39401.03,16969.36,22.2,0.1432,0.1554,1,indicação,Sul,-1.2049,2,0
901894,26.6,30038.65,6424.25,36.0,0.4296,0.4176,0,app,Sudeste,-3.218,0,0
905691,27.3,180543.76,392871.0455226804,45.0,0.4221,0.4253,0,agência,Sudeste,0.3945,2,0
904344,22.1,41940.33,13111.53,75.0,0.2997,0.2849,1,indicação,Nordeste,-0.099,2,0
904002,54.0,57792.26,9408.54,153.9,0.1265,0.0786,0,agência,Sudeste,0.787,0,0
904659,57.5,45676.1,10958.62,1.0,0.0772,0.0377,0,indicação,Sudeste,-1.5976,0,0
903739,18.0,44925.77,9210.87,26.3,0.4012,0.3813,2,agência,Nordeste,-0.3547,3,1
902287,28.8,36417.79,5597.87,90.9,0.32,0.3438,2,app,Sul,1.5458,3,0
904589,28.9,44774.16,12712.75,28.4,0.3062,0.3348,1,app,Norte,-0.0067,3,0
903066,59.0,25237.24,9640.69,95.9,0.2093,0.1535,1,app,Nordeste,0.1451,0,0
905823,38.5,60023.51,24721.72,26.9,0.1875,0.1911,0,agência,Sudeste,-0.2036,3,0
905801,51.3,87441.68,14460.9,1.0,0.4679,0.4909,0,parceria_varejo,Nordeste,1.1401,1,0
902473,24.6,42953.7,17062.56,5.6,0.0351,0.0178,0,indicação,Sul,1.0909,4,0
904561,53.5,50775.86,11493.21,167.8,0.3987,0.396,1,app,Sul,-0.3636,1,0
901993,44.1,89075.58,29470.45,28.3,0.3905,0.3794,1,app,Sudeste,0.1184,3,0
902034,31.3,59482.67,20969.85,1.0,0.4305,0.4384,0,agência,Centro-Oeste,0.3131,1,0
900290,38.7,70102.17,30187.94,7.1,0.4309,0.4327,0,indicação,Sudeste,0.4887,0,0
902777,60.6,39458.8,13003.51,58.8,0.1839,0.1699,0,indicação,Sudeste,0.9294,0,0
903374,31.5,12476.06,4925.65,2.0,0.4135,0.3895,2,parceria_varejo,Sul,1.6729,0,0
905677,53.9,124029.1,21491.04,,0.4876,0.505,0,parceria_varejo,Norte,1.1077,1,0
901060,42.5,56246.02,15044.63,13.4,0.4862,0.4608,0,app,Sudeste,-1.1236,1,0
905323,42.7,32736.17,7924.55,79.3,0.645,0.6409,1,agência,Nordeste,-0.3029,3,0
902882,30.9,32372.45,11706.72,5.3,0.0985,0.0417,1,indicação,Nordeste,0.2218,0,0
904287,42.0,44777.32,16283.9,44.1,0.2562,0.2748,0,agência,Sul,0.5709,4,1
902076,31.3,282800.27,98363.42,32.7,0.246,0.2416,0,app,Norte,-1.0353,2,0
900749,47.6,28047.36,7429.17,64.3,0.1581,0.1454,1,indicação,Sudeste,-0.4497,3,0
905925,30.9,37010.99,13920.96,125.2,0.4889,0.5077,1,indicação,Sul,0.1457,0,0
902557,21.4,41291.82,7418.35,11.2,0.2092,0.1987,1,agência,Centro-Oeste,-1.6614,1,0
902114,55.3,29686.39,7452.42,8.8,0.4499,0.4321,1,agência,Norte,0.2478,3,0
905166,55.3,26650.14,11271.7,7.9,0.3465,0.3195,0,app,Norte,-0.4312,2,0
901794,25.9,106120.35,35309.23,2.4,0.5443,0.5396,0,agência,Norte,-0.2008,3,0
900219,35.1,20415.34,5217.14,29.4,0.0284,0.0828,0,app,Centro-Oeste,0.8594,2,0
901242,58.3,10778.85,4122.71,51.9,0.4069,0.398,0,parceria_varejo,Nordeste,1.1515,0,0
901836,29.5,19009.51,5664.59,47.1,0.4387,0.4227,0,app,Centro-Oeste,0.5724,1,0
905494,42.4,44822.82,13017.37,60.8,0.2617,0.2769,0,app,Sudeste,-0.3833,0,0
900835,24.0,46859.15,14386.06,13.2,0.2942,0.2827,0,agência,Sul,0.9379,2,0
903100,37.6,18460.8,3823.05,81.7,0.6056,0.638,1,app,Centro-Oeste,-0.6902,4,0
902861,32.2,58221.62,24735.44,46.0,0.3682,0.3862,0,app,Sul,-1.0975,0,1
904347,60.5,,14497.74,2.8,0.435,0.4338,0,app,Nordeste,-0.6712,4,0
901129,36.1,,6175.98,4.7,0.0945,0.122,1,agência,Sul,-1.0118,2,1
900596,42.8,41375.9,7520.72,5.1,0.1436,0.1461,0,agência,Nordeste,0.1784,1,0
900758,30.8,35724.37,10965.15,4.9,0.0802,0.0931,0,app,Sudeste,-1.4149,1,0
901930,47.9,67229.66,11611.8,8.5,0.6938,0.7219,1,indicação,Norte,0.2555,3,0
900654,53.5,93512.79,15272.16,11.3,0.3286,0.3661,0,app,Nordeste,-0.6972,1,0
902063,25.5,55450.52,11005.46,,0.2766,0.27,1,parceria_varejo,Sudeste,-0.626,2,0
900743,37.0,122833.93,31355.46,63.2,0.3439,0.3539,0,indicação,Centro-Oeste,-0.829,0,0
903394,38.4,12139.0,3410.81,17.8,0.1364,0.1259,0,app,Sul,1.225,2,0
902865,50.1,,15982.4,86.8,0.2608,0.2795,0,parceria_varejo,Sudeste,-0.3226,3,0
900879,27.2,42255.74,9506.63,42.3,0.3288,0.3075,0,app,Norte,-0.4364,0,0
903957,24.5,71184.41,27785.71,38.0,0.2621,0.2746,0,agência,Sul,-0.2158,0,0
904058,27.1,40738.12,17242.71,1.0,0.5337,0.5536,0,app,Nordeste,0.306,3,0
903924,43.6,24220.16,4256.78,49.7,0.6281,0.6502,0,app,Nordeste,1.6631,4,0
902436,39.5,72572.46,22316.37,36.5,0.1846,0.2153,0,app,Sul,-1.2109,1,0
904073,47.9,44807.5,13609.6,38.1,0.0924,0.1004,0,parceria_varejo,Sudeste,0.0212,1,0
903141,35.5,42802.34,8745.4,76.6,0.4099,0.4163,1,app,Sul,1.1141,1,0
904106,47.2,22344.99,9219.41,89.2,0.1732,0.201,1,app,Sul,-1.3255,1,0
903535,35.7,52381.12,19026.78,113.9,0.4961,0.5019,1,app,Nordeste,0.477,2,0
901877,30.7,53742.43,20181.32,5.4,0.1936,0.1828,0,app,Sul,0.2257,0,0
901503,38.8,81844.21,28859.99,30.3,0.4006,0.4153,0,agência,Centro-Oeste,0.4243,2,0
904724,36.7,90401.02,25264.69,14.8,0.3481,0.3473,0,indicação,Sudeste,1.2791,4,0
900782,31.7,76806.98,12936.02,8.0,0.5468,0.5359,0,agência,Nordeste,-0.3101,0,0
901174,36.8,65025.43,10443.75,36.1,0.6061,0.6335,0,app,Sudeste,-0.191,2,0
903908,48.6,62485.3,54437.18483867403,175.1,0.1088,0.1259,0,agência,Sul,2.3624,2,0
902736,37.5,47699.58,7741.21,44.0,0.4443,0.4195,0,agência,Sudeste,-1.1715,3,0
902365,54.2,86952.4,20488.88,183.0,0.1391,0.1427,0,app,Sul,0.2237,2,0
902024,23.5,28596.79,6382.97,47.2,0.146,0.1759,0,app,Sudeste,0.9441,4,1
902439,45.6,43815.69,9989.79,62.8,0.5873,0.5888,0,parceria_varejo,Nordeste,-1.5694,3,0
903081,23.4,40521.34,14358.54,2.3,0.1341,0.1339,1,app,Centro-Oeste,0.36,1,0
903431,45.4,77035.89,33018.29,31.4,0.1088,0.1227,0,app,Nordeste,1.0025,1,0
901018,18.5,33156.49,5712.18,133.5,0.2263,0.2526,0,app,Centro-Oeste,-1.8558,0,0
901436,37.3,,7628.62,48.8,0.3488,0.3516,0,app,Sul,1.5455,3,0
900177,38.2,40178.6,8993.65,32.1,0.2398,0.2542,0,app,Sudeste,-2.1117,4,0
900050,48.4,32085.97,7659.3,57.7,0.2198,0.2115,1,app,Nordeste,0.086,2,0
900958,59.5,71734.47,31206.14,71.6,0.4683,0.454,2,app,Sudeste,-0.9215,4,0
902112,31.9,92604.22,27447.9,55.1,0.6339,0.6212,0,app,Nordeste,1.7912,0,0
904284,46.5,65671.68,20974.19,8.1,0.2202,0.218,0,agência,Sul,0.055,1,0
903534,56.4,39455.68,17105.37,20.2,0.0799,0.0803,1,parceria_varejo,Sudeste,0.2666,4,0
904501,32.1,26073.95,7255.09,10.0,0.4087,0.4124,0,app,Norte,-0.1625,1,0
904982,51.5,19733.95,8385.94,34.0,0.1613,0.1795,2,agência,Sudeste,0.9059,0,0
905458,43.0,105262.71,41599.53,49.8,0.4362,0.431,0,agência,Centro-Oeste,-1.0329,0,0
903597,40.8,19826.01,7678.09,4.6,0.2405,0.259,0,app,Sudeste,-0.3538,3,0
901980,38.8,94344.61,42238.81,71.6,0.3554,0.3992,0,app,Sul,-1.332,2,0
900399,37.6,,9952.1,10.0,0.4272,0.3892,0,agência,Sudeste,0.5347,0,0
902692,35.3,24217.08,7090.09,19.1,0.0527,0.0544,0,agência,Sul,-0.5489,0,0
900554,21.9,49602.83,18349.72,11.7,0.1352,0.1513,0,agência,Sul,-0.4255,3,0
903295,44.1,101981.83,18097.69,70.0,0.3478,0.3748,2,agência,Sudeste,-1.9117,0,0
903343,44.3,30917.45,12237.56,35.3,0.038,0.038,0,app,Sul,0.4829,2,0
903722,30.7,23328.88,6835.97,6.0,0.1004,0.1097,0,app,Sul,0.362,2,0
904972,35.5,37104.49,12108.15,,0.3045,0.2906,0,agência,Sul,2.0222,0,0
902509,44.9,23887.31,3977.45,1.0,0.2791,0.2818,0,app,Sul,-0.1798,0,0
905019,35.6,58661.37,12124.48,,0.4622,0.4385,0,app,Sudeste,0.453,0,0
902693,31.0,19790.43,7617.57,22.2,0.2619,0.2909,1,app,Sudeste,0.0911,2,0
903233,46.1,150121.48,45211.24,27.6,0.3843,0.3965,0,agência,Sudeste,0.0261,4,0
901812,41.6,26422.98,10953.62,18.2,0.2762,0.2579,1,app,Sul,0.0096,1,1
904705,48.0,77177.94,19335.86,15.8,0.3725,0.3532,0,parceria_varejo,Centro-Oeste,-1.4688,2,0
904172,39.1,121151.24,41946.02,2.9,0.3501,0.3077,0,agência,Sul,-0.1417,0,0
900386,42.8,30331.29,10859.68,48.1,0.2602,0.2748,0,agência,Nordeste,2.1386,2,0
904759,60.6,54720.68,23225.45,9.6,0.4984,0.5078,1,app,Norte,1.1988,2,0
903082,34.3,74805.13,14049.86,100.2,0.312,0.286,0,agência,Sudeste,-0.8132,4,0
902171,27.5,86251.23,32014.34,9.3,0.3752,0.3762,1,app,Sudeste,0.5778,3,0
904252,18.0,53474.46,13941.54,7.7,0.0355,0.0333,1,app,Sudeste,0.5437,0,0
900409,53.4,59852.4,13015.53,12.8,0.4415,0.4624,1,indicação,Sudeste,0.4011,0,0
901451,35.5,156635.99,59700.06,77.3,0.246,0.2545,0,app,Nordeste,0.0838,3,0
905875,21.7,224126.97,44007.35,,0.0675,0.0619,1,app,Sudeste,0.0894,1,0
900191,37.9,88605.1,31777.82,1.0,0.1295,0.135,0,app,Sudeste,-1.0227,0,0
904414,37.7,35745.91,8160.02,2.3,0.193,0.1999,1,agência,Centro-Oeste,0.5896,2,1
903358,44.0,31748.64,7195.91,12.7,0.2239,0.232,1,agência,Sul,0.8164,2,0
900361,34.9,24293.19,9261.06,3.1,0.5364,0.5185,0,indicação,Sul,0.8342,1,0
900200,29.3,54698.94,22813.79,71.5,0.1101,0.0969,0,parceria_varejo,Norte,0.4498,0,0
900336,43.8,40749.81,14234.18,3.1,0.189,0.1521,0,app,Nordeste,1.1702,3,0
905918,33.5,67705.17,24950.43,14.7,0.1725,0.189,1,app,Sul,-0.1585,2,0
905238,36.2,36094.72,8934.27,10.3,0.5508,0.5617,0,agência,Norte,0.6057,3,1
904638,52.5,48358.89,12548.47,2.6,0.5885,0.5943,0,indicação,Sul,-0.2195,0,0
904649,34.3,,28644.06,9.9,0.1939,0.223,1,parceria_varejo,Sul,-0.3061,1,0
903474,54.9,85298.57,16915.16,16.3,0.0822,0.0768,1,indicação,Sul,0.395,2,0
902613,49.8,57478.92,24143.51,1.0,0.2091,0.1951,1,indicação,Sul,1.6428,0,0
904578,39.7,44719.82,17423.07,38.5,0.5443,0.5435,0,agência,Sudeste,-2.0546,4,0
903048,43.9,26325.79,11441.14,26.8,0.5882,0.6044,0,app,Sul,0.7398,4,0
900426,38.5,,11043.0,47.4,0.2044,0.2195,0,app,Sudeste,-0.7232,3,0
903235,54.0,62219.12,25648.05,3.1,0.1319,0.1309,0,agência,Sul,0.3035,1,0
905753,44.5,35143.35,14506.9,50.2,0.143,0.1478,0,parceria_varejo,Sul,-0.5758,4,0
903453,49.6,13194.27,3814.7,30.2,0.0624,0.0384,0,agência,Nordeste,-0.4478,4,0
903572,36.9,101469.09,35442.4,17.0,0.0819,0.0759,1,app,Sudeste,-1.1517,4,0
905820,36.3,29845.6,7647.33,19.1,0.5175,0.5268,0,agência,Nordeste,-1.6145,3,0
905698,36.6,39984.44,14307.36,19.6,0.4767,0.4749,0,agência,Norte,-0.01,1,0
903935,52.1,47502.97,10308.37,5.5,0.2792,0.2531,1,app,Nordeste,-2.3362,3,0
903789,36.3,30741.01,9253.93,1.7,0.4133,0.4048,0,app,Sudeste,-0.2829,2,0
903442,42.8,80610.21,12751.24,24.5,0.2748,0.2598,1,agência,Sudeste,-0.6941,1,0
901287,47.3,49303.15,17849.03,6.5,0.1387,0.1775,1,agência,Sudeste,0.7059,2,0
904004,27.4,61279.41,16482.33,95.7,0.0776,0.1001,0,app,Centro-Oeste,-1.2354,4,0
901574,41.3,108297.99,29595.5,29.0,0.5227,0.5481,0,app,Nordeste,0.0533,2,0
903823,36.0,30284.58,7083.22,,0.0874,0.0952,0,agência,Centro-Oeste,-0.6315,4,0
901373,48.7,56451.53,20645.17,5.9,0.223,0.2371,1,app,Nordeste,-2.2801,2,0
900959,47.7,29459.89,10936.98,15.9,0.5449,0.5735,0,parceria_varejo,Sudeste,-0.374,3,1
900071,35.0,58537.84,18936.76,32.1,0.3968,0.3883,0,agência,Nordeste,0.3289,2,0
903951,56.4,70764.02,15831.07,52.8,0.3009,0.3159,0,agência,Sudeste,-0.0825,1,0
903849,32.7,119710.0,49168.59,10.0,0.2382,0.2572,0,app,Nordeste,0.5042,0,0
901334,57.0,71015.0,26796.07,29.5,0.3971,0.3669,0,app,Norte,-1.3294,2,0
900169,25.1,,14423.39,32.3,0.4002,0.3983,0,agência,Sul,1.151,3,0
903660,39.5,29718.19,11381.48,,0.6393,0.6338,0,agência,Sudeste,0.9236,2,1
904034,59.7,30801.26,9870.86,8.0,0.4047,0.4208,0,agência,Sudeste,1.125,2,0
903475,46.3,49029.6,8817.22,48.2,0.4977,0.4869,0,app,Nordeste,-0.1775,2,0
900951,36.4,29439.56,11603.89,8.6,0.2187,0.2334,0,agência,Sudeste,1.3013,4,0
903871,40.4,17097.93,5650.58,11.4,0.5167,0.4836,1,agência,Nordeste,-1.1287,1,0
901342,29.2,20973.97,8224.78,10.7,0.2456,0.2295,2,app,Norte,-1.7438,2,0
901895,38.3,181501.22,37412.5,2.5,0.5903,0.6021,1,app,Sul,-0.1067,3,0
900097,64.7,26469.41,7181.14,75.9,0.24,0.2303,0,app,Sudeste,-0.3606,4,0
902047,36.7,38935.24,13443.83,14.9,0.5388,0.5442,0,app,Sudeste,-0.1525,4,0
903562,54.6,58715.27,16645.83,94.9,0.2435,0.2889,0,app,Sul,0.3514,4,0
901183,58.2,96799.92,38449.89,,0.4578,0.4713,0,agência,Sul,-0.5578,0,0
904458,47.6,39431.22,13476.32,76.9,0.4088,0.4138,3,app,Sudeste,0.6409,4,0
904205,46.3,43482.03,6953.85,5.6,0.3687,0.3722,1,app,Sudeste,-0.1266,0,0
904233,23.3,20960.08,6829.9,44.5,0.5604,0.5935,0,app,Nordeste,0.4611,4,0
905307,56.8,62208.23,17570.48,3.6,0.5425,0.5136,0,agência,Sudeste,-0.0751,4,0
901577,29.6,41732.86,18313.44,19.8,0.0804,0.0659,1,app,Centro-Oeste,-0.4726,3,0
903260,40.1,31882.69,7858.0,40.4,0.2286,0.2455,1,agência,Sudeste,-0.0615,3,0
904193,40.9,45083.55,9298.73,57.7,0.1385,0.1335,1,agência,Sul,1.1443,2,0
905057,61.8,22201.49,6376.44,18.1,0.2531,0.2323,0,agência,Nordeste,0.8746,3,0
905085,31.6,17219.6,4446.95,68.6,0.2838,0.2725,2,agência,Norte,-1.0996,2,0
905504,34.9,77093.3,33331.7,74.0,0.1,0.1125,0,parceria_varejo,Centro-Oeste,-1.4489,0,0
901093,33.1,123352.01,37278.41,56.9,0.4383,0.4468,0,app,Sul,-1.0013,0,0
903152,28.4,47697.31,13635.08,105.5,0.6206,0.6157,0,app,Nordeste,1.463,2,0
903989,40.9,21002.19,8150.68,58.1,0.3412,0.3153,0,parceria_varejo,Sudeste,-0.0081,3,0
900316,34.9,73977.46,21484.69,46.0,0.2522,0.2721,1,app,Nordeste,0.9399,0,0
903433,44.9,29228.52,12252.49,49.3,0.0899,0.1116,0,agência,Sudeste,1.0246,2,0
900132,41.3,35279.9,12575.4,41.4,0.2046,0.2084,0,agência,Sudeste,-0.3531,4,0
901770,40.1,46729.8,8670.89,,0.5258,0.5483,0,agência,Sudeste,0.6432,0,0
902666,38.8,73592.19,15582.78,26.4,0.2874,0.2873,1,indicação,Sudeste,-1.7916,1,0
901494,48.5,116944.92,35733.54,197.8,0.1794,0.2019,0,agência,Nordeste,1.5797,1,0
903840,43.0,28220.65,10575.93,6.6,0.3826,0.3672,0,indicação,Nordeste,-1.4275,4,0
901667,18.8,20095.11,4265.96,55.8,0.3599,0.3682,0,agência,Centro-Oeste,-0.317,2,0
900299,21.0,63979.19,11591.01,103.5,0.0379,0.0319,1,agência,Nordeste,-0.9537,3,0
904711,35.2,,6131.93,16.3,0.2383,0.2431,1,indicação,Sudeste,0.5538,2,0
900616,21.8,41307.55,17129.44,89.4,0.0691,0.0657,1,agência,Sudeste,-0.4473,4,0
905487,43.4,23334.46,10337.68,99.5,0.3375,0.3471,1,agência,Sul,0.1979,3,0
905255,53.6,,13613.46,36.4,0.2166,0.2297,0,indicação,Sul,0.0786,1,0
901059,31.5,82071.8,29010.74,10.1,0.3707,0.3755,1,app,Sudeste,-0.3044,4,0
902053,47.3,69097.57,16875.66,86.1,0.1921,0.2042,1,indicação,Sudeste,-0.0955,3,0
903584,46.3,101847.31,21104.19,1.0,0.274,0.283,0,agência,Sudeste,-1.5763,1,0
905473,42.8,24378.9,10438.14,30.2,0.1206,0.1516,0,parceria_varejo,Sudeste,-0.6797,0,0
903210,41.0,56273.88,15337.41,40.8,0.3584,0.3602,0,app,Sudeste,-0.6947,4,0
902231,35.2,139931.5,38340.34,28.0,0.299,0.2792,0,app,Centro-Oeste,0.3514,2,0
901143,52.5,79737.65,12821.35,4.4,0.1764,0.1629,1,app,Nordeste,-1.2526,0,1
900703,39.2,25502.53,8695.94,17.4,0.5082,0.5168,1,agência,Centro-Oeste,1.0421,2,0
902417,38.9,53348.05,19842.04,3.1,0.5293,0.5107,0,agência,Sudeste,-1.3817,2,0
901128,22.4,22611.1,8121.28,,0.3943,0.3639,2,indicação,Sudeste,-0.1108,4,0
905515,24.4,40618.94,7347.55,45.8,0.3457,0.3239,0,app,Nordeste,0.9669,2,0
904895,44.9,44122.41,18843.35,61.9,0.1783,0.1935,0,agência,Sudeste,1.0848,4,0
905432,40.4,27785.87,9815.06,1.5,0.3733,0.4064,1,agência,Centro-Oeste,1.7261,0,0
900414,31.3,34151.15,6466.7,55.3,0.4355,0.4526,0,indicação,Nordeste,0.5936,1,1
904541,39.9,64625.92,16892.8,10.3,0.033,0.0212,0,parceria_varejo,Norte,-0.5365,2,0
900211,24.0,22594.55,3791.13,17.2,0.3381,0.3465,0,agência,Nordeste,1.5371,1,0
903113,55.5,38434.36,15954.47,13.6,0.2507,0.257,0,indicação,Nordeste,-0.2281,4,0
903213,49.9,,25785.38,,0.5121,0.5047,1,parceria_varejo,Sudeste,-0.3854,4,0
905039,19.6,43541.98,12498.37,2.0,0.4078,0.4147,0,agência,Nordeste,-1.8103,1,0
903491,46.0,16996.07,5763.75,9.2,0.5043,0.52,0,app,Nordeste,0.2476,4,0
905495,42.6,48248.34,19444.44,28.9,0.4636,0.4628,0,app,Sudeste,-1.0978,1,0
902122,41.1,43262.18,11088.35,22.6,0.2197,0.2062,1,indicação,Nordeste,-0.4857,0,0
905379,34.9,63913.2,22595.51,3.6,0.1627,0.1335,1,indicação,Nordeste,0.7612,4,0
902722,44.0,,22909.34,7.4,0.2127,0.1909,0,app,Sul,0.5303,1,0
901646,39.8,40441.23,16278.77,57.4,0.0944,0.1204,0,agência,Sudeste,-1.7983,0,0
900940,45.0,32844.16,6841.53,,0.089,0.0738,0,indicação,Sudeste,-1.146,2,0
905976,35.5,59491.71,14627.19,117.6,0.3274,0.365,1,agência,Centro-Oeste,0.0111,1,0
905768,40.0,86557.43,17737.4,7.9,0.414,0.4368,0,parceria_varejo,Sul,-1.108,2,0
902451,30.5,78151.16,18809.48,3.6,0.1315,0.1648,1,app,Nordeste,-0.6512,4,0
900713,56.3,50678.55,20041.05,44.6,0.3927,0.3994,0,indicação,Sudeste,-0.4944,0,0
904731,27.3,53910.35,11068.99,26.6,0.2351,0.2485,0,app,Norte,-0.2067,1,0
901078,31.4,32651.41,39491.30606329208,132.4,0.3644,0.3478,0,agência,Sul,1.7624,0,0
902203,30.6,23694.88,7512.99,65.2,0.0185,0.026,0,indicação,Sul,-0.0675,0,0
901135,41.9,91017.04,17673.03,50.8,0.1521,0.1803,0,app,Sudeste,-1.3095,4,0
902409,52.8,44238.24,7902.2,10.8,0.3477,0.369,0,agência,Nordeste,0.1535,2,0
900046,60.3,55217.76,14791.28,89.6,0.0727,0.0814,0,agência,Sul,-0.8805,2,0
901955,32.2,90423.45,28639.72,8.8,0.2389,0.2613,1,indicação,Centro-Oeste,1.3669,0,0
905031,42.7,32237.72,12067.38,14.5,0.1231,0.1449,0,agência,Sudeste,1.1063,3,0
903618,36.1,184712.8,42134.31,51.0,0.1702,0.1872,1,indicação,Sudeste,-0.2983,2,0
900779,45.2,81401.63,29160.34,1.7,0.525,0.5276,0,parceria_varejo,Sul,-0.6315,1,0
902901,36.7,26192.44,4267.25,5.9,0.3705,0.3776,0,app,Sudeste,0.6792,2,0
902938,32.1,32584.3,5392.96,69.5,0.081,0.0953,1,agência,Sudeste,1.6083,3,0
900796,18.7,43386.01,12890.98,1.0,0.505,0.4866,0,app,Sudeste,0.0269,3,0
903488,31.6,31403.03,5138.86,3.4,0.2956,0.3205,0,agência,Norte,0.2886,1,0
905390,45.8,59261.21,9731.11,44.5,0.1468,0.1626,0,indicação,Nordeste,-0.1146,1,0
903831,25.2,40951.12,17413.79,19.4,0.339,0.3559,0,agência,Sudeste,0.1357,4,0
905314,32.4,92203.69,39807.06,20.6,0.305,0.29,1,app,Sudeste,-0.8726,2,0
902567,18.0,78838.78,28018.48,83.3,0.3358,0.3395,0,app,Norte,0.539,1,0
904097,48.2,70061.41,16084.54,20.0,0.0365,0.0165,0,agência,Sul,0.7883,1,0
905777,33.7,51260.2,21035.69,27.3,0.2064,0.2099,2,indicação,Nordeste,-0.9415,2,0
900936,40.4,36129.06,13247.15,32.5,0.5825,0.5749,1,agência,Norte,0.1153,3,0
900351,27.7,108267.11,47356.73,42.1,0.1369,0.1598,0,agência,Sul,0.5584,3,0
905889,45.7,86578.75,33628.12,51.2,0.0986,0.0988,1,agência,Sudeste,2.4249,1,0
901733,26.7,27739.11,11424.62,71.2,0.729,0.7141,0,agência,Sul,-0.0686,3,0
900365,41.4,77817.33,22860.06,4.8,0.0483,0.0581,2,app,Sudeste,0.4334,0,0
903212,52.2,30328.24,5578.3,20.0,0.1157,0.1069,0,agência,Centro-Oeste,-1.0792,3,0
904808,22.8,22823.07,7948.89,,0.3267,0.3565,1,parceria_varejo,Sudeste,0.0063,4,0
905987,26.7,58113.03,22897.75,48.2,0.4636,0.478,0,indicação,Sul,0.2791,0,0
905986,51.7,50855.84,18321.37,16.3,0.1785,0.166,2,indicação,Centro-Oeste,0.5131,4,0
901015,24.9,91447.07,276843.37033247313,6.8,0.1495,0.1079,1,app,Nordeste,-1.3035,3,0
901081,31.6,58807.14,20011.17,57.6,0.2605,0.2624,0,app,Nordeste,0.2059,3,0
903368,51.4,41968.06,16400.41,85.4,0.6065,0.6022,0,app,Norte,-0.3733,1,0
903551,41.6,45903.34,16793.99,19.7,0.5481,0.5363,3,app,Nordeste,0.7263,1,1
900744,53.3,32427.0,8466.35,6.1,0.1377,0.1315,0,agência,Centro-Oeste,-1.7495,2,0
900686,38.1,31950.46,10959.45,53.2,0.3932,0.3845,0,agência,Sul,0.1668,0,0
900963,39.6,55637.87,17254.86,93.6,0.3613,0.3683,0,agência,Sudeste,-0.2061,2,0
900677,63.2,57877.54,14261.76,41.3,0.354,0.3983,0,app,Nordeste,-0.2154,1,0
905299,43.1,37130.28,8007.01,4.5,0.331,0.3089,0,app,Sul,-0.0447,1,0
902773,31.7,94418.42,39866.24,18.8,0.0968,0.1007,0,app,Sudeste,-0.2393,4,0
904551,53.0,41986.43,11558.65,43.9,0.5523,0.6006,0,agência,Sudeste,-1.9124,2,0
901719,35.0,51141.24,15132.03,87.6,0.4779,0.4734,0,app,Nordeste,1.2061,1,0
904063,24.6,49759.44,17105.03,5.4,0.2898,0.3263,1,app,Nordeste,-0.119,0,0
901235,52.1,68042.26,12242.24,,0.5273,0.5271,0,indicação,Sudeste,1.7297,1,0
901454,30.2,34030.63,13956.75,21.4,0.52,0.5187,1,agência,Nordeste,-1.0815,0,0
903367,48.4,88682.5,33392.72,65.8,0.1171,0.1229,0,app,Sudeste,-1.9259,2,0
903073,26.7,33157.74,7049.05,14.4,0.6377,0.6245,0,app,Sul,0.5796,0,0
905844,28.0,44837.86,12473.09,17.9,0.0864,0.1058,1,app,Sudeste,0.0098,2,0
904271,50.2,75259.0,15960.64,9.9,0.4159,0.422,0,indicação,Sudeste,0.2556,2,0
905793,36.8,22667.18,4459.78,35.9,0.1344,0.1567,0,indicação,Sul,-1.8779,4,0
901236,42.1,43099.37,7109.58,3.4,0.2909,0.2695,0,agência,Sudeste,0.2889,4,0
904608,40.4,107258.17,41832.1,149.5,0.1428,0.1639,0,indicação,Sudeste,0.9866,3,0
901037,35.4,54005.32,23831.46,14.4,0.7049,0.7084,0,app,Centro-Oeste,0.8989,1,1
903473,52.8,24606.67,5387.62,12.5,0.1385,0.1519,0,app,Nordeste,-0.5359,0,0
904655,48.5,168403.05,40534.54,29.2,0.3359,0.3268,2,app,Sudeste,0.9035,2,0
903750,55.9,,5858.39,3.2,0.1378,0.169,0,agência,Norte,-0.8348,1,0
900506,30.4,69564.15,28077.86,20.5,0.0881,0.1166,0,app,Sudeste,-0.9064,3,0
904569,38.5,60912.55,27133.14,13.2,0.4312,0.4437,0,app,Sudeste,-0.0267,2,0
900458,37.5,68230.17,29833.54,25.5,0.3903,0.3774,0,agência,Sul,1.8973,1,0
901113,33.6,49921.16,21876.2,54.6,0.2493,0.2629,1,app,Centro-Oeste,-0.1296,0,0
905228,46.2,31270.97,13188.58,86.4,0.2422,0.2267,1,app,Sudeste,1.8558,0,0
900955,46.9,49176.96,18978.31,9.5,0.0609,0.0588,0,agência,Sul,0.5963,4,0
900924,38.1,62669.94,12258.59,94.1,0.3561,0.3122,0,agência,Norte,0.0072,2,0
900341,26.8,43969.25,18510.89,16.9,0.3723,0.3374,0,app,Sul,0.5271,3,0
905501,33.0,111958.62,31029.38,99.5,0.2172,0.2404,0,app,Sudeste,0.4304,0,0
903498,36.5,95772.9,34330.96,200.6,0.6396,0.6254,1,indicação,Sul,0.0598,1,0
904989,56.2,287317.94,64360.05,53.9,0.4589,0.459,0,agência,Nordeste,0.664,3,0
900574,40.0,24683.01,9284.88,9.1,0.1646,0.1486,1,agência,Sudeste,0.1669,2,0
900987,33.9,95836.62,17384.41,69.3,0.4167,0.4391,2,app,Sudeste,-0.8465,1,0
900719,40.0,102837.09,36987.4,1.0,0.282,0.272,0,parceria_varejo,Sudeste,2.3875,0,0
901195,51.8,75075.95,31197.8,17.1,0.1659,0.1898,1,parceria_varejo,Sul,1.3099,0,0
901074,53.4,82670.77,15009.98,12.1,0.0204,0.0434,1,agência,Nordeste,0.35,0,0
905611,37.6,41964.46,6541.91,24.5,0.2673,0.2684,1,agência,Sudeste,0.1232,4,0
904612,31.5,80700.13,13859.76,53.6,0.4461,0.471,0,indicação,Nordeste,-0.3621,2,0
905966,37.4,53871.08,10105.15,1.1,0.535,0.5058,0,indicação,Nordeste,-0.9817,4,0
903147,45.7,24887.02,5062.26,27.1,0.3034,0.2987,0,agência,Sul,1.0724,4,0
905172,20.7,29329.1,12244.75,40.0,0.4712,0.4734,0,agência,Centro-Oeste,0.6563,1,0
900047,38.7,33933.03,13284.81,,0.5305,0.5281,2,indicação,Nordeste,0.2273,3,0
901553,35.3,17731.84,5613.83,9.8,0.7355,0.723,0,indicação,Sul,-1.3519,0,0
904473,18.0,57633.18,9003.52,6.5,0.1534,0.1693,0,app,Sudeste,1.2828,0,0
903598,49.2,66926.48,26591.07,5.0,0.4023,0.4065,1,agência,Sudeste,-1.0841,1,0
904222,62.4,48603.04,9431.96,11.6,0.0798,0.0779,0,app,Nordeste,0.3664,3,0
903068,32.2,74884.79,32758.21,57.1,0.4594,0.463,0,agência,Nordeste,-0.143,4,0
905578,39.2,47161.45,13724.78,,0.6675,0.6515,2,app,Sul,0.4271,0,1
905067,18.0,65287.97,25821.06,24.1,0.2447,0.2475,1,app,Sudeste,-0.5207,2,0
901032,38.1,45200.01,12957.05,18.7,0.4473,0.4742,1,parceria_varejo,Sudeste,0.2685,4,0
901856,18.0,165897.01,69857.42,8.4,0.2428,0.266,0,app,Sudeste,-0.3532,2,0
904841,37.2,37386.38,7583.16,26.1,0.6475,0.6294,1,agência,Sul,-0.6224,1,1
900547,37.9,82685.48,12609.41,3.2,0.447,0.4651,0,indicação,Sul,-0.007,3,0
900793,55.5,44657.05,12426.31,38.2,0.2011,0.1863,1,app,Norte,-0.4915,3,0
901501,43.4,35615.25,14904.83,165.7,0.1363,0.13,0,app,Nordeste,0.3155,4,0
901572,45.8,53638.28,16927.82,72.4,0.3263,0.3341,0,indicação,Sul,-1.7412,0,0
902480,48.1,35693.84,15779.2,,0.6443,0.6679,0,app,Sudeste,0.7093,3,1
900870,36.2,32355.95,7846.86,1.9,0.1621,0.1874,0,app,Sul,-0.5815,0,0
902676,40.5,47718.51,8158.42,88.3,0.3052,0.2941,2,app,Sul,2.361,4,0
902470,61.4,,8556.25,17.3,0.3906,0.4172,1,agência,Sudeste,1.5271,1,0
900330,18.0,60640.95,12984.89,12.1,0.4502,0.473,0,agência,Sudeste,-0.4169,1,0
902351,33.2,49889.17,10545.78,54.6,0.2799,0.3209,1,agência,Nordeste,1.5593,0,0
903520,18.0,54445.41,11705.56,18.5,0.1799,0.1833,1,app,Sudeste,-0.4736,1,0
904107,34.4,86547.43,13304.9,54.0,0.6553,0.6513,0,app,Sul,1.2312,0,0
903687,39.5,105475.57,38149.71,9.7,0.2751,0.2758,0,indicação,Sudeste,-1.1585,1,0
902445,35.4,59868.02,17786.53,115.4,0.6312,0.6591,2,agência,Sul,-1.5225,4,0
901713,29.4,44199.49,35613.28641268727,1.3,0.0563,0.0664,1,parceria_varejo,Sudeste,-0.9376,0,1
905316,23.9,27577.93,5639.11,40.6,0.2605,0.271,0,app,Sudeste,0.8872,4,0
905350,40.0,50984.24,11397.14,45.2,0.0449,0.057,1,app,Sudeste,1.0997,4,0
905344,49.8,54817.97,104286.54062591965,11.6,0.1185,0.1458,0,app,Sudeste,1.194,4,0
904943,49.5,40612.62,12878.68,28.5,0.3818,0.38,0,agência,Sul,0.7275,4,0
900710,58.9,37714.96,7564.32,44.7,0.0788,0.1064,0,app,Sul,0.7073,0,0
903294,49.1,18020.04,6765.91,25.4,0.2446,0.2563,0,app,Centro-Oeste,-1.5936,1,0
901101,58.6,44069.43,17794.28,31.5,0.2391,0.26,1,indicação,Sudeste,-0.3657,1,0
905832,37.6,20757.4,3911.02,75.3,0.3987,0.4182,0,indicação,Sul,-0.7457,2,0
904396,42.2,43184.51,12656.19,18.5,0.118,0.1412,1,agência,Sudeste,1.2771,1,0
900889,37.8,70604.33,16133.9,87.7,0.43,0.433,0,app,Sudeste,0.688,0,0
902748,60.9,114981.87,50960.25,15.0,0.1633,0.1752,0,agência,Sudeste,1.5267,0,0
900356,49.8,62738.81,10101.81,4.0,0.3138,0.3467,1,app,Nordeste,0.3458,4,0
901304,44.6,37882.68,13304.9,1.0,0.4383,0.4273,0,indicação,Nordeste,-1.2028,1,0
903061,42.0,132231.77,47400.17,18.1,0.2324,0.2267,0,agência,Sudeste,-0.3835,1,0
900493,25.4,39852.47,15923.07,46.9,0.1622,0.1979,1,agência,Sudeste,-1.0598,2,0
901103,50.6,48752.21,12860.92,23.4,0.2274,0.2331,1,parceria_varejo,Sudeste,-0.9113,2,0
900069,41.5,15275.11,6075.3,11.4,0.0494,0.0319,0,agência,Nordeste,0.9596,4,0
901313,42.8,30242.57,6478.49,48.4,0.0572,0.1007,0,indicação,Sudeste,-1.2052,1,0
903640,23.3,55081.92,11852.44,60.4,0.4233,0.4327,0,app,Sul,-1.9294,4,0
905199,49.2,89173.06,22662.67,65.5,0.2822,0.2698,1,agência,Centro-Oeste,1.3964,2,0
903587,64.2,18285.47,6480.71,54.0,0.3304,0.3089,0,agência,Sul,-0.7424,4,0
901618,46.5,57727.08,23059.16,1.2,0.4312,0.4064,0,app,Nordeste,0.0038,3,0
904257,44.7,29266.55,7489.93,12.4,0.2893,0.323,0,app,Centro-Oeste,0.3472,2,0
901535,51.4,79695.3,23806.05,12.6,0.3337,0.3189,0,agência,Nordeste,-0.6,2,0
900175,18.6,47811.68,13078.91,59.6,0.2947,0.3036,0,agência,Nordeste,0.5887,4,0
900981,52.1,145232.75,57018.65,43.1,0.3416,0.3467,0,agência,Sudeste,-0.3311,3,0
903214,69.5,,12822.79,29.4,0.3236,0.3563,0,agência,Centro-Oeste,0.0702,4,0
900826,45.6,318325.23,129188.3,18.5,0.1362,0.138,1,agência,Sul,-1.8261,1,0
902452,49.0,107712.89,23446.05,1.1,0.2528,0.2426,0,agência,Nordeste,-0.426,2,0
905574,35.8,19685.36,4206.11,30.5,0.4039,0.4111,0,app,Sudeste,1.501,4,0
901254,64.3,21836.5,7184.79,9.0,0.102,0.1108,2,agência,Nordeste,0.0974,3,0
904200,44.5,81493.11,21666.28,4.0,0.1841,0.1836,1,agência,Sudeste,-1.6813,0,0
902010,29.7,42920.2,12626.7,44.0,0.1019,0.1148,0,app,Sudeste,1.0643,0,0
903150,46.9,72048.55,14717.22,13.9,0.4037,0.3571,0,app,Nordeste,-2.7907,2,0
904253,30.2,52017.67,14521.45,26.1,0.0646,0.0492,0,agência,Sudeste,1.6796,1,0
903144,53.9,46748.21,12019.23,27.1,0.2095,0.1862,2,agência,Sul,0.6308,1,0
900764,33.0,49765.36,7602.86,3.1,0.4913,0.4466,0,agência,Sul,0.8397,4,0
905755,42.8,72525.8,15845.69,10.2,0.0072,0.0035,1,agência,Sudeste,0.4744,3,0
901600,48.4,81126.42,18501.91,32.2,0.4638,0.455,1,agência,Sudeste,1.1249,2,0
900002,52.6,24665.75,5324.11,26.9,0.0477,0.0573,0,agência,Norte,-0.3398,1,0
900800,37.5,39410.42,14480.94,18.1,0.2963,0.2528,0,app,Sudeste,-0.2084,2,0
900786,26.8,94525.13,29258.31,7.3,0.1749,0.1919,0,app,Nordeste,1.4654,1,0
904359,30.5,57469.82,23637.8,12.2,0.2442,0.2223,0,app,Sudeste,-0.958,0,0
905908,49.6,82300.33,32262.26,1.0,0.3227,0.3503,1,parceria_varejo,Centro-Oeste,0.1287,0,0
903095,41.4,95512.51,41709.23,21.8,0.4338,0.4633,0,agência,Sul,-0.9889,3,0
904446,35.2,71106.01,30150.49,25.0,0.2789,0.2791,0,indicação,Sudeste,-0.5574,1,0
900674,56.9,79215.67,20080.96,2.6,0.1971,0.1635,0,app,Sudeste,-1.1955,1,0
905114,45.6,36186.36,8737.42,22.7,0.2364,0.2103,1,agência,Sudeste,-1.5849,0,0
903429,33.0,39151.23,15340.39,22.1,0.6618,0.6757,0,app,Sul,0.8791,1,0
905214,35.9,20039.2,6929.31,69.6,0.2958,0.2807,1,indicação,Nordeste,0.6787,2,1
903561,35.6,58612.66,15385.58,14.3,0.6782,0.6426,1,app,Centro-Oeste,-0.4252,2,0
904696,42.8,77443.35,17949.22,59.9,0.1563,0.1404,3,parceria_varejo,Norte,0.9987,3,0
902803,42.3,56979.67,24982.22,19.4,0.1568,0.1205,0,app,Nordeste,0.0374,1,0
900238,44.8,17159.13,7422.37,11.8,0.5566,0.5558,1,app,Nordeste,0.2979,3,0
900427,74.2,23563.54,6888.96,22.6,0.2076,0.2082,1,agência,Sudeste,1.1059,3,0
905101,58.6,56365.3,8713.72,24.7,0.2768,0.3127,1,agência,Sul,0.6994,1,0
900204,47.7,64813.11,18855.91,3.6,0.5926,0.6177,0,parceria_varejo,Norte,0.9451,0,0
900923,40.0,76265.35,18688.25,2.0,0.4895,0.4891,2,app,Nordeste,-0.7778,1,0
900240,36.1,24520.46,5486.38,67.3,0.0732,0.0647,0,agência,Sudeste,0.3335,3,0
903501,34.8,27881.6,9823.81,71.8,0.4244,0.3988,0,app,Nordeste,-1.9619,2,0
901927,43.4,98475.06,43628.77,3.1,0.3421,0.3682,1,app,Sudeste,0.1767,4,0
904522,30.2,,32733.64,4.9,0.3772,0.3672,1,indicação,Sudeste,0.8078,0,0
900670,24.1,56210.68,12743.42,4.8,0.5211,0.5393,0,app,Sudeste,-0.8927,4,0
903608,36.3,38762.88,14669.02,,0.3194,0.3422,2,indicação,Sudeste,-0.1518,0,0
903120,49.0,21255.95,8336.77,25.2,0.0879,0.0795,0,app,Nordeste,-0.6821,1,0
905947,51.2,40693.65,6209.15,32.8,0.3385,0.3344,0,app,Centro-Oeste,0.7791,4,0
905217,48.5,38365.73,7793.94,1.1,0.5067,0.5057,1,agência,Norte,-0.5643,0,0
900694,38.1,54434.56,18016.27,24.3,0.3937,0.3959,0,agência,Norte,0.7271,3,0
903155,23.8,92389.19,27004.1,51.9,0.3094,0.3107,0,agência,Sudeste,0.4648,4,0
901023,18.5,44937.45,16202.01,8.8,0.2706,0.2855,0,agência,Sudeste,1.3628,0,0
902776,45.9,45746.42,12311.68,35.3,0.6364,0.6246,1,indicação,Nordeste,-0.5539,2,1
904415,34.8,30601.28,7189.05,32.1,0.0926,0.0938,0,app,Sudeste,-0.5761,1,0
904258,18.8,43739.01,16070.67,5.7,0.1283,0.1225,0,indicação,Sudeste,0.5969,2,0
901044,38.6,49940.91,12168.94,3.8,0.3982,0.4257,3,indicação,Sul,0.1278,0,0
900366,47.2,40481.86,8901.59,23.2,0.1998,0.1757,0,agência,Sudeste,2.5359,0,0
903894,28.8,44702.45,7721.06,15.1,0.1693,0.2034,0,app,Sudeste,-0.5156,3,0
905702,37.1,52268.47,14335.89,69.2,0.2782,0.2816,0,app,Sudeste,-0.6371,2,0
901140,34.8,26988.71,8956.72,8.0,0.2489,0.2654,0,app,Centro-Oeste,-0.5094,4,0
901378,33.1,39457.63,8144.82,4.9,0.2073,0.1832,0,agência,Sul,0.9687,2,0
900259,26.7,103068.08,26691.61,35.9,0.2549,0.2803,0,indicação,Nordeste,0.9218,2,0
902307,23.8,49118.65,21551.91,51.1,0.6419,0.6199,1,app,Sul,-0.7897,0,0
904873,47.1,24887.32,11020.58,10.2,0.4184,0.4091,1,agência,Sudeste,1.7015,2,0
903289,34.8,34424.11,9324.97,5.7,0.5839,0.5501,0,agência,Nordeste,-1.3045,3,0
905713,48.6,19860.87,8685.05,7.0,0.2958,0.2527,0,parceria_varejo,Sudeste,0.719,0,0
902996,38.5,77374.69,12638.1,85.6,0.6838,0.7037,0,indicação,Sudeste,-0.1616,2,0
904810,32.4,39814.52,8741.5,83.8,0.4033,0.4147,0,indicação,Sudeste,0.4046,4,0
901214,44.2,24500.63,10450.48,20.7,0.3173,0.2937,1,agência,Sudeste,-0.8099,4,0
903098,46.6,45858.09,14877.05,16.4,0.4112,0.3908,0,agência,Nordeste,-0.4349,4,0
900163,42.4,87429.64,18306.68,20.8,0.3279,0.314,0,agência,Sudeste,-1.0547,1,0
905893,42.5,24737.48,8231.64,4.4,0.3292,0.3251,1,agência,Nordeste,-1.4056,0,1
902907,48.8,22526.37,8575.09,7.7,0.0649,0.0529,0,app,Nordeste,0.4947,1,0
901583,33.9,22544.67,6704.76,11.3,0.4779,0.4894,0,parceria_varejo,Nordeste,1.0281,1,0
900264,32.5,16356.63,4603.5,37.6,0.4548,0.4333,0,parceria_varejo,Sudeste,1.1241,3,0
900385,39.4,39456.07,11605.21,3.3,0.2977,0.3196,0,indicação,Sudeste,-0.5481,1,0
901943,31.7,22835.36,5941.28,51.3,0.2588,0.2823,0,agência,Sul,0.1695,0,1
900231,41.6,34580.37,5627.57,30.2,0.2639,0.267,2,app,Sudeste,0.2005,3,0
902336,40.9,94386.17,35242.99,28.9,0.3142,0.3332,1,agência,Sudeste,1.4306,3,0
905140,47.5,68974.28,11076.79,4.9,0.139,0.1238,0,agência,Norte,0.8358,4,0
905984,28.4,55368.5,13402.58,140.2,0.1835,0.2032,0,agência,Norte,-0.5629,4,0
900701,32.6,40090.96,6638.76,30.7,0.5767,0.5677,1,app,Nordeste,0.9834,0,0
905367,28.0,32208.58,12338.16,32.9,0.2347,0.2367,0,app,Centro-Oeste,2.0181,0,0
904654,24.7,31193.22,8836.97,68.5,0.3828,0.3644,0,app,Sudeste,2.0098,1,0
900272,36.5,37836.53,12694.74,43.6,0.2413,0.2305,0,agência,Nordeste,-0.2036,2,0
903905,24.6,40236.86,13131.1,39.4,0.282,0.3017,0,app,Sudeste,0.1031,2,0
901126,39.6,36596.27,6973.24,3.3,0.1521,0.1774,0,agência,Norte,-0.4503,4,0
901395,36.0,25060.55,10948.16,36.1,0.2152,0.2132,0,app,Sudeste,1.0118,1,0
900277,40.9,57047.07,18728.89,53.3,0.3867,0.3952,2,app,Centro-Oeste,-0.6654,2,0
901151,47.7,35652.4,10770.84,55.5,0.2012,0.2164,0,indicação,Sudeste,-0.3975,0,0
902383,26.9,14240.73,5182.27,105.1,0.1269,0.1697,0,app,Sudeste,-0.2114,0,0
901019,54.2,156371.83,63158.99,19.4,0.1674,0.1515,1,indicação,Centro-Oeste,0.0651,2,0
901886,22.3,28391.89,4641.01,44.2,0.3601,0.3371,0,indicação,Sudeste,-1.6903,3,0
905941,42.9,35686.37,8741.58,17.0,0.1508,0.1516,1,indicação,Sudeste,-0.4068,4,0
901446,49.8,19977.75,6148.47,65.8,0.1349,0.1295,0,app,Norte,0.041,1,0
905319,18.1,,5864.58,,0.2646,0.2873,1,agência,Nordeste,-1.715,0,0
904673,40.5,30888.92,8960.29,52.9,0.2743,0.2804,1,app,Sudeste,-1.476,1,0
905156,37.1,42675.06,6639.97,11.5,0.2326,0.202,0,agência,Sudeste,0.4563,2,0
904744,36.7,44832.25,15237.58,87.5,0.0629,0.057,0,agência,Norte,1.1452,4,0
902143,36.3,140344.58,56461.96,5.9,0.4177,0.4115,1,app,Centro-Oeste,1.6055,0,0
902808,53.8,15418.28,3702.46,92.6,0.2522,0.2671,1,app,Sudeste,-1.3584,3,0
901094,48.8,44271.73,17879.24,38.5,0.1728,0.1654,0,agência,Nordeste,-1.7971,3,0
904331,35.0,22497.27,5927.49,28.2,0.2429,0.2283,0,app,Nordeste,1.7983,1,0
904595,35.0,83826.69,27416.13,2.1,0.3009,0.3201,0,app,Sudeste,2.1186,1,0
902922,36.6,90536.99,20302.53,57.0,0.1885,0.1848,0,app,Sudeste,-0.2293,4,0
904082,33.5,66039.76,17563.23,29.6,0.0283,0.0017,1,app,Nordeste,0.956,2,0
902545,41.2,56310.15,13054.32,120.0,0.1667,0.1118,2,app,Norte,-1.9157,4,0
900964,45.3,15888.24,2767.6,12.5,0.5672,0.5625,0,indicação,Sudeste,1.1984,1,0
905327,32.3,32367.67,8146.07,5.3,0.5569,0.5982,1,parceria_varejo,Nordeste,-1.2972,3,1
900179,18.0,19778.84,7789.04,37.4,0.2237,0.2084,1,app,Norte,-0.8907,2,0
905887,55.7,25452.54,10180.83,,0.4535,0.4438,0,app,Nordeste,2.4316,1,0
904118,36.5,34812.67,10154.42,107.0,0.2232,0.2263,0,agência,Nordeste,0.111,0,0
903643,18.0,53369.12,21639.48,6.9,0.32,0.3666,0,indicação,Centro-Oeste,-0.2154,1,0
904431,53.1,136443.43,38214.28,,0.1629,0.1371,0,app,Sudeste,-0.3121,4,0
905551,42.0,69146.63,15659.45,26.2,0.5225,0.4932,0,indicação,Sudeste,-1.0106,4,0
901952,36.7,45280.24,19049.22,83.6,0.2972,0.3158,1,app,Sudeste,0.2957,2,0
902157,44.0,29704.42,5771.89,1.0,0.1481,0.1698,1,app,Sudeste,-1.3935,2,0
902735,54.6,161129.2,58283.71,93.6,0.1718,0.1755,0,parceria_varejo,Sudeste,-0.5948,0,0
900105,34.3,61897.39,10280.51,4.6,0.1835,0.1739,0,app,Sul,-0.6546,1,0
903804,20.2,69968.53,28073.85,15.9,0.3625,0.3777,0,agência,Sudeste,-0.2366,0,0
900999,35.6,66635.3,13505.35,10.7,0.3334,0.2903,0,app,Sudeste,-1.5231,0,0
903979,40.4,79994.71,13692.43,20.3,0.4433,0.4463,0,indicação,Sul,0.7602,2,0
900488,21.0,15364.6,3636.37,33.3,0.2738,0.2654,0,agência,Sudeste,2.8339,0,0
901341,60.2,,4002.37,4.5,0.1704,0.2005,1,indicação,Norte,-0.3313,0,0
905642,41.8,123816.63,54002.84,24.0,0.6738,0.6848,1,app,Nordeste,-0.2653,1,0
902041,46.9,22207.87,7605.56,21.5,0.1027,0.0827,0,indicação,Sudeste,0.8375,0,0
902139,33.0,48126.67,12225.66,7.4,0.287,0.2655,0,app,Sudeste,1.1591,3,0
904135,28.9,25206.88,3813.96,12.7,0.1167,0.1191,0,agência,Nordeste,-0.775,0,0
905161,27.4,53638.5,19583.91,38.4,0.6722,0.7193,1,app,Sudeste,-0.57,1,0
902744,44.8,32199.1,10432.3,8.2,0.1339,0.1208,0,parceria_varejo,Sudeste,-1.4089,3,0
902019,23.9,192618.53,81209.82,38.0,0.2385,0.2446,0,app,Sul,-2.5576,4,0
904760,23.4,72294.65,30242.57,3.6,0.3374,0.3415,0,agência,Nordeste,-0.5462,0,0
905599,49.1,117946.76,45685.3,11.4,0.1954,0.2143,0,app,Sudeste,0.0444,2,0
904092,51.5,28328.33,12296.69,33.2,0.2816,0.2726,0,indicação,Sudeste,1.4459,0,0
904729,39.0,35081.54,9580.37,10.9,0.0989,0.0996,0,app,Sudeste,-0.3142,4,0
901602,52.9,37188.39,7801.35,1.0,0.196,0.1856,1,agência,Sudeste,-0.7139,1,0
901157,43.4,78359.62,27098.97,108.9,0.1454,0.13,0,app,Nordeste,-2.6746,0,0
904270,45.7,56666.8,19807.91,154.2,0.4472,0.4048,1,parceria_varejo,Centro-Oeste,1.182,1,1
902917,50.7,35339.14,6845.62,131.6,0.3662,0.3733,0,agência,Nordeste,-0.5305,3,0
905937,50.3,94021.47,14792.45,128.2,0.1458,0.1409,0,agência,Sul,1.0213,1,0
904380,48.6,68328.33,16347.33,45.7,0.3387,0.2975,0,indicação,Sul,0.4081,0,0
901052,37.0,32999.74,9355.66,8.3,0.4861,0.4823,0,app,Sudeste,-1.4321,4,0
901149,39.0,53177.66,18087.09,7.5,0.2807,0.2964,0,agência,Nordeste,0.9364,4,0
903222,39.4,24574.3,10293.06,27.4,0.3214,0.317,1,app,Centro-Oeste,0.4342,2,0
901762,50.1,36475.99,13189.6,57.6,0.244,0.2235,0,indicação,Nordeste,-0.2365,1,0
903906,46.3,59189.35,12150.58,115.3,0.3727,0.3929,0,agência,Centro-Oeste,0.256,0,0
900475,44.9,38444.85,9595.43,5.7,0.4308,0.42,0,parceria_varejo,Sudeste,0.2968,3,0
904619,43.0,24784.44,6827.6,18.8,0.3277,0.3024,2,agência,Sudeste,1.2766,4,0
901994,18.0,46753.9,10975.49,44.1,0.7235,0.7195,1,app,Nordeste,0.7002,1,0
903777,58.9,59560.76,24250.3,14.1,0.1768,0.1606,2,agência,Sudeste,-0.1402,4,0
901225,18.0,50930.12,15890.28,,0.1411,0.1468,0,app,Centro-Oeste,0.4556,3,0
900068,44.6,118767.46,22662.46,44.1,0.5665,0.5658,0,agência,Sul,-2.0114,2,0
902042,50.1,49928.24,16122.45,66.6,0.5503,0.5391,1,app,Sul,0.3412,3,0
902863,22.0,20244.14,4247.7,47.6,0.1531,0.1226,0,parceria_varejo,Centro-Oeste,-0.1905,0,0
902645,34.1,83193.1,33598.08,85.2,0.1302,0.1114,0,indicação,Nordeste,-0.6001,4,0
901555,54.6,90985.3,27743.85,57.9,0.2031,0.1847,1,app,Sudeste,-0.5936,4,0
902327,45.8,55381.58,12675.14,13.8,0.1357,0.1192,1,agência,Sudeste,0.0914,1,0
905202,49.1,43790.47,10334.31,10.4,0.2092,0.226,0,agência,Sul,-0.556,2,0
902719,39.2,36052.76,10286.14,64.1,0.4047,0.4302,1,agência,Sul,-0.6001,2,0
901660,61.6,73644.71,18609.08,29.4,0.458,0.4521,0,app,Sudeste,-0.5804,4,0
905958,49.1,35787.33,13099.03,63.2,0.4326,0.4026,0,app,Sul,1.7133,1,0
903170,44.0,29603.96,11602.23,57.6,0.0409,0.0584,0,agência,Norte,1.0932,0,0
902928,35.3,14280.82,4047.21,46.3,0.4405,0.4671,0,app,Sul,-0.1664,3,0
901548,44.0,45372.57,17025.61,3.1,0.1846,0.1812,0,indicação,Centro-Oeste,0.1127,0,0
902412,41.0,65051.51,17868.21,19.6,0.33,0.3148,0,app,Nordeste,2.2351,2,0
904809,48.2,10835.93,4420.83,23.7,0.2976,0.2934,0,parceria_varejo,Norte,1.8877,4,0
905507,38.2,22295.34,3734.48,85.8,0.4313,0.4534,0,agência,Sudeste,0.0325,3,0
900975,21.4,53569.7,15026.5,87.2,0.558,0.5608,0,indicação,Sudeste,0.448,1,0
903259,45.2,46634.51,13658.57,4.4,0.2184,0.2397,0,app,Sudeste,1.2776,4,0
900076,51.6,19839.8,4816.09,8.5,0.4969,0.4985,1,agência,Sudeste,-1.2643,1,1
903614,30.2,33747.8,14094.55,4.2,0.2032,0.1648,1,agência,Nordeste,0.7237,0,1
901560,37.3,50959.77,12158.23,5.7,0.2997,0.26,1,agência,Nordeste,-0.1207,4,0
903949,58.3,47178.04,16051.12,9.3,0.0579,0.07,0,agência,Nordeste,-0.5297,0,0
904912,18.0,45139.39,8787.86,35.6,0.2325,0.2281,0,app,Centro-Oeste,0.2712,1,0
902004,18.0,53050.2,10621.45,2.2,0.1316,0.1423,1,app,Sul,-0.3687,0,0
905609,37.0,72518.48,13405.61,20.0,0.1158,0.1249,1,app,Nordeste,-0.283,4,0
901899,60.2,46586.69,19263.22,17.2,0.567,0.5347,0,parceria_varejo,Norte,-0.4165,0,1
905929,31.3,46517.93,10370.83,112.7,0.2274,0.2369,0,agência,Nordeste,0.3595,0,0
903002,32.4,37908.31,6292.16,17.2,0.1781,0.161,1,app,Nordeste,-0.0054,2,0
904119,30.3,106667.69,46570.25,39.8,0.2526,0.2553,0,agência,Centro-Oeste,0.9547,4,0
904801,43.2,,10821.2,52.5,0.3084,0.3202,0,agência,Sudeste,-0.5554,2,0
903654,37.6,136476.47,26946.72,117.7,0.1916,0.2079,0,indicação,Norte,-1.205,1,0
901948,39.8,100738.48,41247.9,26.3,0.0726,0.0748,1,app,Centro-Oeste,-0.0264,0,0
901255,43.4,57059.04,10002.03,20.7,0.3953,0.4028,0,indicação,Sul,1.6125,4,0
901728,19.9,25946.4,8083.1,15.9,0.2067,0.2088,0,app,Norte,-0.1672,0,0
904490,58.5,43309.68,17036.61,115.5,0.068,0.0642,0,parceria_varejo,Sul,-0.4645,3,0
902778,44.1,163173.27,41787.96,10.4,0.4588,0.4751,1,app,Nordeste,-1.9416,0,0
904225,43.6,51812.3,10298.84,106.6,0.0556,0.0116,0,app,Sul,-0.8239,1,0
902057,52.1,58217.25,12222.32,45.6,0.5803,0.5687,1,app,Sul,-0.2226,1,0
904616,22.8,45825.76,16730.63,11.4,0.3309,0.3493,2,parceria_varejo,Nordeste,-1.7008,4,0
901911,34.6,22379.26,3451.83,15.5,0.3924,0.3719,0,app,Sudeste,-0.8672,2,0
900016,24.9,72913.68,18027.88,96.7,0.2502,0.2493,1,parceria_varejo,Sudeste,0.0421,2,0
900618,66.1,43896.64,13750.77,10.9,0.2543,0.2501,1,agência,Sul,-0.6732,0,0
902834,36.1,42652.5,12783.46,34.7,0.0934,0.1193,0,app,Sudeste,0.2644,3,0
901310,31.9,31527.55,60311.78438991929,95.3,0.8077,0.8465,2,agência,Sudeste,-0.9932,4,0
904988,43.1,28390.49,12594.69,59.5,0.229,0.2572,0,agência,Nordeste,-0.2553,3,0
902117,39.4,77525.6,25484.61,105.2,0.185,0.1892,0,parceria_varejo,Sul,1.6312,0,0
902077,28.9,131655.43,34563.67,33.1,0.4809,0.4827,2,agência,Sudeste,-1.1154,0,0
905685,46.2,31930.49,5637.4,6.3,0.4569,0.4421,1,indicação,Norte,-0.7261,1,0
904553,48.9,24437.07,7399.82,42.5,0.439,0.4166,0,indicação,Sudeste,-0.3791,2,0
903328,29.3,40820.98,11602.42,71.3,0.3366,0.3662,0,app,Nordeste,0.3169,0,0
905990,43.7,27618.48,10562.72,1.0,0.0781,0.0707,0,app,Sudeste,0.4906,1,0
900846,38.1,94268.63,21104.88,55.1,0.2038,0.2228,1,app,Nordeste,0.9331,1,0
902781,55.5,20910.04,4344.84,30.5,0.0948,0.0596,0,agência,Centro-Oeste,1.3613,0,0
904548,67.9,,9472.29,49.6,0.0797,0.0751,0,indicação,Sudeste,0.3689,0,0
905529,40.7,27765.26,5479.63,,0.0252,0.0127,1,app,Sul,-0.5274,3,0
900300,53.9,46044.63,7775.2,28.8,0.2366,0.216,0,parceria_varejo,Sudeste,0.5256,4,0
905282,29.8,63778.22,27005.86,41.0,0.2978,0.3162,0,agência,Sudeste,0.976,3,0
903172,51.6,29233.04,9268.96,9.0,0.2346,0.258,0,app,Centro-Oeste,0.7355,2,0
902540,32.6,36050.56,14742.35,1.0,0.5812,0.6002,0,indicação,Sul,0.1969,4,1
902727,33.1,117570.52,34482.62,6.5,0.436,0.4321,2,parceria_varejo,Centro-Oeste,-0.7089,4,0
905589,42.0,133989.94,43252.18,16.9,0.0578,0.0716,0,agência,Nordeste,-0.8499,0,0
905436,35.9,28507.94,4291.22,14.4,0.2147,0.2344,0,parceria_varejo,Sudeste,-1.9908,1,0
901732,37.9,21795.8,9596.95,78.8,0.2289,0.2686,0,app,Sudeste,-0.084,2,0
904839,47.7,45879.31,15674.61,61.9,0.4787,0.4965,1,app,Sudeste,0.8658,0,1
900051,37.1,23053.87,8358.44,20.4,0.6156,0.6226,0,parceria_varejo,Sudeste,-0.1191,1,0
904300,30.5,53709.14,15245.56,17.9,0.2202,0.2321,0,app,Sudeste,0.692,3,0
900874,57.1,46631.99,8204.24,12.5,0.1631,0.1195,1,indicação,Nordeste,-0.0405,1,0
903694,45.2,82461.07,36203.96,37.5,0.2145,0.2446,2,agência,Sudeste,-1.4878,3,0
902299,49.7,57014.6,24471.4,,0.0652,0.0436,0,app,Sul,-1.1603,1,0
905381,56.1,36529.47,13210.42,11.9,0.1445,0.1696,0,agência,Norte,-0.6979,3,0
903353,48.4,42031.55,16215.11,71.2,0.1756,0.1844,0,app,Sudeste,1.8738,4,0
902110,55.2,89975.57,14285.0,25.4,0.3961,0.4183,0,agência,Sudeste,-0.5739,1,0
903977,18.0,49435.54,7880.63,16.4,0.1169,0.0938,1,app,Sul,2.1849,0,0
905455,52.6,68897.57,17305.74,1.0,0.4227,0.4311,0,agência,Sudeste,-0.6062,4,0
904349,41.7,16365.87,2595.39,8.6,0.0458,0.0716,0,app,Nordeste,1.081,1,0
903689,53.4,20101.99,7314.4,22.1,0.0815,0.0876,0,app,Centro-Oeste,-0.7008,2,0
903803,49.5,74661.56,18684.59,18.9,0.5376,0.5495,0,agência,Sudeste,0.1642,2,0
902397,39.2,29712.51,5493.66,40.1,0.2257,0.2647,2,agência,Nordeste,-0.37,1,0
905155,53.9,38115.67,9744.6,45.3,0.2462,0.2209,0,indicação,Sul,0.7014,3,0
900355,46.6,40049.52,12343.95,98.4,0.1073,0.0902,0,app,Sudeste,-0.1045,4,0
905780,51.8,74800.45,27875.7,9.7,0.2952,0.2899,0,indicação,Sudeste,-1.1619,3,0
901898,34.0,34924.46,8351.39,26.1,0.2173,0.2437,0,indicação,Sudeste,-0.1536,1,0
901079,54.6,33967.53,10849.84,23.5,0.0209,0.0121,0,agência,Sudeste,1.6769,3,0
900850,27.2,31134.3,12747.72,12.3,0.3358,0.3464,2,agência,Sudeste,0.8021,0,0
900228,32.6,46224.9,11138.81,42.8,0.2306,0.2176,0,agência,Sudeste,1.547,4,0
902085,45.4,18295.96,4584.62,52.5,0.1317,0.1315,0,agência,Norte,1.1974,0,0
905716,39.3,42704.86,13016.08,22.7,0.2634,0.2538,0,agência,Sudeste,-1.129,2,0
901578,35.9,106565.67,24926.67,17.4,0.4902,0.5001,0,app,Nordeste,-0.3039,0,0
905955,50.5,82130.83,16904.75,12.7,0.341,0.3724,0,agência,Sul,-0.412,1,0
905934,41.7,30048.1,13327.29,29.9,0.5809,0.5858,0,indicação,Centro-Oeste,-1.4665,4,0
901914,47.9,81119.69,14258.68,87.3,0.5149,0.5326,0,app,Sul,0.1406,0,0
901699,19.8,59708.64,16652.35,36.1,0.1729,0.1907,2,indicação,Sudeste,0.2717,1,0
901048,36.4,20805.99,6254.64,34.3,0.2082,0.1955,1,agência,Norte,0.2113,3,0
900235,26.0,93241.71,29587.96,45.6,0.3569,0.3848,1,app,Sul,-0.7471,2,0
901751,41.1,60590.77,14839.24,12.3,0.5229,0.5573,1,app,Sudeste,0.3998,4,0
903456,41.0,38575.72,16463.35,36.3,0.505,0.4947,0,agência,Nordeste,0.2477,3,0
901998,26.9,25313.78,9166.95,141.8,0.1514,0.1587,0,agência,Sudeste,-0.2307,4,0
902039,32.4,80708.3,24025.89,6.1,0.215,0.189,1,agência,Norte,0.9891,3,1
901347,41.8,71312.22,16954.81,49.5,0.3801,0.3584,1,indicação,Sudeste,-0.234,4,0
902774,40.4,115023.64,29975.71,,0.1962,0.199,1,agência,Nordeste,0.0812,0,0
901811,37.4,47530.47,10649.29,11.3,0.3952,0.3683,2,agência,Norte,-0.5234,4,0
900297,45.0,88150.95,15514.59,28.1,0.3699,0.3868,0,agência,Sudeste,-1.4365,3,0
905136,52.9,24319.13,5743.37,67.4,0.1049,0.1471,0,agência,Norte,-0.5624,1,0
905132,61.0,95289.6,37275.03,10.1,0.455,0.4223,0,app,Sul,-0.481,1,0
901352,48.1,20603.74,4207.52,20.2,0.7386,0.7375,0,app,Sul,0.4004,1,0
902185,25.1,20264.8,4856.56,74.3,0.3044,0.3433,0,app,Sudeste,0.2636,0,0
905778,35.3,25615.41,6488.85,33.0,0.1649,0.1607,0,app,Nordeste,-0.2623,4,0
902770,40.3,10802.16,2866.65,70.2,0.329,0.329,2,agência,Centro-Oeste,-0.6222,1,1
905111,48.7,39851.26,11991.2,22.3,0.151,0.1368,0,app,Sudeste,-0.0681,2,0
900353,33.1,32309.36,9821.91,31.7,0.4789,0.5052,0,agência,Sudeste,0.8258,3,0
902494,28.6,42780.77,7492.91,3.7,0.5173,0.5082,0,app,Nordeste,0.1539,4,0
904228,53.7,26573.9,8506.59,1.0,0.3162,0.3202,0,agência,Nordeste,0.1808,2,0
905377,43.3,58564.66,11825.26,7.2,0.0829,0.05,0,app,Sul,-0.3221,4,0
902964,27.2,60319.44,11040.17,19.8,0.1245,0.1272,0,app,Sudeste,-1.0275,4,0
902880,27.4,49200.07,11531.88,11.2,0.2063,0.2316,1,agência,Norte,0.6032,3,0
901775,22.5,74390.71,32490.53,16.1,0.286,0.2597,0,agência,Sudeste,1.3611,4,0
904793,32.8,86347.09,15167.07,7.4,0.0906,0.1033,1,app,Sudeste,-0.0711,0,0
900856,46.9,68266.6,21253.6,1.7,0.2253,0.2446,0,app,Sudeste,0.2109,0,0
901917,43.3,44646.46,18800.04,8.9,0.2989,0.3358,0,indicação,Nordeste,0.2844,0,0
904911,43.1,48933.21,17762.19,1.6,0.1866,0.1837,0,app,Sul,-0.1969,2,0
901935,28.3,18178.84,2743.32,47.5,0.1285,0.1377,1,app,Sul,-0.1777,2,0
903545,29.7,29741.67,12572.76,5.7,0.0972,0.1131,1,app,Centro-Oeste,-1.9965,1,0
901554,31.7,55577.38,20420.21,1.0,0.4156,0.4236,0,agência,Sudeste,-2.2732,0,0
904518,51.5,28051.75,12040.4,1.1,0.0987,0.0849,0,agência,Nordeste,-1.3765,1,0
903317,42.3,50521.99,12571.55,107.9,0.2799,0.2727,0,agência,Nordeste,-0.8013,4,0
904738,41.0,84146.34,25953.46,84.9,0.3039,0.351,0,agência,Sudeste,-0.088,4,0
904958,39.5,24482.48,7490.71,70.6,0.2417,0.2405,1,app,Nordeste,-0.4846,2,0
903637,37.7,68394.74,20778.93,4.5,0.1812,0.2065,0,agência,Sul,-0.611,2,0
903538,43.2,41284.49,6927.12,7.3,0.4642,0.4941,2,app,Sudeste,-0.147,4,0
903314,53.5,75069.49,16160.47,61.1,0.3726,0.3439,0,indicação,Sul,0.3678,0,0
902814,28.9,16451.48,2872.68,31.1,0.2755,0.2849,0,agência,Centro-Oeste,0.9655,4,0
903223,43.9,52023.86,19668.33,20.5,0.2285,0.246,0,indicação,Sudeste,-1.2665,1,0
904100,34.6,25702.34,9109.06,1.4,0.2982,0.2818,0,parceria_varejo,Sudeste,-0.3269,2,0
904194,19.4,92714.89,35860.09,23.2,0.1884,0.1935,0,indicação,Nordeste,-0.0786,3,0
900972,50.7,20116.0,5517.2,9.6,0.1747,0.1527,1,app,Sudeste,-1.3036,4,0
904722,23.4,101769.38,37217.51,4.4,0.251,0.258,1,app,Nordeste,1.3735,4,0
900419,41.0,66369.84,11119.74,22.2,0.5009,0.4712,1,app,Nordeste,0.3306,1,0
903237,35.6,30876.01,41070.403616802454,31.6,0.3874,0.4184,0,app,Centro-Oeste,0.0238,0,0
900411,46.2,74900.17,13134.57,13.5,0.0744,0.0831,1,app,Sul,-2.4955,0,0
902440,64.1,16425.93,5295.33,29.9,0.2792,0.2827,0,agência,Sudeste,-0.6397,1,0
902384,46.4,68264.9,25608.98,1.0,0.5009,0.494,1,agência,Sudeste,-0.8864,3,0
902258,44.6,18559.49,5340.96,55.1,0.233,0.2245,1,agência,Norte,0.1158,3,0
902101,44.4,67532.33,26265.82,25.4,0.1923,0.2002,1,app,Sudeste,-0.1991,2,0
902516,51.1,53894.41,21504.73,42.4,0.51,0.5126,1,app,Centro-Oeste,-0.3233,2,0
905752,36.8,90584.05,33869.36,25.0,0.6083,0.5953,1,agência,Sudeste,-1.6673,2,0
903732,31.0,138687.55,60564.59,49.5,0.136,0.1194,0,agência,Nordeste,0.1707,2,0
900791,40.2,45541.17,162230.71742849948,10.3,0.0417,0.076,0,agência,Sul,0.6922,3,0
903998,26.4,85881.2,33812.21,45.1,0.3372,0.3534,0,agência,Sul,1.2931,4,0
901317,18.0,96363.3,42433.7,4.2,0.3196,0.29,1,app,Centro-Oeste,0.932,3,0
902497,33.2,32016.6,6250.97,25.1,0.1529,0.1718,0,agência,Norte,0.1806,1,0
902487,34.6,113069.04,17362.28,42.0,0.4573,0.4574,0,app,Nordeste,1.718,1,0
901693,18.0,41800.37,13440.89,20.9,0.396,0.3895,1,parceria_varejo,Norte,-0.5457,1,0
901647,63.0,,3797.81,16.1,0.0968,0.1227,0,app,Sudeste,0.4199,2,0
902471,46.3,20765.68,3283.7,25.7,0.1127,0.0992,0,app,Nordeste,0.318,2,0
900657,58.2,62423.19,22653.34,1.0,0.293,0.2803,0,app,Sul,-1.1882,0,0
902031,38.1,92638.86,14043.24,1.4,0.1984,0.1659,0,app,Centro-Oeste,0.9493,2,0
900524,53.3,68987.7,10708.19,25.3,0.4714,0.4787,0,parceria_varejo,Nordeste,-1.6261,4,0
905840,28.4,50372.24,11660.26,5.3,0.6457,0.6538,0,app,Sudeste,-1.2095,2,0
900313,33.6,36610.15,8315.08,37.8,0.1023,0.1103,0,app,Sul,-0.3392,2,0
900943,37.8,29813.63,6211.19,24.3,0.2005,0.2193,0,app,Centro-Oeste,-1.4197,0,0
904769,21.4,96314.54,32733.57,8.1,0.2059,0.1957,0,app,Norte,-0.7104,2,0
901656,18.5,55234.08,9323.62,11.1,0.1941,0.1846,1,agência,Nordeste,0.8379,2,0
905264,44.9,21544.82,8238.12,26.0,0.3187,0.3416,0,parceria_varejo,Norte,-2.0063,4,0
902900,32.3,27400.91,9542.02,61.5,0.1488,0.1217,2,app,Sudeste,-0.122,0,0
901036,39.9,38086.35,11337.43,98.2,0.3069,0.3276,0,agência,Sudeste,0.2094,4,0
901703,41.8,76539.21,33172.38,13.4,0.2193,0.2249,0,app,Sul,-0.6187,2,0
900503,42.7,51593.76,16461.09,8.2,0.1372,0.1264,2,agência,Sul,2.7826,1,0
900320,41.4,48290.06,17273.21,81.0,0.1685,0.1745,0,agência,Sudeste,-0.6543,4,0
904637,39.0,89837.56,14709.0,9.0,0.1993,0.1677,0,app,Sudeste,-1.0069,3,0
902174,39.5,88558.5,38026.68,84.8,0.4417,0.4706,0,indicação,Norte,0.5821,2,0
903051,59.5,,4730.02,7.6,0.2942,0.273,1,parceria_varejo,Sul,-1.1389,0,0
902864,54.2,59181.75,25067.08,3.7,0.3261,0.3436,0,app,Sudeste,1.7399,2,0
901311,39.5,80236.91,22977.01,148.5,0.1349,0.1291,0,agência,Norte,-1.3237,0,0
900954,33.7,59937.38,20058.66,4.8,0.2746,0.2813,2,indicação,Centro-Oeste,0.267,3,0
903199,43.5,73879.44,18322.55,1.7,0.212,0.1975,0,agência,Centro-Oeste,-1.2773,2,0
905825,46.4,94084.03,21229.74,20.7,0.1488,0.1789,0,app,Sudeste,0.5322,3,1
903555,51.5,64974.09,24029.63,75.0,0.4024,0.4202,0,parceria_varejo,Sudeste,0.4317,4,0
902649,39.4,28394.63,8444.6,8.2,0.3283,0.344,1,agência,Norte,-0.2884,3,0
905800,19.6,113980.02,51030.14,11.5,0.322,0.3083,0,app,Sul,0.0551,1,0
902146,44.8,31515.24,11750.0,26.3,0.4114,0.4107,0,app,Nordeste,-1.7636,0,0
903805,53.7,54723.43,21489.1,1.0,0.1736,0.1847,1,app,Sul,-1.3168,0,0
905863,55.0,42860.59,15629.01,61.1,0.2883,0.2604,0,agência,Sudeste,-0.3286,2,0
900040,35.7,178981.39,67259.05,29.8,0.1664,0.149,0,app,Nordeste,-0.1162,4,0
901832,43.1,40599.76,7727.22,26.3,0.5599,0.5665,1,agência,Sudeste,0.3295,0,0
904037,37.2,106016.44,35721.1,40.8,0.2577,0.2622,0,agência,Sudeste,-0.3378,2,0
905962,40.9,39985.8,15233.39,25.4,0.337,0.3496,1,agência,Nordeste,0.146,2,0
902161,47.5,44465.84,16182.31,10.4,0.0456,0.0521,2,app,Sul,-0.8085,1,0
902982,36.7,226552.28,68740.95,15.4,0.4019,0.3998,1,app,Sudeste,0.7368,2,0
900454,55.2,56617.04,9257.93,69.7,0.1217,0.1269,1,agência,Norte,-0.7523,1,0
905271,48.0,24226.27,10379.69,37.1,0.3295,0.3461,0,agência,Norte,1.2278,3,1
900722,41.2,34169.36,12694.82,43.3,0.1213,0.136,0,app,Centro-Oeste,-0.5094,4,0
903773,30.6,21769.95,5531.44,23.0,0.2268,0.2136,1,agência,Nordeste,0.4006,1,1
903156,49.5,17170.1,4948.18,10.7,0.2143,0.2312,1,app,Nordeste,-0.7214,0,0
902155,48.2,46165.5,11446.38,38.0,0.4383,0.441,0,app,Nordeste,1.7729,1,0
905122,33.2,33361.92,11548.38,52.0,0.3196,0.3388,0,app,Sudeste,1.2423,2,0
902459,52.3,84415.15,34674.98,9.8,0.2519,0.2633,1,app,Sudeste,-0.1759,1,0
902759,43.3,36895.83,7207.22,55.2,0.4587,0.4635,0,app,Sudeste,2.1,1,0
904221,40.0,35847.03,10061.94,,0.3919,0.363,1,indicação,Centro-Oeste,0.9019,0,0
904615,32.2,86013.85,23604.69,149.8,0.0569,0.0434,0,agência,Sudeste,0.1172,3,0
904388,47.6,30134.5,8132.1,11.4,0.457,0.438,2,agência,Nordeste,-3.5692,1,0
903754,53.8,29946.75,9859.2,161.7,0.2694,0.2657,0,agência,Sudeste,0.0676,3,0
904585,52.2,52208.46,18924.27,29.2,0.0267,0.0275,0,app,Sudeste,0.5517,2,0
903425,50.5,80831.39,22678.32,52.5,0.5442,0.5367,1,parceria_varejo,Sudeste,-0.4869,1,0
905454,37.9,56855.51,12224.56,125.6,0.1492,0.1121,0,agência,Sul,-1.7853,2,0
903669,37.3,13446.04,2451.13,1.2,0.0428,0.0784,2,agência,Centro-Oeste,0.0799,1,0
905244,48.5,46916.15,7931.03,7.8,0.7408,0.7449,1,app,Sudeste,0.0956,1,0
900681,49.1,10838.43,3547.14,10.3,0.5422,0.5471,0,app,Centro-Oeste,-1.8397,2,0
901100,38.3,94261.09,30168.3,8.8,0.352,0.3325,0,app,Sudeste,3.5603,1,0
904185,44.0,37530.0,6567.17,53.0,0.6498,0.6362,1,app,Sudeste,0.9737,0,1
902885,26.4,72041.5,21843.57,8.3,0.3952,0.3735,0,app,Nordeste,0.7282,1,0
902564,37.4,36132.78,8624.39,,0.0756,0.0807,0,agência,Sul,1.4414,2,0
900702,35.4,52432.17,16642.3,1.4,0.191,0.2019,0,agência,Norte,0.2,1,0
901825,32.9,36165.39,9714.49,10.4,0.2343,0.2211,0,app,Centro-Oeste,0.695,2,0
902605,38.9,37816.66,7968.59,66.8,0.0358,0.0236,0,agência,Nordeste,0.3894,4,0
903256,55.7,60269.65,13205.77,29.0,0.24,0.2307,0,agência,Sul,-0.238,4,0
904807,41.1,34419.98,12458.17,,0.4279,0.4246,0,app,Sudeste,0.1882,0,0
901397,42.6,44460.0,8614.16,54.0,0.4756,0.5029,0,app,Nordeste,-1.4291,4,0
901405,31.6,41400.79,15066.95,67.5,0.3739,0.365,0,parceria_varejo,Sudeste,1.1131,2,0
901112,32.3,68355.73,26243.16,63.5,0.0666,0.0225,0,parceria_varejo,Centro-Oeste,-0.2618,0,0
900652,52.0,14789.69,4296.39,7.3,0.2171,0.2087,0,parceria_varejo,Nordeste,-1.1376,0,1
905113,55.0,61136.26,19010.37,,0.1077,0.1061,0,app,Centro-Oeste,-0.0753,1,0
902213,47.0,177078.53,74704.11,12.5,0.4354,0.4561,0,agência,Norte,-0.0247,1,0
903615,27.6,67878.24,24086.25,17.7,0.3304,0.3219,0,agência,Sudeste,-2.2903,1,0
901110,35.9,23080.67,7254.82,24.2,0.1048,0.0917,0,app,Nordeste,1.3372,1,0
905584,39.7,18864.25,8381.94,11.9,0.1971,0.2078,1,app,Centro-Oeste,1.1055,0,0
900839,38.2,59065.08,9400.46,121.0,0.2194,0.2158,0,app,Sul,0.8105,0,0
905265,18.2,52327.81,22844.78,26.5,0.2135,0.2467,0,agência,Nordeste,0.2994,3,0
901585,68.1,47041.37,13408.28,17.8,0.2606,0.2591,1,agência,Sudeste,0.7277,3,0
904104,39.3,208797.97,76813.61,6.7,0.0798,0.0613,0,agência,Sudeste,1.3489,1,0
905492,37.0,28011.08,9813.25,2.0,0.2209,0.217,0,app,Nordeste,0.0139,1,0
900529,44.4,51892.59,22694.92,13.0,0.1642,0.169,0,agência,Sudeste,-1.0653,4,0
902209,44.3,95873.29,38497.47,17.2,0.3139,0.3113,0,agência,Sul,1.7714,0,0
903097,53.6,78718.92,18978.92,51.3,0.2542,0.2668,0,app,Sudeste,-0.1302,2,0
902952,37.8,42700.86,6999.76,39.9,0.4647,0.4667,0,agência,Nordeste,1.3522,0,1
904990,35.0,59304.95,21645.77,24.3,0.0938,0.1059,0,indicação,Nordeste,-1.6135,3,0
902697,44.8,30348.29,4930.95,86.9,0.3596,0.3811,1,parceria_varejo,Sudeste,1.7343,3,0
901388,66.1,52453.69,16832.62,75.7,0.3824,0.3721,0,agência,Sul,1.4437,1,0
900413,50.4,75581.1,18194.84,,0.2805,0.2672,1,app,Sudeste,-0.3056,4,0
903282,18.0,95134.5,16439.52,65.5,0.6435,0.6507,1,indicação,Sul,0.6185,3,0
900937,68.3,73113.03,23769.04,19.2,0.0085,0.0,0,app,Sul,0.4165,0,0
901184,30.7,36231.44,12968.6,77.1,0.0452,0.0417,0,agência,Nordeste,0.0677,2,0
904241,38.6,53789.31,21290.81,17.3,0.2382,0.2703,1,parceria_varejo,Sudeste,1.4798,3,0
900754,43.7,49931.39,17898.11,179.3,0.1698,0.1592,0,agência,Centro-Oeste,-0.081,3,0
904405,42.8,52253.9,13969.4,18.4,0.5232,0.5185,0,agência,Sudeste,0.3344,4,0
905813,33.0,46063.38,10588.7,19.8,0.1989,0.1971,0,agência,Sul,0.2235,1,1
901860,60.2,,14699.73,105.4,0.3219,0.3361,0,app,Sul,0.7773,2,0
905488,36.7,55354.41,18110.56,77.0,0.1533,0.1416,0,parceria_varejo,Nordeste,-0.7178,4,0
900711,20.8,56709.78,17522.47,68.4,0.2139,0.1967,0,agência,Sul,1.1665,3,0
901619,39.4,,18252.78,79.9,0.0739,0.0703,0,app,Sul,-1.0368,3,0
905089,40.6,81190.24,14125.61,113.2,0.0528,0.0706,0,app,Sul,1.0388,3,0
904706,29.5,64047.51,20654.7,7.1,0.6031,0.5912,0,app,Sudeste,-0.3962,1,0
900172,43.6,31303.02,13229.71,56.0,0.3519,0.3535,0,parceria_varejo,Sudeste,-1.0777,4,0
901945,30.4,71481.56,13279.83,81.2,0.1972,0.1836,0,app,Nordeste,0.0616,1,0
900564,40.5,64501.6,26824.26,15.4,0.1646,0.1282,0,evento_promocional,Sudeste,0.0865,0,0
905080,37.8,66027.21,27041.63,23.6,0.3669,0.3731,0,indicação,Nordeste,0.4294,0,0
902092,37.1,57307.38,12000.41,7.6,0.3615,0.3618,1,agência,Nordeste,2.0814,3,0
900746,46.8,23521.61,31188.496175073233,,0.1686,0.1709,0,agência,Norte,-0.2116,2,0
905761,39.8,53258.35,10687.31,,0.3875,0.3625,1,app,Sudeste,0.4576,0,0
905735,57.3,31275.03,7533.7,203.4,0.2197,0.2087,0,app,Sul,0.6496,4,0
900655,39.4,49270.26,18876.31,114.7,0.2005,0.1684,0,app,Nordeste,0.5098,3,0
905278,44.8,73515.09,28039.18,12.4,0.2044,0.2199,0,agência,Nordeste,1.0257,2,0
900323,32.6,28499.87,6210.74,44.5,0.3023,0.2845,0,parceria_varejo,Centro-Oeste,0.5973,4,0
902854,25.8,60586.43,23053.34,65.9,0.6302,0.6365,0,app,Sul,0.6116,0,0
904379,45.7,21542.51,8027.05,,0.3125,0.2945,0,indicação,Nordeste,0.166,4,0
902728,38.7,36081.65,7366.96,76.3,0.2578,0.2628,0,app,Nordeste,-0.6276,0,0
905994,41.5,45023.77,15357.69,10.1,0.2542,0.2625,0,app,Sul,-0.7646,1,0
902449,47.9,33081.76,6879.4,44.1,0.2237,0.2593,1,agência,Sudeste,-1.9134,4,1
901137,42.9,69674.16,11080.79,1.7,0.3976,0.3963,0,indicação,Sul,0.7175,0,0
903976,43.5,28511.78,4629.3,27.0,0.129,0.1638,0,indicação,Sul,-0.2163,0,0
900425,42.4,48245.69,8281.19,,0.2236,0.2249,1,app,Nordeste,-1.1274,3,0
904152,55.8,,5949.15,32.9,0.2285,0.2047,1,agência,Sul,-0.8644,1,0
903685,45.2,160500.21,59079.87,91.2,0.2857,0.2975,0,parceria_varejo,Sul,0.9119,2,0
905196,36.0,45952.57,18426.65,26.3,0.5765,0.577,0,indicação,Sudeste,-1.5129,4,0
901947,53.5,53587.41,14141.6,7.1,0.354,0.369,1,app,Norte,0.5711,1,1
902911,39.2,47228.11,16230.76,23.6,0.5661,0.5513,0,evento_promocional,Nordeste,0.12,4,0
905145,35.9,38126.53,6069.37,1.5,0.1009,0.0712,1,indicação,Sudeste,0.2551,1,0
901348,20.8,48331.0,13730.18,1.0,0.3713,0.4139,0,indicação,Sudeste,-0.7406,2,0
903768,32.6,39313.43,10103.16,,0.0566,0.0586,0,parceria_varejo,Sudeste,-1.3607,4,0
900600,55.5,123451.5,31107.8,36.9,0.3402,0.3159,1,app,Sul,-0.4266,0,0
901798,35.9,36320.29,10203.52,35.1,0.1506,0.1524,0,agência,Sudeste,1.7893,4,0
905478,45.4,76439.45,29582.52,7.5,0.1164,0.1446,0,parceria_varejo,Sudeste,1.292,2,0
903709,54.1,45206.56,11969.49,80.8,0.5413,0.5141,1,agência,Sudeste,0.3142,0,0
901315,42.7,52043.39,11532.62,74.4,0.5637,0.5785,0,app,Sudeste,0.801,4,1
905301,25.5,108194.23,28958.51,16.2,0.035,0.0696,0,app,Nordeste,1.0385,1,0
902517,54.8,9027.95,3811.03,34.0,0.0836,0.0922,1,app,Nordeste,-0.7598,3,0
901038,40.1,133539.08,46709.2,34.2,0.1213,0.1528,1,app,Sul,0.3354,0,0
900783,57.4,38834.83,11965.79,1.0,0.1875,0.1767,0,indicação,Sudeste,-0.7383,1,0
901268,38.5,61456.45,9982.34,12.1,0.281,0.3106,0,parceria_varejo,Sudeste,1.1018,0,1
905746,29.0,155853.57,54040.69,31.3,0.1876,0.1419,0,indicação,Sudeste,2.1078,4,0
901413,39.5,134581.64,51484.16,250.1,0.2471,0.2731,0,app,Sudeste,0.3187,0,0
903784,43.2,44590.56,8528.4,80.8,0.2117,0.1886,0,app,Sudeste,-0.2805,3,0
900121,40.3,14094.07,5331.81,35.8,0.2908,0.2927,0,evento_promocional,Sudeste,0.2399,4,0
900778,42.2,26701.11,8553.75,57.5,0.2759,0.2759,0,app,Nordeste,1.4866,0,0
900984,32.2,27098.18,90569.40241053009,16.1,0.2513,0.2794,0,app,Sudeste,-0.5174,3,0
905641,45.6,31807.19,9987.54,44.5,0.3151,0.3069,0,app,Norte,0.7416,3,0
904682,40.2,229855.34,94593.05,23.3,0.147,0.14,0,parceria_varejo,Nordeste,1.1526,3,0
904462,35.5,68506.7,29365.25,9.3,0.3059,0.3213,1,indicação,Norte,0.1477,0,0
900745,24.1,17557.47,6802.63,,0.2451,0.2718,0,indicação,Sul,0.3656,2,0
904568,47.1,69954.16,25004.4,190.9,0.1798,0.1625,0,app,Nordeste,-1.5427,0,0
905886,44.7,60804.46,23267.4,1.0,0.2235,0.2088,0,app,Sudeste,-0.4914,2,0
901764,48.4,30521.88,10284.89,68.2,0.5771,0.6347,0,agência,Sul,-2.0973,2,0
904692,34.2,85681.08,18818.13,5.4,0.6039,0.566,3,parceria_varejo,Sudeste,-0.1786,2,0
904962,40.8,21137.14,6232.82,95.4,0.1181,0.146,0,app,Nordeste,-0.9564,1,0
904315,35.1,26051.15,10145.51,,0.2206,0.2201,0,indicação,Nordeste,-0.0329,3,0
901171,55.1,85493.64,14328.99,93.9,0.0908,0.0976,2,parceria_varejo,Nordeste,1.1302,1,0
903913,41.8,104215.82,40688.49,52.5,0.2235,0.2582,0,app,Sul,1.2599,4,0
904821,29.9,13004.22,1982.38,9.0,0.0373,0.0735,0,agência,Nordeste,-0.9578,3,0
901425,44.4,93840.84,23892.42,155.0,0.6292,0.6407,0,app,Sudeste,-0.2826,0,0
902895,57.5,82442.77,15917.72,10.3,0.2582,0.2387,0,app,Sudeste,1.2366,3,0
900176,47.1,118319.87,34251.9,50.8,0.338,0.3387,0,agência,Sudeste,-0.9279,0,0
904983,35.6,13371.25,2233.47,20.4,0.3936,0.3652,0,app,Sul,0.2736,2,0
903529,49.3,40024.31,7613.85,43.3,0.2136,0.2304,0,parceria_varejo,Nordeste,2.2942,1,0
904985,61.5,21011.03,9373.12,111.7,0.0864,0.1127,2,agência,Sudeste,-0.1825,1,0
903499,43.3,44738.63,7943.79,1.1,0.6297,0.6267,0,app,Sul,1.0898,3,0
904375,35.2,59287.79,22014.84,3.8,0.6088,0.6486,1,parceria_varejo,Norte,-0.4747,0,1
904865,34.1,21530.92,8226.17,42.7,0.1039,0.0772,0,parceria_varejo,Sul,-0.1547,4,0
900082,42.1,76585.01,15609.06,35.7,0.2915,0.264,0,evento_promocional,Sul,-0.771,0,0
905408,39.4,82566.19,78512.87067884608,35.8,0.5792,0.5751,1,agência,Sul,2.43,1,0
902794,55.6,101694.82,29327.4,36.7,0.2416,0.218,0,app,Centro-Oeste,-0.2182,1,0
900805,64.8,62318.94,11713.12,,0.5561,0.6165,1,parceria_varejo,Nordeste,3.0323,1,0
904126,58.8,54655.63,20870.4,37.9,0.1674,0.14,0,app,Nordeste,1.5683,4,0
903043,38.5,121580.83,48948.13,52.4,0.2598,0.2589,0,app,Sul,0.6634,2,0
902094,45.9,40967.28,7134.28,52.3,0.2982,0.3281,0,app,Nordeste,0.2057,3,0
901878,52.4,86974.62,16343.32,49.7,0.2535,0.2575,0,agência,Sul,-0.0459,1,0
900141,60.7,44765.89,13253.79,59.6,0.0623,0.0932,1,app,Centro-Oeste,-1.4799,4,0
904202,34.2,121771.75,49415.84,42.6,0.0974,0.0794,2,indicação,Sul,0.1634,1,0
905167,33.9,28411.85,10878.7,23.7,0.0348,0.0495,0,app,Sudeste,-1.0766,3,0
902000,21.1,50609.52,17145.4,17.3,0.4513,0.4256,0,parceria_varejo,Norte,-0.5631,1,0
903628,27.4,54677.53,14339.21,69.7,0.1266,0.1098,0,app,Sudeste,0.0482,1,0
901318,53.1,77028.06,25207.2,2.6,0.1856,0.1569,0,parceria_varejo,Sudeste,0.0427,4,0
905888,37.4,58768.6,13420.19,13.5,0.1813,0.1849,0,app,Sudeste,-0.1068,1,0
903550,32.9,28796.28,9689.09,,0.3081,0.3215,0,app,Norte,0.1749,4,0
901058,41.9,62825.5,10418.78,1.0,0.4903,0.4741,1,agência,Centro-Oeste,-0.8263,2,0
905061,31.5,41450.85,9284.57,47.2,0.2184,0.2624,1,app,Sudeste,-0.2467,0,0
905170,40.2,37066.62,13860.96,40.0,0.2552,0.2338,2,agência,Sul,1.243,1,1
901417,54.3,76170.01,32287.7,20.6,0.2827,0.2828,1,indicação,Nordeste,-0.366,2,0
900515,55.8,98273.02,28217.28,3.1,0.4741,0.4834,0,app,Nordeste,0.2883,2,0
902825,59.7,30707.5,12826.76,85.3,0.4548,0.5043,0,agência,Nordeste,0.5047,3,0
903244,34.0,188846.53,29039.15,25.1,0.2171,0.2191,0,agência,Sudeste,0.8313,1,0
901199,60.1,61029.97,11767.76,9.2,0.1662,0.1579,0,parceria_varejo,Sudeste,-1.2506,3,0
902169,40.6,50151.56,13218.53,42.4,0.4059,0.394,1,agência,Norte,-0.1415,1,0
902310,35.9,29770.9,5282.8,141.5,0.1402,0.1468,1,app,Sudeste,-0.1427,1,0
904096,49.3,21744.77,4911.53,5.1,0.1615,0.161,0,agência,Centro-Oeste,0.7361,1,0
903022,56.1,38586.51,14354.05,64.2,0.2221,0.2681,0,app,Sudeste,-0.8134,0,0
905587,50.2,47583.17,19153.88,13.4,0.1239,0.1426,0,indicação,Sul,0.0618,4,0
904319,65.6,27240.47,11494.75,37.9,0.4276,0.4227,0,agência,Sudeste,-1.1709,3,0
902254,49.9,29478.43,4999.99,216.5,0.1898,0.1612,0,agência,Sudeste,0.6647,4,0
900838,36.8,57825.28,22500.88,9.7,0.2552,0.2625,0,indicação,Sudeste,-1.6031,4,0
905332,37.0,69849.75,22367.17,59.7,0.3696,0.3822,0,app,Centro-Oeste,-0.1007,4,0
901739,39.2,24053.41,9960.65,7.6,0.0744,0.0831,0,indicação,Sudeste,0.4309,3,0
905862,43.1,87105.28,16339.88,26.9,0.2786,0.2759,0,app,Centro-Oeste,-0.6079,1,0
904978,18.0,91195.17,31679.11,,0.1541,0.1581,0,agência,Nordeste,0.4221,4,0
901194,31.9,29658.67,6342.82,2.9,0.1061,0.1099,1,app,Norte,-0.0177,2,0
903217,40.8,18673.18,6164.52,8.1,0.0919,0.064,1,agência,Centro-Oeste,-1.0085,2,0
900232,40.4,39679.06,17600.45,34.8,0.3998,0.3922,0,agência,Sudeste,1.9644,2,0
905270,40.9,50391.17,21495.66,15.9,0.0682,0.0615,0,agência,Sul,0.2585,3,0
904980,40.7,36568.99,15691.54,82.3,0.2126,0.2157,0,agência,Sudeste,0.1289,1,0
903020,39.4,65354.7,10158.66,1.0,0.3004,0.3076,0,app,Sudeste,-0.0835,0,0
902361,38.7,53350.5,23799.68,36.6,0.2255,0.237,0,app,Sul,1.356,1,0
901355,36.5,74714.96,32605.04,11.0,0.1599,0.1497,0,app,Nordeste,-0.0941,2,0
902898,28.3,50195.22,21650.8,112.4,0.2067,0.2409,0,app,Nordeste,-0.9139,2,0
901462,23.8,93951.25,39912.72,1.0,0.3543,0.3452,0,agência,Norte,-0.3626,1,0
902183,35.7,37711.27,14436.86,76.4,0.1387,0.1286,2,app,Sudeste,-1.3277,2,0
901818,35.2,48887.23,19392.68,63.3,0.0921,0.0825,0,agência,Sul,1.2312,4,0
903136,45.3,32355.81,11307.03,39.8,0.0401,0.0399,1,indicação,Centro-Oeste,-0.0005,4,0
901424,41.5,12688.47,4270.14,32.2,0.1084,0.1118,0,parceria_varejo,Nordeste,-0.9484,1,0
901970,26.7,12473.54,1936.62,27.0,0.3478,0.3534,0,app,Sudeste,0.3804,3,0
905038,57.4,29534.7,8592.32,7.5,0.3204,0.2805,1,app,Sudeste,0.6368,3,0
903371,42.6,44007.89,14680.18,34.0,0.312,0.2758,1,agência,Sul,0.634,3,0
900820,55.5,29667.8,9934.94,1.0,0.0379,0.0135,0,app,Centro-Oeste,-1.2257,0,0
900886,66.3,75937.35,28529.2,1.3,0.3002,0.3007,0,parceria_varejo,Centro-Oeste,-0.0691,3,0
900393,25.1,34931.85,13510.45,12.2,0.3273,0.3571,1,app,Sudeste,0.0768,3,0
903986,40.1,58995.71,23846.54,25.1,0.2684,0.2775,1,app,Centro-Oeste,0.676,3,0
901780,35.7,57397.3,16057.13,17.6,0.2359,0.2519,0,agência,Sudeste,-0.9593,2,0
902462,75.6,76018.0,15529.75,72.8,0.2983,0.2874,0,agência,Sudeste,-0.6846,1,0
904406,47.9,44816.45,12227.37,32.0,0.1041,0.1301,1,agência,Sudeste,-1.4103,2,0
905406,47.5,84187.37,36841.07,35.5,0.0226,0.0055,0,agência,Sul,-1.7637,4,0
904762,42.3,84490.9,29924.35,28.1,0.1437,0.1316,1,app,Centro-Oeste,-0.5511,3,0
902791,28.3,36371.75,8785.02,8.1,0.3023,0.2764,0,parceria_varejo,Sudeste,-1.544,2,0
900476,24.9,58705.25,8963.79,140.1,0.2934,0.3096,1,agência,Sudeste,-0.416,1,0
904129,32.0,33233.39,7515.74,30.8,0.208,0.1991,0,app,Sul,-0.8815,0,0
900456,49.3,65078.08,15325.44,22.1,0.2657,0.2468,0,parceria_varejo,Sul,0.104,1,0
900108,39.8,50914.65,11093.46,46.8,0.1209,0.1322,0,indicação,Sudeste,-0.2792,1,0
901883,33.4,39145.93,10896.22,44.9,0.3301,0.3086,2,app,Nordeste,-0.3244,4,0
900762,33.0,24721.2,5942.48,9.6,0.3772,0.352,0,agência,Centro-Oeste,1.703,4,0
903036,36.2,51434.62,17328.31,107.1,0.4644,0.4564,1,evento_promocional,Sul,-0.4289,2,0
902001,40.6,29341.88,5011.34,67.1,0.3891,0.4022,0,agência,Sudeste,-0.4103,2,0
902198,45.7,168744.46,34446.42,,0.3493,0.3698,0,app,Norte,-1.4341,0,0
900789,22.9,54114.63,12129.1,1.3,0.4863,0.5052,1,indicação,Sudeste,-1.3923,1,0
905024,49.6,33393.33,12595.61,3.1,0.7381,0.732,1,app,Sudeste,0.8381,0,0
902319,46.9,16398.51,7044.35,6.5,0.0515,0.0297,1,agência,Nordeste,1.4177,3,0
900011,32.0,39829.14,12757.2,25.5,0.4671,0.4633,0,parceria_varejo,Sul,-1.3745,1,0
904365,30.6,59273.67,18479.54,44.4,0.1037,0.0896,0,app,Sudeste,-0.7447,1,0
901138,47.6,46771.36,13009.57,,0.5595,0.5641,0,app,Sudeste,-0.859,0,0
902419,38.6,38177.91,7023.25,5.3,0.3664,0.3676,0,app,Nordeste,0.839,4,0
904240,40.2,103329.88,26191.73,100.9,0.6654,0.6415,0,app,Nordeste,0.0137,1,0
901278,65.5,,7050.18,4.6,0.2248,0.2267,1,parceria_varejo,Sudeste,1.1566,3,0
904216,54.4,27139.44,6708.99,11.1,0.2646,0.2584,0,agência,Sudeste,0.1534,4,0
900672,39.6,23734.16,3978.1,31.0,0.4863,0.5335,0,app,Nordeste,-0.2356,3,0
902486,49.6,52580.62,21009.78,32.2,0.2662,0.2745,1,app,Nordeste,-0.1277,2,0
902703,28.7,38886.4,16967.78,8.5,0.288,0.2954,0,app,Sudeste,-0.3319,1,0
901944,46.2,17857.03,5246.7,,0.1029,0.1419,1,agência,Centro-Oeste,0.7603,3,0
901905,27.1,79190.41,27313.01,21.2,0.2421,0.2469,1,app,Sudeste,-0.7207,0,0
902025,43.9,221230.65,45705.78,,0.5772,0.5752,0,agência,Nordeste,-1.2809,2,0
903564,18.0,39547.21,9418.6,39.9,0.1151,0.1106,0,app,Sudeste,1.5752,1,0
904879,26.9,55257.88,10917.85,36.0,0.2386,0.221,0,indicação,Sudeste,-0.082,0,0
903181,41.8,30555.68,13419.37,15.7,0.1502,0.1504,1,indicação,Sul,-1.2825,3,0
904948,53.1,39416.21,9580.09,6.7,0.1786,0.1651,2,parceria_varejo,Sudeste,-2.2807,4,0
905608,40.6,24680.99,4423.57,85.7,0.5105,0.4951,1,agência,Sudeste,2.1617,0,0
900700,45.8,62615.27,19459.51,8.7,0.1112,0.1231,0,indicação,Norte,-0.2627,4,0
900077,37.4,37509.57,7882.71,12.4,0.4704,0.47,0,parceria_varejo,Sul,0.5461,4,0
904466,25.3,85407.99,20458.79,37.1,0.3528,0.3261,0,parceria_varejo,Nordeste,-0.5361,4,0
902638,35.7,41609.9,15150.64,38.2,0.2372,0.2589,0,indicação,Nordeste,-2.3981,1,0
900669,31.4,74633.18,26300.25,18.9,0.4594,0.4413,0,agência,Sul,-0.1101,0,0
905369,57.8,66913.24,20552.81,,0.4554,0.4497,1,agência,Sudeste,-0.6041,2,0
903469,50.7,24827.38,11150.01,17.5,0.387,0.4253,0,agência,Nordeste,-1.3628,0,0
905693,34.4,51318.24,23023.54,68.5,0.2037,0.2119,0,agência,Nordeste,0.9995,0,0
902362,57.1,109483.02,31108.04,43.1,0.1094,0.1002,2,app,Sul,-1.2371,2,0
900119,42.0,58444.66,23240.85,9.3,0.403,0.4132,2,app,Sudeste,0.6401,3,0
902248,44.3,40431.68,11936.08,150.2,0.1915,0.1841,0,parceria_varejo,Nordeste,-0.0194,0,0
903556,47.4,50715.89,16896.72,57.3,0.6441,0.6482,0,agência,Sul,2.3539,3,0
900274,62.4,45695.42,7978.33,45.6,0.246,0.2884,0,agência,Sudeste,-1.2431,4,0
905577,58.9,71480.77,120724.03795673237,7.7,0.2869,0.249,0,parceria_varejo,Sul,0.2088,1,0
901396,45.7,24035.13,6773.76,118.7,0.4681,0.4456,1,agência,Norte,-1.4114,3,0
905581,42.9,16999.46,4169.69,7.9,0.2841,0.2758,0,agência,Sudeste,1.1833,1,0
904290,32.0,49674.55,12889.23,,0.4644,0.4767,0,agência,Sul,-0.5781,0,0
900260,42.1,69656.43,23302.17,85.6,0.6035,0.5883,1,app,Nordeste,0.9539,2,0
901633,18.2,57420.99,17057.27,46.1,0.0707,0.054,0,app,Sul,-0.9039,1,0
903245,26.0,29441.83,12234.88,50.6,0.5524,0.5616,0,agência,Sudeste,-0.1397,1,0
905361,19.5,34930.4,8903.74,3.8,0.1467,0.112,2,app,Sul,1.7877,3,1
902990,43.3,20033.91,6473.92,9.9,0.2472,0.2123,0,agência,Sudeste,0.8727,0,0
905467,53.0,37594.91,16039.01,48.2,0.2603,0.2946,0,app,Sul,0.8829,4,0
903848,39.4,75904.63,21968.11,8.2,0.2702,0.2497,1,indicação,Nordeste,-0.8597,1,0
903230,56.4,31006.24,4846.57,14.9,0.2376,0.248,0,indicação,Centro-Oeste,-0.9792,2,0
902879,31.6,25882.54,9503.39,12.7,0.0761,0.0764,1,agência,Sudeste,-1.3785,4,0
905582,48.1,39882.37,6745.53,41.4,0.3432,0.331,0,app,Sudeste,-0.7533,1,1
900215,24.0,36909.22,6956.63,56.0,0.2108,0.2091,0,app,Sudeste,-0.801,4,0
901587,36.4,26625.23,8543.99,7.9,0.3798,0.3899,0,app,Norte,1.4015,3,1
901231,48.7,61123.79,27250.23,,0.6326,0.639,0,app,Sudeste,-0.398,1,0
900392,53.3,64665.93,14380.49,10.6,0.331,0.3513,2,agência,Sudeste,-0.5453,4,0
900027,44.6,135182.81,35187.87,37.2,0.1055,0.1312,0,app,Sudeste,0.0002,3,0
903852,32.6,80304.27,32442.79,8.7,0.4308,0.4071,1,app,Sul,-0.0783,1,0
900752,26.9,41956.72,9420.33,12.3,0.2506,0.2418,0,indicação,Nordeste,0.5954,0,0
901810,31.6,81125.86,35004.47,18.9,0.0966,0.0613,0,app,Sudeste,-1.1625,0,0
903865,56.1,117896.72,41895.91,25.4,0.0878,0.1101,0,indicação,Sudeste,-0.4065,4,0
900478,46.4,62830.93,15344.9,48.1,0.1243,0.1195,0,agência,Sudeste,-0.8917,3,0
905540,41.2,59271.02,21030.74,20.8,0.445,0.4698,0,indicação,Sudeste,1.0418,0,0
903496,42.3,38472.4,8968.95,39.5,0.2392,0.2202,1,agência,Sul,1.7445,2,0
904223,57.2,66608.91,24480.29,,0.3086,0.297,0,agência,Nordeste,-0.8113,0,0
904834,47.8,35716.53,6849.3,22.2,0.351,0.3585,1,app,Sudeste,-2.6569,1,0
900909,39.9,47708.33,10086.79,45.3,0.2158,0.2104,0,parceria_varejo,Sul,2.2664,0,0
904279,38.9,41286.0,10559.27,7.8,0.1245,0.1273,2,agência,Centro-Oeste,-1.0198,4,0
905141,26.0,19593.14,8282.63,23.4,0.2747,0.2533,0,app,Norte,-1.8539,2,0
904102,49.3,25740.5,5778.57,41.4,0.168,0.1587,1,app,Sudeste,1.2397,3,0
901558,32.9,47869.92,9693.93,1.0,0.2651,0.2871,0,app,Norte,0.6317,1,0
902667,42.1,51274.08,113474.35843191636,15.1,0.6944,0.6784,0,parceria_varejo,Centro-Oeste,-0.1314,1,0
903435,38.6,44927.93,8057.13,45.5,0.1716,0.1689,0,agência,Sudeste,-1.1456,4,0
904909,36.7,23076.42,9855.44,47.7,0.2802,0.2672,1,parceria_varejo,Sudeste,0.3103,2,0
902485,50.3,136672.14,60308.82,28.9,0.2463,0.2616,0,agência,Sudeste,-2.3217,2,0
904318,33.5,42546.15,10577.59,19.3,0.0425,0.0372,2,app,Sudeste,0.105,3,0
902151,43.1,33151.13,6159.22,1.2,0.2843,0.3313,0,agência,Sul,1.8,4,0
905748,27.5,45040.6,12516.72,78.0,0.2119,0.2732,0,app,Sudeste,-0.3535,4,0
902180,57.3,51164.78,9574.06,26.1,0.1332,0.1518,0,agência,Sudeste,-1.4609,1,0
902331,32.2,87688.8,33790.37,22.0,0.3497,0.3429,0,app,Sudeste,-0.6404,4,0
905077,36.4,47532.56,12137.78,24.5,0.0043,0.0,0,app,Nordeste,0.9355,1,0
900563,45.3,40256.77,6046.88,10.6,0.2878,0.2841,0,agência,Sudeste,1.6862,1,0
905890,22.6,135464.95,53868.97,42.7,0.647,0.6667,1,app,Centro-Oeste,-0.615,1,0
903937,20.9,67205.23,11673.24,58.0,0.2789,0.2745,1,indicação,Centro-Oeste,1.5477,1,0
900921,33.1,47741.3,15027.06,138.0,0.2486,0.2777,2,agência,Sudeste,-0.3364,0,1
905312,30.2,24418.59,10041.16,17.0,0.1666,0.1692,1,app,Sudeste,0.0429,1,0
900969,50.3,44790.83,14668.64,,0.5848,0.5717,1,app,Sudeste,0.7787,3,0
901212,27.8,56232.13,23290.15,5.0,0.2948,0.294,0,app,Sudeste,0.1326,2,0
904802,40.1,24855.81,6366.83,194.1,0.239,0.2647,0,parceria_varejo,Sudeste,-0.0909,0,0
903664,30.3,56957.87,19440.9,12.5,0.1363,0.158,0,agência,Nordeste,0.5604,4,0
900913,29.5,104504.53,44226.87,44.9,0.5684,0.5748,1,indicação,Sul,-0.226,0,0
903791,23.7,22141.8,5746.32,27.8,0.092,0.0821,1,agência,Sul,0.5308,1,1
904041,49.3,56637.65,15754.45,6.9,0.4715,0.4278,0,app,Sul,0.3163,1,0
905435,35.5,20023.35,6557.42,2.7,0.1175,0.0995,0,app,Nordeste,0.2913,1,0
902815,55.0,77460.89,26540.96,105.6,0.5972,0.5747,0,agência,Centro-Oeste,1.1317,4,0
902411,42.5,48809.09,21508.88,,0.1984,0.2089,0,app,Nordeste,1.1142,2,0
905841,47.5,19361.08,6352.4,104.0,0.3553,0.3203,1,app,Sudeste,0.4083,1,0
900723,34.8,36004.33,8965.27,34.0,0.2504,0.2332,0,parceria_varejo,Nordeste,-0.6286,3,0
902126,62.2,,17718.1,3.0,0.3499,0.3145,1,app,Sudeste,1.8647,4,0
905355,53.4,82236.34,35015.59,16.3,0.6105,0.5988,0,app,Norte,-1.2525,2,0
904176,48.5,33573.96,10102.8,1.9,0.4076,0.4081,0,app,Sul,-1.3507,1,0
902123,59.4,85423.91,19352.07,40.4,0.3661,0.3911,0,agência,Sudeste,-0.1788,4,0
901027,30.9,129612.16,51071.77,11.9,0.4172,0.378,1,app,Sul,0.1717,2,0
900597,31.4,83551.9,16054.62,116.3,0.3441,0.3868,0,app,Nordeste,0.0759,4,0
903386,28.8,44924.41,118165.66038824193,42.0,0.2118,0.2244,0,agência,Sudeste,0.078,4,0
900006,49.5,57255.46,19369.68,64.5,0.2597,0.2673,0,app,Nordeste,0.0226,0,0
901061,42.5,40644.94,43297.17815026985,25.7,0.3936,0.3999,0,indicação,Sul,-1.2845,3,0
901449,20.9,41939.43,15154.2,46.9,0.1034,0.1043,0,app,Sul,0.7687,1,0
905629,47.0,36022.26,10202.08,11.3,0.2699,0.2747,0,agência,Sudeste,1.1827,3,0
905041,62.7,31876.84,13854.01,37.3,0.3283,0.3128,2,app,Sul,-1.3264,3,0
900997,45.7,27109.7,10408.33,,0.0758,0.0811,0,agência,Sudeste,-1.0899,1,0
905482,36.9,134441.37,55391.79,52.5,0.384,0.3959,0,app,Sudeste,-0.1878,0,0
903227,44.7,46819.51,17513.19,34.5,0.4015,0.4267,1,indicação,Nordeste,1.0118,4,0
905329,45.1,264829.52,49613.23,3.3,0.136,0.1095,0,app,Centro-Oeste,0.5716,4,0
903837,26.4,26930.3,11764.21,42.3,0.287,0.2915,1,agência,Sudeste,0.3471,0,0
905660,50.2,70874.97,28238.27,7.2,0.0909,0.0847,1,app,Sudeste,0.1501,0,0
903839,52.5,60692.21,22394.74,126.9,0.559,0.5721,0,agência,Sudeste,-0.6631,3,0
900653,47.5,51947.0,17785.95,2.8,0.0508,0.0331,1,app,Sudeste,-1.1507,2,0
904325,43.3,51534.26,18809.6,46.4,0.421,0.4306,0,indicação,Nordeste,-2.9434,0,0
901467,36.4,29934.4,11355.7,80.3,0.1611,0.1444,0,parceria_varejo,Sul,-0.6977,1,0
905243,52.1,20013.98,6624.64,6.7,0.6072,0.6367,0,app,Sudeste,1.6931,4,0
900048,27.6,54215.12,9985.94,47.9,0.3937,0.4099,1,indicação,Sudeste,0.4887,0,0
900318,34.2,86972.09,24567.36,30.2,0.4722,0.4885,0,agência,Sudeste,0.12,4,0
900919,34.9,141083.62,52187.31,11.5,0.2875,0.2692,0,indicação,Nordeste,-0.7754,0,1
903668,28.8,39659.05,15258.22,29.4,0.2113,0.222,0,agência,Sul,0.6203,4,0
905309,58.4,47852.99,14405.91,15.5,0.4622,0.4752,0,evento_promocional,Sul,-0.0828,2,0
903400,28.0,35979.67,7655.59,22.7,0.5738,0.5863,1,agência,Sul,1.7947,2,0
901609,64.2,,19874.07,35.7,0.5144,0.5072,0,agência,Centro-Oeste,1.7314,4,0
902788,56.4,82419.93,12553.65,12.8,0.4772,0.4675,0,agência,Nordeste,0.2234,2,0
902715,53.3,41663.62,12118.58,32.5,0.4735,0.5033,1,app,Norte,-0.0966,1,0
901950,48.1,77925.81,28544.48,19.4,0.0911,0.0748,1,app,Sul,-0.4969,4,0
903133,44.7,54938.28,9973.7,41.9,0.1469,0.1413,0,agência,Norte,1.4834,2,0
902926,46.7,64335.35,11072.97,,0.1887,0.2176,0,app,Sudeste,1.4858,3,0
905759,34.8,39687.67,9210.14,147.5,0.1972,0.228,0,app,Sul,-1.7253,1,0
901570,18.0,27423.16,5515.93,22.3,0.4378,0.4022,0,agência,Nordeste,1.4014,3,0
903303,45.0,30919.16,72050.12703350949,30.6,0.3141,0.2883,0,app,Nordeste,1.0795,4,0
900340,44.7,73729.93,24010.82,19.5,0.0533,0.084,0,parceria_varejo,Nordeste,1.5526,2,1
905917,44.0,44984.37,13081.55,11.0,0.5545,0.5563,0,app,Sudeste,0.0155,4,0
903738,42.0,36647.1,15962.37,49.2,0.3067,0.3031,0,parceria_varejo,Sul,-1.8653,2,0
903236,44.1,24574.86,8455.22,56.2,0.2952,0.2874,0,app,Sudeste,-0.1195,1,0
903798,36.4,106368.44,27960.16,80.5,0.6224,0.656,1,app,Sul,-0.0439,4,0
905758,37.0,54432.8,9432.9,,0.4491,0.443,0,app,Sudeste,-0.7841,0,0
904827,42.8,36251.14,10057.54,21.4,0.0846,0.0688,0,agência,Sudeste,-0.1213,1,0
904660,57.6,65351.28,12725.67,3.4,0.4822,0.4609,2,app,Sudeste,-1.9418,1,0
904610,64.6,39434.43,10106.88,3.0,0.0908,0.1114,0,app,Sudeste,1.3674,2,0
903265,49.6,86332.8,20315.49,26.5,0.1949,0.2222,0,agência,Sudeste,2.3169,0,0
901215,38.4,91075.44,27625.67,44.2,0.3697,0.358,0,agência,Sudeste,-0.9106,2,0
902415,64.3,35583.13,7123.41,56.5,0.0778,0.0223,0,agência,Nordeste,1.0964,0,0
904413,52.8,88945.78,23602.64,4.1,0.195,0.1937,1,app,Nordeste,-2.5991,3,0
904687,70.0,48069.61,20846.36,21.4,0.4625,0.4314,0,app,Sudeste,2.3691,0,0
904060,33.5,46134.62,20664.16,,0.2133,0.25,0,app,Sul,1.53,3,1
904534,28.7,67598.78,11270.31,,0.105,0.1151,0,agência,Sul,1.8979,0,0
900518,23.8,28057.96,4601.28,76.9,0.1775,0.1842,0,app,Centro-Oeste,-0.4887,4,0
901724,33.7,93659.46,40467.26,75.1,0.3421,0.3229,1,indicação,Centro-Oeste,0.7991,0,0
905185,45.3,41304.1,15070.54,97.0,0.1918,0.2277,0,app,Centro-Oeste,-1.9906,2,0
904064,45.6,33885.23,14321.48,21.8,0.2194,0.2528,0,agência,Sudeste,0.0025,4,0
903301,44.4,68779.9,23735.92,176.0,0.3126,0.3147,1,agência,Sudeste,-0.5146,0,0
900766,33.7,39564.8,16802.55,43.7,0.1585,0.1618,1,indicação,Nordeste,-0.6247,3,0
901375,40.7,38923.35,13102.34,80.0,0.0917,0.1026,0,app,Sul,-0.4715,1,0
901168,35.0,27934.02,7427.44,20.7,0.2576,0.2758,1,agência,Sudeste,-1.15,4,0
900474,45.4,44273.11,12173.81,12.5,0.111,0.11,2,agência,Sul,-0.0181,1,0
902632,42.1,44165.73,13512.62,14.7,0.6614,0.6515,0,agência,Sudeste,-1.6044,0,1
902954,44.3,95619.12,34335.92,19.6,0.0442,0.0208,1,app,Sudeste,-0.9276,1,0
904671,33.4,44443.52,13843.38,36.7,0.41,0.4381,0,agência,Nordeste,0.394,3,0
905179,48.1,15577.91,5847.9,30.9,0.1324,0.1066,0,app,Norte,0.9346,0,0
903902,56.2,18625.8,7053.28,5.9,0.1431,0.1927,0,agência,Sul,-2.1196,4,0
902886,32.7,48802.7,9073.11,60.8,0.1131,0.1479,3,indicação,Sul,-1.3761,1,0
903636,35.7,26404.87,4952.06,39.5,0.4776,0.489,0,app,Sudeste,-0.4843,0,0
900268,33.9,62430.79,17127.98,72.9,0.3676,0.3571,0,app,Sul,-0.0371,0,0
901049,61.1,69634.58,21536.27,10.5,0.1897,0.1695,0,agência,Nordeste,-0.7093,1,0
904542,34.2,37910.82,14911.62,63.4,0.1841,0.192,0,indicação,Sudeste,1.0655,3,0
904012,29.1,43671.21,15781.34,33.1,0.251,0.2548,1,agência,Sudeste,0.7737,0,0
905554,18.0,39681.7,7466.48,16.8,0.5041,0.5213,0,agência,Sudeste,-0.0984,3,0
905623,39.6,21401.7,8575.61,15.9,0.4204,0.4007,0,app,Sul,2.5701,4,0
900107,18.0,36758.44,16385.02,12.7,0.2426,0.2592,0,indicação,Centro-Oeste,0.9283,0,0
903477,27.7,101727.89,44556.93,40.7,0.2248,0.2293,0,app,Norte,-0.3932,3,0
905644,52.1,27186.81,9608.18,48.5,0.0517,0.0558,0,agência,Norte,0.4084,2,0
904149,45.3,30744.32,6527.03,21.6,0.4224,0.4303,1,parceria_varejo,Norte,0.0078,4,0
903129,18.0,18035.05,4920.3,28.2,0.1021,0.1049,0,parceria_varejo,Sudeste,-1.42,0,0
904303,18.0,63977.14,27770.35,42.6,0.4486,0.4543,0,agência,Nordeste,0.2821,3,0
902779,47.8,46504.88,20796.28,6.4,0.2192,0.1932,0,agência,Sudeste,0.2593,4,0
901983,27.1,32273.42,10225.17,46.8,0.1354,0.1767,0,app,Nordeste,-2.3745,2,0
902573,21.4,61302.35,17901.83,13.8,0.0525,0.0191,0,parceria_varejo,Centro-Oeste,1.5874,0,0
905680,30.5,115559.14,41253.17,1.3,0.3863,0.3806,0,agência,Nordeste,0.1129,1,0
905088,27.4,58510.17,9549.78,4.3,0.0732,0.0727,1,agência,Sudeste,-0.3181,0,0
903226,49.3,36703.11,15399.53,2.4,0.1845,0.1913,1,indicação,Nordeste,0.0257,2,0
905340,18.0,37289.56,13030.83,82.5,0.1156,0.1263,0,app,Norte,0.0829,4,0
900632,52.4,40472.71,16582.73,40.8,0.4074,0.4142,1,agência,Nordeste,-0.1279,2,1
903206,64.6,141320.31,37755.8,17.5,0.4732,0.4851,0,agência,Sudeste,-0.9996,4,0
901426,27.1,29860.83,12402.94,56.8,0.6027,0.6012,0,app,Sudeste,1.6856,1,0
900602,41.4,83137.49,12767.09,12.2,0.0723,0.104,1,app,Sudeste,-1.4622,1,0
903489,47.5,126323.46,49083.21,25.9,0.3876,0.3765,0,app,Nordeste,1.3955,1,0
900693,35.8,55695.28,11326.35,17.1,0.1087,0.0774,0,app,Nordeste,-1.1481,1,0
905074,32.2,63890.02,15552.43,56.6,0.1248,0.1093,0,agência,Sudeste,-0.2764,1,0
900588,53.3,38830.46,16008.32,39.0,0.1524,0.1189,1,app,Sul,-0.2452,2,0
901694,37.4,31116.89,8944.66,31.7,0.2129,0.2142,0,app,Nordeste,2.2408,4,0
902554,36.1,66092.78,24057.97,15.0,0.3391,0.3428,0,agência,Norte,0.1996,2,0
903028,42.3,48517.37,11424.74,106.0,0.2376,0.2343,0,app,Sudeste,0.9526,4,0
900813,40.8,18090.13,7425.65,36.1,0.1206,0.0804,0,app,Sudeste,-0.7078,0,0
901476,40.5,,14996.21,45.6,0.228,0.1956,2,app,Sudeste,-2.2885,2,0
901158,28.9,19166.4,2991.45,37.6,0.1042,0.1105,0,app,Nordeste,1.6772,0,0
902558,66.4,22819.55,5996.89,7.2,0.4992,0.4885,0,app,Sudeste,1.0494,3,0
904027,54.4,80800.0,31620.74,64.5,0.1235,0.0963,0,app,Sudeste,-0.5865,1,0
900912,23.5,84103.87,33414.35,4.9,0.2153,0.2469,1,agência,Norte,0.4835,3,0
902252,23.5,19371.15,3979.66,95.4,0.4117,0.4023,3,app,Sudeste,-0.6581,3,0
905733,21.5,12288.77,5016.07,6.4,0.0593,0.0674,1,app,Sudeste,-0.7963,2,0
902535,31.4,24939.79,8035.29,59.6,0.2832,0.2865,1,app,Sudeste,0.2169,1,0
904345,37.8,46573.48,10823.46,6.0,0.1837,0.1596,0,app,Norte,0.4741,2,0
905597,58.5,30739.72,10874.66,16.1,0.4596,0.4362,1,app,Nordeste,-0.4361,2,0
900438,33.7,45755.52,16389.64,30.3,0.2057,0.1828,0,agência,Sul,-2.3144,4,0
903820,33.7,109692.27,45112.85,10.6,0.2892,0.2788,0,indicação,Sul,-0.6112,4,0
905961,34.2,71066.58,18407.56,67.4,0.273,0.2878,0,app,Sul,-1.5268,0,0
900609,50.7,79242.58,16061.4,1.0,0.2729,0.274,0,agência,Nordeste,-1.4815,2,0
902621,28.6,31712.11,5554.2,,0.0918,0.0885,0,indicação,Nordeste,-1.1731,3,0
904499,19.4,52226.96,22949.13,6.4,0.3993,0.4112,0,parceria_varejo,Sudeste,-1.3301,2,0
902855,36.3,53797.57,19118.78,1.5,0.6324,0.6152,0,app,Nordeste,0.0642,1,0
902835,42.0,76514.74,28283.47,14.5,0.3175,0.3576,0,agência,Sul,-1.162,3,0
903231,45.0,78443.22,32993.52,15.6,0.5828,0.6005,0,agência,Centro-Oeste,-0.017,4,0
900147,33.7,91824.22,218300.4934720275,,0.1288,0.1098,0,indicação,Nordeste,-0.3517,2,0
903138,53.1,142255.17,50356.48,21.1,0.1556,0.199,0,parceria_varejo,Nordeste,1.479,1,0
905009,42.8,41852.84,13152.2,16.6,0.0487,0.0554,0,app,Sudeste,-1.8581,3,0
901055,46.1,38463.34,11440.35,3.3,0.194,0.1578,0,indicação,Sul,1.0427,2,0
905471,37.0,101789.55,31653.62,31.1,0.317,0.2927,0,agência,Sul,0.3489,4,0
901354,49.8,96314.29,16670.91,4.8,0.1008,0.0812,0,agência,Sul,1.1083,0,0
903127,35.6,59643.77,25670.8,56.3,0.4203,0.4339,0,app,Sudeste,-0.2829,0,0
900993,45.7,27592.34,10062.22,103.2,0.5695,0.5552,0,app,Sul,0.2147,1,0
903349,33.8,32858.3,5228.71,1.0,0.419,0.4286,0,app,Nordeste,0.2527,2,0
902095,19.1,37244.85,10404.45,93.9,0.3635,0.3382,0,indicação,Norte,0.2873,1,0
905695,35.1,58083.41,20451.05,45.7,0.2415,0.2624,2,parceria_varejo,Centro-Oeste,-0.2811,1,0
904061,28.9,13992.29,4867.22,88.1,0.6067,0.627,0,app,Norte,-1.0936,4,0
903536,57.2,90442.05,32183.23,54.0,0.3487,0.3608,0,app,Nordeste,-0.7687,4,0
902142,19.1,31586.16,13961.24,6.0,0.2506,0.2407,1,app,Sudeste,0.1143,4,0
905817,54.1,59239.51,16349.81,26.1,0.4905,0.4565,0,app,Norte,-2.6773,2,0
903056,22.6,59198.17,13914.45,,0.0827,0.1045,0,app,Sudeste,-0.6288,1,0
904621,30.9,66291.15,12046.3,24.2,0.1857,0.1807,0,app,Sul,0.3496,4,0
901603,32.8,28019.88,10415.68,8.7,0.2601,0.2519,0,indicação,Sudeste,0.4549,4,0
902991,34.9,47900.76,17083.98,23.8,0.4611,0.4574,0,agência,Norte,0.5319,3,0
902967,42.5,16278.2,6696.58,10.8,0.0196,0.0,0,app,Sul,1.0442,3,0
903589,47.0,83751.0,31134.65,74.9,0.5889,0.5975,0,app,Sudeste,-0.1923,2,0
904697,42.8,26520.39,5430.04,15.2,0.4238,0.4407,1,app,Nordeste,-1.2174,4,0
901296,43.0,80513.11,29049.35,71.6,0.1976,0.19,0,parceria_varejo,Nordeste,-0.0796,4,0
901808,25.6,47033.35,12577.23,99.7,0.1231,0.1492,1,app,Sudeste,0.2184,2,0
904897,41.5,68608.83,26250.38,30.9,0.2984,0.3364,1,agência,Sudeste,-0.606,2,0
904164,32.2,41107.59,6973.1,34.9,0.4236,0.4106,1,agência,Sul,1.1344,1,0
905910,27.1,61029.18,23815.34,52.2,0.1281,0.1165,0,app,Sudeste,0.9036,1,0
905809,29.5,34443.88,9024.61,2.4,0.4039,0.4181,0,app,Norte,2.5907,1,0
900459,42.4,,8444.47,93.2,0.1644,0.1645,0,app,Sudeste,1.1372,4,1
900254,37.2,38325.92,17052.5,,0.2084,0.2203,1,app,Sudeste,-0.3837,3,0
902981,35.7,46443.46,12740.59,23.4,0.3479,0.3639,0,app,Nordeste,0.4605,1,0
903889,37.5,14688.52,3493.91,46.1,0.4084,0.4059,2,indicação,Sul,1.3293,1,0
901920,56.7,69475.58,20838.51,13.6,0.3597,0.3875,1,app,Sudeste,-1.3098,4,0
900303,49.9,43272.07,16830.78,36.6,0.1552,0.1263,0,agência,Sudeste,-2.8386,3,0
901156,29.7,21388.05,4256.96,32.6,0.2028,0.209,1,indicação,Centro-Oeste,-0.9922,3,0
905740,19.3,62771.91,15501.51,7.3,0.2942,0.2958,0,agência,Sudeste,-0.2108,2,0
900676,35.4,48668.78,8403.14,58.2,0.2603,0.2675,0,parceria_varejo,Sudeste,-0.9438,4,0
901550,50.2,78219.23,28682.96,9.4,0.5021,0.4974,0,agência,Nordeste,-3.3172,2,0
902802,47.2,66764.89,22279.93,31.4,0.2095,0.1777,2,app,Norte,-0.1969,2,0
903576,55.5,43989.05,18749.54,44.7,0.4143,0.3917,0,app,Sudeste,1.5253,1,0
902192,36.6,29203.33,10033.89,1.0,0.183,0.2038,0,parceria_varejo,Sul,0.9073,4,0
905526,40.6,61419.91,17704.76,38.9,0.1931,0.1865,0,agência,Sudeste,1.0513,2,0
904634,28.5,37511.26,10687.82,23.9,0.4016,0.3981,0,indicação,Sul,0.5881,2,0
904217,44.2,48214.92,11931.34,56.4,0.4451,0.4432,0,app,Sul,0.3152,4,0
904624,27.4,,19571.46,43.7,0.3987,0.3727,0,agência,Nordeste,0.8227,3,0
900041,24.7,62047.1,14010.76,84.5,0.3365,0.3548,1,app,Nordeste,0.1805,3,0
905873,36.3,19642.71,3484.49,,0.2661,0.2513,0,agência,Sul,-1.9375,3,0
901549,18.0,45048.21,6780.63,,0.1976,0.1815,0,agência,Sudeste,-1.5831,1,0
901264,29.5,37053.34,12404.17,28.1,0.0969,0.0969,2,agência,Norte,0.7914,3,0
904113,37.2,170066.3,36717.13,42.6,0.3652,0.3728,1,indicação,Nordeste,0.9711,0,0
900865,42.7,80049.56,21112.31,1.0,0.063,0.0477,0,evento_promocional,Nordeste,1.1386,4,0
904521,32.1,40952.51,16857.23,9.8,0.3809,0.362,0,parceria_varejo,Sul,0.7716,2,0
902570,32.2,117179.65,44167.54,44.7,0.239,0.2441,2,app,Sudeste,-0.8231,0,0
901663,46.6,99677.59,16963.26,11.7,0.6116,0.6134,0,agência,Sudeste,1.342,0,0
905836,48.4,36835.41,6566.26,36.5,0.0505,0.0748,0,evento_promocional,Sul,-0.2887,0,0
903679,42.9,,74693.07,57.7,0.437,0.4157,0,app,Sudeste,-0.2987,0,0
903076,57.8,21127.58,5197.9,4.6,0.1775,0.2036,1,agência,Norte,0.2985,0,0
902924,24.9,41386.46,11840.9,10.6,0.7429,0.7365,0,app,Nordeste,-0.1154,4,0
903987,34.6,70157.46,15934.23,12.9,0.1553,0.1521,0,app,Sudeste,-0.1233,2,0
904175,44.0,42361.37,14343.63,82.7,0.28,0.2968,1,agência,Sudeste,-1.2077,3,0
904244,46.8,57817.47,10781.07,28.4,0.077,0.1127,0,agência,Nordeste,2.14,4,0
904091,60.1,,7717.52,91.2,0.1808,0.1648,0,indicação,Centro-Oeste,-0.9576,2,0
904768,61.5,79479.61,18837.44,107.9,0.1087,0.1163,0,app,Centro-Oeste,0.9032,2,0
904919,42.8,133234.7,38784.99,1.0,0.5539,0.5824,0,agência,Sudeste,0.8767,3,0
901041,41.7,62715.52,17867.25,35.1,0.7,0.7078,0,app,Sul,0.4064,0,0
901612,38.2,79933.14,27305.35,38.4,0.5053,0.5037,1,app,Sudeste,1.1284,1,0
900344,39.8,41665.56,9099.27,68.5,0.4609,0.4634,0,agência,Sudeste,-0.4617,2,0
902438,40.2,,34653.37,32.9,0.2763,0.288,0,agência,Centro-Oeste,0.8541,0,0
903014,46.6,39111.37,13305.13,12.7,0.1919,0.2089,0,agência,Nordeste,-0.2649,0,0
903106,60.8,,7863.63,21.6,0.1837,0.1902,0,app,Norte,-1.3998,3,1
900187,46.4,20818.18,9079.16,37.7,0.4417,0.4771,0,app,Sul,0.409,2,0
903819,33.6,48727.52,21211.39,2.1,0.2332,0.2475,1,agência,Centro-Oeste,-0.0207,3,0
900932,36.1,42639.19,11369.78,53.8,0.3689,0.3361,1,app,Sul,-1.6927,3,0
900251,49.0,65913.45,14388.17,39.5,0.2417,0.213,0,app,Sudeste,0.0707,4,0
905734,40.6,25805.74,7632.34,14.7,0.3626,0.383,0,indicação,Sudeste,0.3505,0,0
900357,26.6,59046.47,22969.37,6.6,0.1912,0.1864,2,indicação,Nordeste,-0.3668,4,1
900278,18.0,28227.64,11585.89,1.5,0.2253,0.2365,1,indicação,Sudeste,2.2613,1,0
901717,44.2,55546.91,13805.99,1.0,0.3588,0.3541,0,app,Sul,0.3017,3,0
904862,43.4,28895.98,9504.59,29.9,0.5707,0.6069,0,parceria_varejo,Nordeste,-2.2246,4,0
901463,34.0,149166.05,64436.02,70.4,0.1507,0.1614,0,app,Sul,0.2723,4,0
903624,45.9,26355.34,4231.13,54.0,0.2378,0.2345,0,app,Sudeste,-0.4862,2,0
905115,46.7,67102.96,24597.85,14.5,0.3239,0.3198,1,app,Nordeste,2.3813,3,1
903600,42.9,25402.32,9336.02,2.6,0.3837,0.4049,0,app,Norte,2.471,1,0
902280,35.9,26553.92,11095.72,41.4,0.2452,0.2746,0,agência,Nordeste,1.1809,3,0
901923,63.9,15041.27,6138.24,3.1,0.228,0.2438,1,agência,Sudeste,1.2312,1,0
900610,47.6,68612.18,27392.31,,0.3548,0.4155,0,app,Sul,-0.4176,2,1
904906,47.5,79352.74,28810.25,6.8,0.0268,0.0551,0,parceria_varejo,Sudeste,1.9426,0,0
901374,31.7,40211.38,11273.16,23.4,0.0807,0.0831,0,parceria_varejo,Sul,1.4823,2,0
902694,38.9,51993.48,19433.38,12.6,0.3575,0.3641,0,agência,Nordeste,-1.0079,3,0
900328,53.3,94773.07,32555.6,18.4,0.3142,0.3079,1,indicação,Sudeste,0.3285,2,0
902985,40.8,69145.47,22227.66,1.0,0.052,0.0546,0,parceria_varejo,Sudeste,0.4071,4,0
903725,49.1,22710.58,6181.71,1.5,0.3857,0.3667,0,parceria_varejo,Sudeste,-0.7776,3,0
900781,47.4,116751.17,51999.49,21.2,0.1738,0.1876,0,agência,Centro-Oeste,0.3449,3,0
904543,43.9,48681.58,10827.48,17.9,0.5975,0.6007,0,indicação,Sudeste,-0.7806,1,0
904771,18.0,45572.61,18902.74,17.1,0.4801,0.4855,1,app,Sudeste,0.2528,3,0
905117,53.7,28791.7,8836.84,17.8,0.3584,0.3549,1,agência,Sudeste,1.9853,2,0
903041,40.5,64590.44,21463.53,30.4,0.3764,0.3885,0,app,Nordeste,-0.8042,2,0
901962,47.7,44018.43,17862.12,66.9,0.0671,0.074,0,app,Sul,-0.4628,4,0
903238,19.3,52791.52,10564.43,50.1,0.1001,0.0762,0,app,Centro-Oeste,-0.8101,2,0
905570,45.9,92987.92,27008.18,1.0,0.3123,0.3089,0,agência,Centro-Oeste,0.1144,3,0
905154,48.2,36119.75,11765.36,7.2,0.4826,0.4753,0,indicação,Sul,-1.1427,2,0
902559,39.1,17369.47,4968.5,103.8,0.2956,0.3184,0,app,Sudeste,-0.5196,2,0
904174,23.5,109070.02,38655.3,4.6,0.0942,0.0881,0,indicação,Sudeste,0.4876,2,0
902673,32.8,58643.55,157921.96579222233,42.4,0.2891,0.291,0,app,Sul,0.5442,2,0
905030,41.5,32845.37,14716.81,22.1,0.259,0.2797,1,agência,Nordeste,0.4406,1,0
902476,49.8,267349.09,102106.2,11.4,0.4109,0.4105,0,app,Nordeste,1.3564,3,0
902468,47.0,23974.02,10362.25,6.4,0.1122,0.0819,1,app,Norte,1.112,0,0
904324,42.6,36118.95,5575.65,,0.2215,0.2147,0,app,Norte,0.1714,4,0
902420,63.6,,12646.62,7.6,0.2268,0.2515,0,indicação,Sul,0.3333,2,0
903832,48.1,94014.95,21944.17,1.4,0.0932,0.1241,1,app,Sul,0.722,4,0
901851,42.2,49500.0,8500.36,129.6,0.492,0.5141,1,indicação,Sudeste,1.6602,4,0
902115,30.8,94188.69,27871.2,131.5,0.1295,0.1145,0,app,Nordeste,-0.7785,2,0
902713,41.1,61766.77,11926.58,7.2,0.5397,0.5152,3,agência,Sul,-0.3052,2,0
902055,42.2,55437.33,96990.42584646515,34.4,0.1923,0.2233,0,app,Norte,-0.3611,4,0
902560,40.1,68423.51,18171.84,2.1,0.429,0.4266,0,app,Sudeste,-0.8955,0,0
903846,44.6,56308.79,13984.81,57.6,0.1646,0.1895,0,app,Sul,0.6164,0,0
905363,49.1,56370.64,21575.91,15.5,0.3364,0.3226,0,agência,Nordeste,0.7137,2,0
903355,53.4,42462.2,8561.99,50.1,0.2029,0.1989,0,agência,Sul,-0.0068,4,0
900784,41.7,72024.27,27039.26,54.4,0.0583,0.0518,0,app,Sudeste,-0.5879,4,0
904371,39.6,69438.25,31030.25,,0.1431,0.1311,0,app,Sul,-1.8991,3,0
905664,50.9,21117.77,8754.44,61.3,0.5052,0.4664,0,app,Sul,-0.4992,4,0
900522,45.4,84343.28,21611.8,6.9,0.6888,0.6991,0,indicação,Centro-Oeste,0.0672,4,0
904920,44.0,17814.52,2943.19,38.0,0.4784,0.4923,0,app,Sudeste,0.6035,1,1
904234,52.4,46828.93,14642.77,58.0,0.2477,0.2574,0,app,Sul,-0.7325,2,0
902572,31.7,30693.99,6210.87,,0.0996,0.0883,0,indicação,Sudeste,-0.82,4,0
903346,30.1,67438.54,22225.01,37.4,0.0918,0.0855,2,app,Norte,1.188,3,0
901210,41.2,20610.95,3222.09,,0.3335,0.3226,1,app,Nordeste,1.6713,2,0
901083,18.0,17721.94,3253.78,63.1,0.0638,0.0304,1,agência,Sudeste,-0.9267,2,0
901017,31.3,30701.58,9658.81,20.0,0.2864,0.2471,0,indicação,Sul,-0.2762,1,0
901403,42.6,21618.88,8506.04,57.3,0.2565,0.2702,0,app,Nordeste,0.0326,4,0
901723,40.1,23495.69,7664.32,12.7,0.3075,0.31,2,parceria_varejo,Sul,0.4087,1,0
904474,41.5,186643.87,36876.09,169.3,0.0965,0.0913,2,app,Sudeste,-0.7091,0,0
903195,45.8,69692.69,24552.33,75.0,0.1636,0.1663,2,agência,Sudeste,-1.258,0,0
903422,36.7,42990.21,13565.44,52.2,0.1837,0.1721,0,app,Sudeste,-1.1727,3,0
901689,32.3,73892.22,32604.6,25.7,0.0706,0.0504,2,app,Sul,0.0587,3,0
901244,55.9,35792.08,14900.17,6.8,0.3834,0.3463,2,app,Sul,-0.9853,4,0
904963,36.2,38552.57,8379.9,4.2,0.2237,0.2421,1,agência,Sul,-0.2601,4,1
904967,48.1,46909.29,15990.27,13.7,0.2674,0.2819,1,agência,Sul,0.4437,1,0
900145,38.3,132831.92,34903.76,48.5,0.1271,0.1409,1,agência,Sudeste,1.8191,2,0
900008,59.9,42537.98,13456.23,98.5,0.2261,0.2183,0,indicação,Sudeste,0.3982,3,0
901893,40.3,,17452.22,94.1,0.1116,0.0939,0,indicação,Centro-Oeste,0.2656,0,0
905365,32.7,,38599.64,20.5,0.3022,0.305,1,app,Nordeste,2.3169,1,0
900540,28.3,31055.84,9311.39,9.6,0.1118,0.1206,2,agência,Sul,-0.2579,0,0
900080,37.1,57326.92,12810.87,55.5,0.1302,0.0907,0,app,Norte,0.0444,2,0
901978,41.8,88112.23,36945.12,20.7,0.1912,0.1998,0,app,Sul,0.0965,4,0
902210,44.6,46772.76,13537.48,,0.2746,0.25,0,parceria_varejo,Centro-Oeste,-0.7234,2,0
905978,55.6,53996.6,8690.67,2.0,0.1682,0.177,2,agência,Sudeste,0.4146,3,1
904742,32.1,23057.09,5728.77,28.9,0.1107,0.1337,0,indicação,Sudeste,0.8172,1,0
901106,31.6,74080.3,20586.48,2.6,0.1797,0.1763,0,agência,Sul,0.1952,1,0
901444,48.4,27298.68,7179.87,,0.5191,0.5419,1,agência,Norte,-0.8183,0,0
901846,47.7,61780.57,27213.66,37.6,0.5112,0.5233,2,agência,Sudeste,0.104,4,0
902032,39.5,31473.5,5526.32,3.8,0.1205,0.1094,0,parceria_varejo,Nordeste,0.6724,4,0
900331,42.8,111279.24,33690.22,6.3,0.1411,0.1576,1,agência,Sul,-0.3251,1,0
900359,34.6,95888.47,168119.6857911946,112.2,0.2846,0.3039,0,app,Nordeste,-0.2465,2,0
904519,40.5,50828.63,15626.87,25.0,0.2088,0.2204,0,agência,Sudeste,1.6416,0,0
901915,39.8,23957.61,10636.85,32.1,0.1934,0.1866,0,app,Sudeste,1.11,0,0
900486,50.5,,9136.38,8.3,0.2384,0.1842,1,agência,Sul,-0.8818,3,0
901187,61.7,,20358.06,8.5,0.269,0.2999,0,agência,Centro-Oeste,-2.03,0,0
900013,56.3,,13607.04,50.8,0.4795,0.497,0,app,Sul,0.4108,4,0
905665,24.2,47834.06,17944.94,8.7,0.4189,0.4018,1,app,Sudeste,-1.0647,2,0
904362,43.6,27962.1,5866.52,127.1,0.1097,0.113,0,evento_promocional,Nordeste,0.145,1,0
904527,60.8,,5824.06,16.5,0.1879,0.1662,1,app,Sudeste,0.5619,3,0
902427,18.0,56424.47,14697.56,19.6,0.2768,0.2706,0,app,Sul,1.1974,3,0
904313,53.4,108690.47,47599.47,47.6,0.1088,0.1269,1,indicação,Centro-Oeste,-2.2791,2,0
902342,28.1,55732.29,11251.52,34.2,0.0771,0.0864,0,app,Sul,-0.3044,0,0
901610,46.5,59455.22,21857.46,18.1,0.2819,0.3059,0,agência,Sudeste,-0.1844,4,0
902226,41.1,113204.89,47604.56,8.4,0.4344,0.4276,0,parceria_varejo,Nordeste,0.0299,0,0
900757,46.2,42146.9,14410.19,31.7,0.1469,0.1443,0,app,Sudeste,-1.3817,0,0
901063,19.0,49995.98,16664.82,14.6,0.5919,0.6078,0,agência,Norte,-2.8878,2,0
900090,44.0,45023.61,13750.42,14.2,0.6722,0.6972,0,app,Centro-Oeste,0.6756,2,0
900084,41.6,53945.45,8586.59,7.7,0.5038,0.5181,1,app,Nordeste,0.5409,1,0
905421,60.0,73510.85,18800.45,41.7,0.222,0.2283,0,app,Sudeste,-0.1976,1,0
903103,36.1,44186.25,13783.88,41.3,0.1391,0.1191,1,parceria_varejo,Centro-Oeste,1.3013,1,0
904934,40.8,49264.42,9539.19,2.1,0.3036,0.3031,0,agência,Nordeste,0.0941,3,0
903275,52.6,48206.71,17373.39,45.2,0.1984,0.2039,0,app,Nordeste,0.2292,4,0
902393,48.8,42771.81,10198.66,,0.1881,0.2191,0,parceria_varejo,Sul,-0.5018,4,0
900966,43.0,33155.25,13325.97,1.6,0.1935,0.2113,1,agência,Nordeste,0.4562,0,0
905772,42.9,56542.36,20747.8,93.3,0.6358,0.6075,2,indicação,Sudeste,0.8222,1,1
904927,52.0,48801.81,7405.9,85.6,0.3847,0.357,0,agência,Sul,-0.3312,1,0
905879,48.5,19249.77,6430.02,26.6,0.4433,0.4597,0,parceria_varejo,Sudeste,-1.4581,1,0
904048,46.5,25007.3,5699.32,34.1,0.3522,0.3678,0,indicação,Sudeste,-0.295,4,0
900059,37.7,12901.5,4956.93,15.1,0.4672,0.474,0,app,Norte,0.0344,1,0
905075,44.0,61140.54,24670.35,53.0,0.2273,0.2341,0,app,Sul,0.0404,0,0
901918,19.4,36979.99,10026.29,1.7,0.3922,0.3796,0,agência,Sudeste,-1.1588,3,0
901976,36.0,20111.57,5796.78,14.8,0.1097,0.1204,1,app,Norte,0.5014,0,1
903621,40.8,61941.44,23743.89,8.7,0.3446,0.3349,0,agência,Norte,0.6655,3,0
905720,18.0,51231.8,18849.56,86.7,0.4938,0.4921,0,app,Sul,-1.0932,2,0
901788,49.5,44790.18,15978.05,1.8,0.2692,0.2598,0,app,Sul,0.8137,3,0
903011,47.6,,7242.55,14.2,0.2298,0.2353,1,app,Sudeste,-0.0863,1,0
905083,36.6,40437.81,15708.95,56.4,0.5731,0.5756,0,agência,Nordeste,-0.3857,1,0
903122,33.5,34642.42,9187.27,112.5,0.0692,0.0396,1,agência,Sudeste,-0.557,3,0
905995,50.6,31214.64,8842.55,21.7,0.3017,0.2934,0,indicação,Sudeste,-0.6315,4,0
905241,27.8,58446.75,9923.62,12.3,0.603,0.6003,1,app,Sudeste,-0.6537,2,0
905430,32.6,57068.1,20135.29,51.8,0.2389,0.2651,0,agência,Centro-Oeste,-0.0213,0,0
902688,46.0,75534.05,28938.42,29.1,0.5505,0.5478,2,agência,Sudeste,-0.4106,0,0
901673,38.0,47492.38,9790.48,1.0,0.0331,0.0338,0,app,Sudeste,-0.4585,2,1
905606,34.1,36426.19,9418.62,8.1,0.5273,0.5014,0,parceria_varejo,Sudeste,-1.0335,3,0
905960,44.0,52155.35,12979.43,40.9,0.5185,0.5282,0,agência,Sudeste,-0.6036,3,0
905682,46.0,28889.41,10569.57,15.2,0.4742,0.4679,0,app,Sul,-0.4203,4,0
900439,58.2,37817.88,12377.71,11.5,0.3949,0.3983,0,parceria_varejo,Sudeste,1.197,4,0
904029,38.6,44535.28,13005.87,45.4,0.4403,0.4462,0,agência,Sudeste,1.7623,1,0
902488,50.6,50793.15,12154.18,,0.295,0.2752,1,agência,Sul,1.5249,0,0
902935,31.4,74182.88,28853.04,35.0,0.3254,0.3142,0,agência,Sudeste,0.8029,1,0
900477,51.6,,5791.51,10.7,0.0887,0.0853,1,agência,Nordeste,-0.6569,0,0
905337,36.2,33148.93,5406.59,56.9,0.2114,0.2272,0,app,Sudeste,0.0054,0,0
905714,48.4,21712.59,8850.51,16.1,0.1462,0.1673,0,agência,Centro-Oeste,1.6503,0,0
901117,41.2,48587.1,17494.75,1.0,0.1338,0.1426,1,app,Sudeste,-0.5262,4,0
905324,26.7,25852.03,9565.79,54.1,0.4511,0.4306,1,agência,Sudeste,-1.5487,1,0
900715,66.2,77389.34,23010.74,38.6,0.2283,0.2345,0,app,Sudeste,0.3017,2,0
904511,37.5,57237.27,15791.45,16.7,0.2762,0.281,0,agência,Sudeste,-0.5206,3,0
902074,43.9,29191.28,7885.81,52.5,0.2703,0.2593,0,agência,Sul,-0.6687,4,0
901528,31.8,104255.95,22335.0,2.2,0.2804,0.2683,0,indicação,Sudeste,-1.3121,1,0
903959,37.8,24492.26,8653.74,23.3,0.348,0.3648,1,app,Sul,-1.0361,0,0
902741,58.8,71241.04,26641.09,,0.1733,0.1954,0,app,Sudeste,-0.3897,1,0
905624,44.4,36175.21,6295.48,3.6,0.1627,0.1765,0,app,Sudeste,-0.6405,2,0
902054,34.8,62945.71,23905.9,21.1,0.3601,0.3477,1,app,Nordeste,0.5519,2,0
903770,28.8,117418.8,21775.82,2.4,0.231,0.2685,0,agência,Sudeste,0.5196,4,0
904563,58.4,21101.3,3239.61,3.9,0.2239,0.2685,1,agência,Sudeste,-0.0177,2,0
901372,55.5,29883.75,4742.59,6.9,0.2775,0.2902,1,agência,Sudeste,-0.4552,4,0
904996,38.2,36356.07,15169.71,1.5,0.1238,0.1143,0,agência,Sudeste,-0.3585,0,0
902479,46.1,32669.74,12229.1,13.5,0.1699,0.1579,1,app,Sudeste,1.1142,3,0
902330,37.1,64745.46,16724.57,,0.4084,0.3871,3,parceria_varejo,Nordeste,1.1121,2,1
900391,38.1,,10758.87,91.3,0.1374,0.165,0,indicação,Centro-Oeste,-0.1601,4,0
903089,42.4,36112.86,12829.29,52.2,0.4977,0.5298,0,app,Sudeste,1.2293,3,0
900058,46.6,48706.55,15834.5,25.9,0.0214,0.0134,0,app,Sudeste,0.7542,3,0
900568,32.5,11840.31,4158.32,48.8,0.0759,0.0643,0,agência,Sudeste,1.2897,2,0
904386,19.3,24012.5,9994.96,41.4,0.2864,0.3051,0,agência,Sudeste,-0.3593,1,0
905697,46.7,147622.77,25011.08,49.0,0.2995,0.3013,0,indicação,Nordeste,0.6031,2,0
900026,37.6,39851.26,13636.08,1.4,0.4535,0.4663,1,app,Sul,0.3817,4,0
901897,37.6,41222.3,10740.6,34.9,0.557,0.5369,0,parceria_varejo,Sudeste,1.024,1,1
904334,50.4,90197.64,24257.27,44.4,0.2852,0.2773,0,app,Sudeste,-0.2139,2,0
901626,22.2,30184.91,4687.99,17.0,0.1253,0.1284,0,agência,Centro-Oeste,0.2371,4,0
900717,27.8,,19649.64,50.9,0.349,0.3126,0,app,Sul,-0.4618,4,0
901025,31.1,48580.79,8020.18,7.3,0.3234,0.3448,0,indicação,Sudeste,1.14,3,0
902432,55.8,58041.11,15768.41,2.9,0.3362,0.339,1,indicação,Centro-Oeste,-0.5346,2,0
903602,35.0,49093.8,13965.14,59.0,0.1194,0.1413,0,indicação,Sul,-1.7139,2,0
900442,52.3,20473.19,8124.26,18.7,0.3405,0.3297,0,agência,Sudeste,-0.1316,3,0
901477,45.5,46378.44,16930.26,2.7,0.1743,0.2002,0,agência,Nordeste,-1.0279,2,0
905246,49.0,20058.75,7296.18,55.5,0.3096,0.3116,0,app,Sudeste,0.9001,4,0
903772,35.3,68652.19,21243.46,2.0,0.1357,0.1232,0,app,Sudeste,0.0745,4,1
904224,43.9,34807.68,6532.5,123.7,0.1145,0.1035,1,agência,Sudeste,0.5758,2,0
902556,38.8,57679.36,20479.88,137.4,0.1555,0.1441,1,agência,Nordeste,-0.5207,2,0
900855,44.0,62854.85,14223.32,23.5,0.3855,0.3964,0,indicação,Sul,-1.1848,1,0
901099,28.9,63659.16,15318.67,48.2,0.2095,0.1769,2,app,Sudeste,-0.5575,2,0
902168,37.8,82949.18,31485.37,179.4,0.4803,0.4897,1,app,Sudeste,1.0065,0,0
900859,52.2,69036.13,23157.2,14.8,0.3335,0.3204,0,app,Nordeste,0.4742,4,0
904510,42.8,38571.35,12222.07,40.0,0.23,0.2537,0,agência,Centro-Oeste,-0.4694,3,0
900819,44.6,61897.02,21564.71,31.2,0.3598,0.3885,0,agência,Nordeste,-0.7045,4,0
903023,39.7,110342.46,24997.29,23.7,0.0868,0.0751,0,app,Sudeste,-0.7513,1,0
904572,31.3,26808.5,11278.2,2.2,0.1729,0.1645,0,agência,Sudeste,-1.5437,1,0
901650,37.5,69724.92,18133.28,21.7,0.2009,0.2154,0,agência,Sul,-1.0612,2,0
903342,36.4,29866.95,7601.41,9.7,0.293,0.3151,0,indicação,Centro-Oeste,0.247,2,0
901925,24.3,66540.49,185365.010367627,1.7,0.2687,0.2472,0,app,Sudeste,0.7337,1,0
900455,37.1,32684.01,8866.96,67.0,0.4768,0.4974,1,indicação,Sudeste,-0.9263,3,0
900052,40.2,32969.94,11596.33,4.2,0.4428,0.4232,0,app,Nordeste,0.3453,2,0
905926,39.4,93957.74,24331.05,58.9,0.2231,0.2129,3,agência,Sudeste,-0.6154,3,0
904761,40.3,48742.32,14855.48,65.7,0.2176,0.1859,0,app,Sudeste,1.3629,0,0
904116,45.1,40224.93,12762.07,29.2,0.0588,0.0792,1,agência,Nordeste,-0.0404,3,1
905731,46.6,22847.61,5249.7,44.4,0.0451,0.0612,1,agência,Centro-Oeste,-0.4374,2,0
902064,37.8,47156.28,8604.71,6.4,0.4734,0.4856,1,app,Nordeste,0.9086,3,0
901217,54.1,33274.49,6836.57,11.6,0.3275,0.3088,0,app,Norte,1.0621,3,0
902312,39.4,78707.27,12308.55,21.5,0.1804,0.1694,1,agência,Sudeste,0.7785,1,0
904814,38.8,64680.71,17534.81,36.7,0.4302,0.4164,0,agência,Sudeste,-0.8438,0,0
900055,47.8,106851.08,39924.09,67.3,0.1558,0.1097,2,app,Sudeste,-0.8415,0,0
903077,47.8,40056.64,15072.45,12.3,0.5128,0.5144,0,app,Sul,-0.8226,2,0
902341,43.3,114539.7,42554.46,31.2,0.2452,0.2545,1,app,Nordeste,1.1231,4,0
902366,45.7,53716.79,186423.19057514757,33.4,0.1869,0.1786,0,agência,Nordeste,-0.0557,0,0
903707,39.8,128007.69,54397.23,23.3,0.2116,0.1915,0,app,Centro-Oeste,2.2072,4,0
902627,40.0,53578.02,17552.44,63.4,0.3893,0.42,1,app,Centro-Oeste,0.9138,2,0
903015,36.1,148782.83,25077.01,80.6,0.3167,0.3,0,agência,Nordeste,1.1175,3,0
902096,47.7,51501.53,10260.73,9.7,0.0578,0.0815,2,app,Sudeste,-0.3268,2,0
903887,54.1,36032.49,15151.75,16.3,0.5195,0.524,1,agência,Sul,-0.5906,3,0
901756,41.9,81830.26,14216.88,15.4,0.6714,0.6384,0,app,Nordeste,-0.1141,4,0
905631,41.7,58442.52,19623.47,12.7,0.0541,0.0978,0,parceria_varejo,Sul,-1.461,2,0
901735,49.8,,12867.09,2.5,0.1583,0.1385,0,parceria_varejo,Sul,1.3864,0,0
901809,25.7,49543.45,11949.73,,0.3987,0.424,1,agência,Norte,-0.8984,0,0
903934,52.6,115495.45,51863.85,126.2,0.0839,0.0442,0,agência,Sudeste,1.7099,1,0
902271,44.6,71301.28,15502.36,37.5,0.0766,0.0658,0,agência,Sul,-0.7244,2,0
900585,18.0,40539.48,7886.2,10.7,0.2037,0.2298,0,agência,Sudeste,1.5333,2,0
903610,21.6,32503.69,8483.99,12.6,0.3695,0.3958,0,app,Sudeste,-0.4277,4,0
900360,38.0,115502.31,23289.04,36.3,0.2039,0.218,1,app,Sudeste,0.1775,1,0
900603,32.0,131617.8,23709.43,68.3,0.4433,0.446,0,agência,Sul,0.4281,3,0
904828,38.8,80530.17,23116.05,37.0,0.1295,0.1344,0,app,Sudeste,-1.0847,1,0
901599,41.4,48419.9,10091.14,,0.7159,0.7135,1,app,Sul,2.2227,3,0
903012,33.3,19071.13,4496.81,6.6,0.1682,0.1876,0,agência,Norte,-0.2481,1,0
903659,26.7,46852.29,13460.87,41.2,0.232,0.2301,0,indicação,Sudeste,-1.687,3,0
901147,24.7,32055.19,10497.65,35.3,0.1556,0.1531,1,indicação,Nordeste,1.6018,1,0
901686,53.6,52818.3,22069.23,32.0,0.2998,0.2927,1,agência,Centro-Oeste,-0.896,0,0
901222,59.5,87747.15,29780.48,9.2,0.3372,0.3367,0,agência,Sudeste,-0.9501,0,0
901714,37.0,106301.62,46433.11,124.2,0.3581,0.3554,0,agência,Nordeste,0.9423,3,0
905876,34.7,28750.05,9372.1,14.9,0.3206,0.3284,2,app,Sudeste,-0.3029,1,0
903530,48.0,27338.26,8671.72,3.9,0.269,0.231,0,app,Sudeste,0.5221,3,0
904498,30.3,80732.17,34246.66,92.6,0.2697,0.2299,0,app,Nordeste,-1.2198,4,0
905951,43.4,22793.32,4514.3,24.0,0.1828,0.1573,0,app,Sudeste,0.6506,1,0
903278,53.9,,11330.83,74.2,0.1916,0.1845,0,parceria_varejo,Norte,0.2479,0,0
902145,42.0,59446.51,10676.73,21.4,0.2357,0.2331,1,app,Nordeste,1.3779,3,0
905588,34.8,37752.56,13612.83,69.5,0.0668,0.0728,1,agência,Centro-Oeste,-1.5881,1,0
900795,25.0,32916.03,10505.02,47.1,0.3865,0.398,0,indicação,Nordeste,0.449,0,0
903815,33.4,75005.2,29470.61,36.7,0.1146,0.1121,1,agência,Nordeste,0.1539,0,0
904751,48.6,17630.56,7213.41,33.2,0.5412,0.5482,0,app,Sudeste,-1.6329,3,0
905883,41.6,75653.49,13152.64,7.8,0.2282,0.2538,0,agência,Nordeste,1.1667,2,0
905865,39.4,81924.16,13685.42,,0.4676,0.4599,1,app,Nordeste,-1.4144,3,0
905151,37.4,49864.67,12470.66,30.1,0.3211,0.3178,1,app,Sudeste,0.2605,2,0
905963,61.5,35581.85,15561.34,26.3,0.4406,0.4405,1,agência,Sudeste,-1.0759,1,0
900315,40.9,83246.15,20185.61,15.3,0.2293,0.2104,0,agência,Centro-Oeste,1.3018,3,0
901604,46.4,53392.16,21339.23,18.2,0.408,0.4193,0,agência,Nordeste,1.4692,3,0
904402,24.3,64474.94,23757.65,1.0,0.5292,0.5348,1,parceria_varejo,Sul,-0.099,0,0
900926,41.5,54096.43,17001.18,18.7,0.3152,0.3214,0,agência,Nordeste,0.0014,3,0
902181,37.8,45183.16,18435.1,,0.1647,0.1166,0,indicação,Sul,-1.4055,2,0
905764,54.7,15488.34,2450.12,75.6,0.0488,0.0543,0,app,Sudeste,0.1262,1,0
905087,48.7,59223.84,19529.89,66.2,0.0955,0.0997,1,agência,Nordeste,-0.7923,0,0
901592,34.5,113810.23,25083.27,21.5,0.157,0.1517,0,agência,Sul,-1.0354,0,0
905806,30.8,59993.68,19219.17,,0.2535,0.2975,0,agência,Sudeste,0.7074,4,0
905782,34.8,65161.49,25995.62,1.4,0.1016,0.0778,3,agência,Centro-Oeste,2.1518,4,0
902005,47.6,33413.23,7476.5,1.5,0.3444,0.3387,1,app,Norte,0.6288,2,0
901959,54.4,87375.17,19508.54,31.5,0.6588,0.6625,0,agência,Norte,-0.6999,2,0
905035,60.0,79082.73,18424.53,6.7,0.4469,0.4716,0,agência,Sudeste,-0.9079,1,0
904025,46.5,38142.72,7232.21,38.7,0.5323,0.5459,0,app,Sul,-0.0327,2,0
903506,39.0,59930.74,23435.75,62.0,0.3702,0.3434,0,indicação,Sul,-0.2696,2,0
903897,39.1,14304.95,3247.52,12.0,0.1769,0.1758,0,app,Nordeste,-0.532,3,0
901648,47.1,121895.86,46809.82,132.4,0.562,0.5704,1,app,Sudeste,-1.1387,1,0
904374,38.8,,16958.15,,0.4812,0.4668,0,agência,Nordeste,0.1889,2,1
903377,35.0,49760.41,19434.92,85.6,0.5737,0.5548,1,agência,Sudeste,0.9588,3,0
905065,53.9,108440.56,39134.19,16.3,0.2357,0.2659,0,parceria_varejo,Sudeste,-0.6441,0,0
905198,28.5,57759.46,22758.1,46.1,0.3775,0.3898,0,agência,Sudeste,1.8662,3,0
902205,33.9,78571.12,23121.39,84.2,0.0798,0.1175,0,agência,Sudeste,1.4489,1,0
904812,40.3,63376.43,15140.44,23.6,0.5044,0.4997,1,agência,Sudeste,2.2538,2,0
905415,40.5,33989.56,14144.55,3.1,0.0717,0.064,1,app,Norte,-0.4205,4,0
900505,51.6,,8068.14,10.5,0.2515,0.2241,1,app,Nordeste,-0.0631,3,0
902245,30.7,62203.76,17135.87,47.3,0.1567,0.1396,0,app,Centro-Oeste,0.4608,1,0
904114,38.6,34964.45,13289.84,,0.1838,0.1797,0,agência,Nordeste,-0.2654,2,0
903813,50.6,130848.92,53343.75,64.2,0.3502,0.3536,0,agência,Sudeste,-0.9153,3,0
904296,24.6,23874.5,4176.14,18.0,0.2519,0.2588,1,app,Centro-Oeste,-0.0103,1,1
903500,34.6,20062.83,5709.93,16.1,0.4302,0.3829,0,agência,Sul,0.4901,1,0
903446,43.5,46387.23,16141.2,36.6,0.3447,0.3016,0,indicação,Norte,1.8264,3,1
903569,50.6,,22145.02,116.1,0.3402,0.3235,0,indicação,Sul,-0.7093,1,0
900772,21.1,34304.82,8233.03,8.8,0.349,0.3603,1,indicação,Sudeste,1.087,1,0
904143,54.5,35375.81,15665.18,69.5,0.6278,0.6133,2,app,Nordeste,0.1393,2,0
905069,51.9,53020.32,16352.74,72.7,0.3653,0.3224,0,agência,Centro-Oeste,1.6758,1,0
904022,47.9,54787.94,9367.63,39.1,0.3119,0.2915,1,app,Sudeste,-0.117,4,0
902856,48.6,139012.71,45226.62,5.0,0.227,0.2239,0,agência,Centro-Oeste,1.2394,2,0
901929,29.9,40026.37,10123.24,39.4,0.3524,0.3644,0,app,Sudeste,-1.485,1,0
900267,41.0,34873.49,13498.65,77.2,0.247,0.2195,1,indicação,Norte,1.3429,2,0
904817,41.7,24289.89,3677.43,9.1,0.1417,0.1588,1,agência,Nordeste,1.8608,1,0
903247,40.0,67814.11,13948.88,84.4,0.3486,0.3618,0,app,Sudeste,0.0603,4,0
902674,60.8,,6196.46,8.6,0.0999,0.0939,1,indicação,Sudeste,-0.044,3,0
905375,21.3,56769.32,18390.53,78.1,0.3833,0.3957,0,app,Sudeste,-1.1327,2,0
904249,44.7,25887.21,6341.46,20.6,0.3411,0.3281,0,agência,Nordeste,0.4557,4,0
901773,36.4,103201.12,24581.99,43.4,0.4886,0.4857,0,parceria_varejo,Sudeste,0.2495,1,0
904686,35.8,,12808.6,72.7,0.1759,0.1883,0,agência,Centro-Oeste,0.3209,2,0
902945,59.8,81264.01,33650.59,7.0,0.4827,0.5259,1,agência,Nordeste,-1.2299,3,0
901743,34.0,64973.97,18353.93,22.5,0.2485,0.2811,0,parceria_varejo,Sudeste,-0.7136,0,1
901637,18.0,53142.84,15557.69,65.4,0.2788,0.2941,0,indicação,Sudeste,-0.7919,4,0
905605,51.7,54451.59,21606.87,1.1,0.6474,0.6443,0,agência,Sudeste,0.1358,0,0
901211,42.0,59344.65,9790.12,75.3,0.3369,0.3601,0,agência,Nordeste,-0.4607,3,0
901252,32.9,28609.9,4791.87,47.2,0.3704,0.3657,1,app,Sudeste,0.2727,4,1
901010,38.4,49815.68,15341.3,3.4,0.8216,0.8216,0,indicação,Sul,-2.0174,0,0
901627,37.9,83074.0,16297.23,1.0,0.2154,0.192,0,agência,Norte,-0.1747,4,0
902461,28.5,35866.0,5553.75,2.0,0.478,0.4826,0,app,Centro-Oeste,0.4229,3,0
903857,40.3,16595.53,3517.95,14.8,0.1284,0.1106,0,app,Norte,-0.3092,4,1
903072,58.8,33139.55,11681.82,6.9,0.2944,0.2793,0,agência,Sudeste,-1.8566,2,0
902302,51.7,81406.76,30111.76,6.5,0.1325,0.095,0,agência,Sudeste,-0.2076,0,0
903005,32.9,118535.27,33339.19,21.3,0.5455,0.5728,0,indicação,Sudeste,0.3236,3,0
902675,29.3,125259.89,26570.7,10.0,0.3591,0.3685,0,indicação,Sudeste,-0.2126,1,0
903967,39.5,48772.42,13065.86,15.9,0.3497,0.339,0,agência,Sudeste,0.3095,2,0
901260,26.4,36234.66,6038.67,106.3,0.2521,0.2368,0,app,Norte,0.3437,1,0
902348,29.3,49840.58,14006.88,40.1,0.5378,0.5623,0,agência,Sul,0.6425,0,0
901885,52.6,24221.27,9857.95,98.9,0.2203,0.1801,0,indicação,Sudeste,-0.8686,1,0
900128,39.5,61228.92,26025.92,87.4,0.0548,0.0576,0,app,Sudeste,0.6619,4,0
905773,28.9,89211.23,14992.5,39.4,0.0818,0.0536,1,parceria_varejo,Sul,0.3306,3,0
903938,39.3,44968.48,7634.58,23.1,0.4449,0.4254,0,agência,Sudeste,0.3924,4,0
901054,26.8,63792.38,24501.52,9.4,0.5352,0.5406,1,app,Sudeste,-0.3403,0,0
904468,41.3,52067.27,15285.82,159.7,0.2789,0.2802,0,indicação,Sul,-0.0573,4,0
900110,45.1,70375.99,16006.67,113.3,0.4131,0.4016,0,indicação,Sudeste,1.037,2,0
901257,31.3,53225.77,11091.22,10.8,0.1137,0.0837,0,agência,Sul,-0.1951,1,0
902833,39.9,26651.81,10668.46,28.7,0.2185,0.2137,0,indicação,Sudeste,-0.2636,4,0
901541,47.6,22997.07,8257.62,14.1,0.2382,0.2254,0,agência,Centro-Oeste,-0.199,0,0
904730,58.0,132698.2,55030.82,6.8,0.4196,0.4051,1,agência,Sul,-0.0649,0,0
902699,27.9,56924.16,21706.6,42.5,0.2302,0.2194,2,agência,Sudeste,0.0739,2,0
905592,34.7,18693.24,3315.88,33.3,0.2727,0.237,0,agência,Sudeste,0.5367,4,0
905901,34.5,73126.04,21947.34,68.0,0.6781,0.6886,0,agência,Sul,-0.1541,0,0
902970,41.1,24465.76,4439.38,30.5,0.1578,0.1757,0,agência,Sudeste,-0.0485,0,0
903703,50.3,92808.41,31974.39,34.9,0.5197,0.5388,0,app,Nordeste,0.754,3,0
901301,50.9,68718.69,13907.98,20.1,0.2724,0.2733,1,parceria_varejo,Sudeste,-1.6745,0,0
903334,53.2,85490.7,34586.52,26.2,0.3756,0.3695,1,app,Nordeste,1.3083,3,0
901685,42.8,145956.4,47834.52,23.7,0.0926,0.1047,0,indicação,Sudeste,1.2077,3,0
903459,42.7,37615.59,10243.51,18.7,0.2647,0.2817,1,app,Sudeste,-0.0746,4,0
904946,50.9,156063.19,23886.06,34.9,0.3244,0.3489,2,indicação,Sul,0.9802,1,0
901016,41.5,75727.56,14420.56,12.1,0.3852,0.3328,1,indicação,Nordeste,0.4689,1,0
901263,38.1,41351.74,17250.78,3.1,0.1657,0.1586,0,indicação,Sudeste,1.1887,1,0
902506,43.7,45339.6,9519.02,15.5,0.209,0.2352,1,indicação,Sudeste,0.6001,4,0
903575,49.0,102504.7,17966.25,3.1,0.3068,0.2865,0,agência,Norte,0.5305,3,0
904483,34.8,81590.79,31774.78,48.7,0.2694,0.256,0,app,Nordeste,0.3566,4,0
904439,43.1,69989.93,28500.82,77.1,0.4737,0.4614,0,app,Norte,-0.4529,4,0
901394,30.6,50453.05,15242.41,11.4,0.4366,0.4225,1,app,Sudeste,0.8772,0,0
901030,36.1,68126.24,30425.07,20.6,0.5655,0.523,0,app,Sudeste,1.2717,1,0
901857,51.5,104071.38,37409.03,71.2,0.4185,0.4213,1,agência,Sudeste,1.0744,0,0
901512,61.3,77630.39,31981.84,53.0,0.2611,0.2719,0,agência,Nordeste,-0.3646,0,0
904826,33.4,59769.4,23476.23,,0.3159,0.3218,1,app,Sul,-2.1983,4,0
901543,49.7,121981.77,33834.85,64.9,0.2708,0.3066,2,app,Centro-Oeste,-0.2672,4,0
903801,42.4,34345.73,8024.83,55.9,0.4746,0.4711,1,agência,Sudeste,-0.2174,0,0
900876,26.7,34721.48,5328.13,35.3,0.3648,0.3765,0,agência,Sudeste,1.3976,1,0
902597,44.8,38115.73,15997.55,35.8,0.1535,0.1506,1,app,Sudeste,-0.1447,0,0
902297,22.0,66070.43,13352.68,45.6,0.0015,0.0001,0,agência,Sudeste,0.6166,3,0
905620,37.7,26433.74,10025.56,13.3,0.5584,0.5483,0,app,Sudeste,-0.4036,4,1
904081,37.1,47679.43,7413.66,11.4,0.3071,0.3183,0,app,Sudeste,0.5427,0,0
900884,26.7,50618.26,16228.52,24.6,0.3115,0.3008,0,agência,Sudeste,0.7737,1,0
900490,39.3,74427.05,28007.81,60.3,0.1112,0.1185,0,parceria_varejo,Sudeste,-0.6391,1,1
904455,20.1,81161.82,14298.93,125.6,0.5695,0.5484,1,agência,Sul,0.9958,2,1
905505,35.6,41849.68,15900.87,2.9,0.5242,0.5179,1,agência,Sul,1.0485,4,0
900339,27.9,61948.27,20334.88,92.4,0.5163,0.4992,1,agência,Sudeste,-0.8484,2,0
900822,37.4,80558.12,15463.34,5.7,0.5413,0.5237,0,agência,Sul,0.7271,2,0
900492,46.0,24163.74,9145.28,15.7,0.2429,0.2462,0,app,Nordeste,1.1098,3,0
900665,23.9,86437.49,33010.64,16.2,0.2961,0.2823,0,indicação,Sudeste,0.9954,1,0
905634,33.0,46376.68,15435.77,51.7,0.1464,0.1343,0,app,Sul,-0.5173,0,0
900327,49.3,28354.85,10784.16,24.5,0.4725,0.4441,1,app,Sudeste,0.3947,3,1
905201,40.0,53537.61,8049.97,56.3,0.2227,0.23,0,agência,Sudeste,-0.3192,0,0
900139,51.4,41052.46,13326.42,14.5,0.1484,0.1362,0,agência,Sul,-1.1366,0,0
904502,40.9,29564.99,10016.73,1.4,0.276,0.3032,1,indicação,Sul,1.2364,1,0
902622,25.8,14027.82,4374.2,31.1,0.1412,0.1451,0,app,Sudeste,0.3666,3,0
903666,23.6,116474.06,36960.53,,0.3129,0.3382,1,indicação,Nordeste,-0.8413,1,0
900250,33.3,36704.45,11765.18,8.8,0.4688,0.4911,0,evento_promocional,Sul,-1.0039,2,0
902821,32.0,81359.48,22919.15,27.9,0.6687,0.6593,0,app,Sudeste,-0.1143,0,0
903720,37.9,68809.11,11262.23,7.6,0.2282,0.2439,1,app,Sul,0.1991,0,0
903546,34.6,17550.67,5476.08,11.6,0.2819,0.3155,0,agência,Sudeste,-0.3183,3,0
904020,53.3,70917.38,23125.93,,0.3699,0.382,1,app,Norte,1.1125,0,0
902390,47.2,16315.82,2734.07,16.0,0.1003,0.0806,0,app,Sudeste,0.3666,2,0
904007,34.0,71352.48,22313.46,1.0,0.2971,0.3173,0,indicação,Sudeste,0.1573,1,0
901000,49.7,20415.2,3395.73,4.2,0.0267,0.0415,0,app,Norte,-0.7614,2,0
902628,35.9,49196.7,16885.52,41.7,0.3876,0.3559,0,agência,Nordeste,0.9615,0,0
902837,42.6,45821.47,16296.43,12.2,0.074,0.0703,0,parceria_varejo,Nordeste,0.7978,1,0
905468,32.3,72303.55,13900.11,39.5,0.0607,0.0754,0,agência,Norte,-0.4681,0,0
903360,30.5,58304.27,24847.24,10.7,0.2831,0.2836,0,app,Sudeste,-0.9015,4,0
902583,30.2,17417.62,3652.36,,0.1081,0.097,1,agência,Sudeste,-0.4659,0,0
904781,33.3,59865.54,11837.06,1.0,0.0336,0.0214,0,app,Sul,-0.4173,2,0
900043,47.0,33480.04,10304.6,22.6,0.4482,0.4641,1,agência,Sudeste,0.7462,0,0
905389,43.0,94075.28,28881.92,76.9,0.3502,0.3689,0,app,Sudeste,0.0579,0,0
902128,32.9,30380.39,6890.07,40.8,0.1437,0.0971,1,app,Sudeste,-0.4973,2,0
900270,41.0,119713.08,42383.68,16.8,0.2396,0.2696,0,indicação,Sul,0.6454,0,0
905600,24.8,73790.96,26777.29,42.9,0.2136,0.2493,0,app,Nordeste,0.799,4,0
900511,20.4,27050.58,4716.92,8.4,0.7054,0.6781,0,indicação,Nordeste,0.3875,2,0
901323,18.0,16089.68,5095.03,,0.3317,0.36,1,app,Norte,0.8784,2,1
902871,36.0,65281.89,18955.41,3.6,0.1951,0.2132,0,agência,Norte,-0.7752,3,0
905362,39.9,118827.56,43981.41,19.4,0.2075,0.2174,1,agência,Sudeste,-0.4529,4,0
905250,36.2,23570.77,8605.58,1.0,0.215,0.1988,0,agência,Sudeste,0.6164,4,0
904329,44.7,61775.42,22013.62,33.9,0.3152,0.2861,1,app,Centro-Oeste,0.2014,3,0
901286,21.1,67777.53,17034.27,35.2,0.3958,0.3803,0,agência,Sudeste,1.539,2,0
904093,33.7,38447.43,15989.57,2.3,0.3187,0.3464,2,agência,Nordeste,0.3679,2,0
905885,40.2,95221.14,21388.78,,0.4973,0.495,1,agência,Nordeste,0.8438,3,0
904823,55.4,43740.61,10761.79,,0.1686,0.1452,0,agência,Sudeste,-1.2319,3,0
903139,44.8,52653.67,95374.65774095322,23.6,0.6341,0.6363,0,agência,Nordeste,-0.5135,2,0
902950,18.0,91911.91,39692.8,23.4,0.1205,0.1438,0,agência,Sudeste,0.1494,0,0
900512,18.0,41293.25,15762.34,42.5,0.1545,0.1578,1,indicação,Norte,-0.4873,4,0
900810,57.7,76602.28,134989.91855785463,32.6,0.538,0.5594,0,indicação,Centro-Oeste,-0.9313,4,0
905522,20.8,130666.56,53291.39,56.9,0.1571,0.1742,0,indicação,Sudeste,0.3,1,0
904788,40.6,48777.55,11579.86,1.0,0.1758,0.1577,1,indicação,Sudeste,0.7391,4,0
901679,33.3,31087.89,11167.17,20.3,0.1757,0.1927,0,app,Nordeste,-2.0042,0,0
900815,46.9,54721.84,15560.84,,0.0217,0.035,0,app,Sul,-0.3419,0,0
903309,31.0,82914.61,33654.19,14.0,0.2343,0.2032,1,agência,Sudeste,0.5266,1,0
903625,36.7,26488.35,10381.58,4.2,0.2929,0.3058,0,agência,Sudeste,-0.4344,1,0
905857,39.3,60735.96,21781.01,13.0,0.1023,0.1032,0,agência,Centro-Oeste,-0.5758,3,0
904586,54.4,56515.35,14591.5,31.2,0.3907,0.3895,2,agência,Nordeste,-2.6507,1,1
900279,74.3,78372.79,27278.91,8.7,0.0964,0.1062,0,agência,Sudeste,0.4443,3,0
904536,31.7,14825.21,2540.91,17.1,0.4478,0.4605,0,app,Sudeste,-0.0883,0,0
902298,24.0,21407.61,6994.43,65.1,0.3597,0.3679,0,agência,Sul,-0.0426,1,0
902403,41.8,15283.71,5502.74,10.1,0.3985,0.3986,0,app,Norte,-2.1426,3,0
904877,26.1,97823.14,25682.43,24.0,0.1402,0.131,0,app,Sudeste,-1.2606,3,0
903901,46.2,35970.87,11869.28,47.2,0.2473,0.2376,0,evento_promocional,Nordeste,0.0203,4,0
903809,35.3,14014.58,2150.71,22.2,0.5217,0.5221,0,app,Sudeste,0.4314,2,1
905275,18.0,62907.62,16976.91,35.0,0.3674,0.3624,0,parceria_varejo,Sudeste,-0.0139,1,0
903827,18.0,42165.98,11034.88,,0.3729,0.3736,0,app,Nordeste,-0.9888,0,0
905814,41.2,75128.57,33341.9,8.5,0.2161,0.2442,1,parceria_varejo,Sudeste,0.4567,0,0
902912,42.6,42817.01,10732.19,1.3,0.2085,0.2182,1,app,Sudeste,0.3825,0,0
904438,26.4,77004.51,14789.9,14.4,0.4232,0.4232,0,agência,Sudeste,-0.446,0,0
903274,36.5,78333.0,29078.06,25.1,0.1699,0.16,0,agência,Sudeste,-0.4467,3,0
904158,40.4,54683.26,19363.54,1.9,0.2016,0.1858,0,agência,Sudeste,0.2652,0,0
905232,38.7,104776.91,22396.39,9.5,0.1001,0.0765,1,app,Sul,-0.271,1,0
900171,37.3,15951.86,5527.62,84.6,0.3401,0.329,3,app,Sul,2.1356,4,0
905833,50.3,74289.05,16565.65,10.7,0.4037,0.3997,0,parceria_varejo,Sudeste,-1.2776,0,0
904293,47.1,43136.79,8378.49,,0.0168,0.0,0,app,Sul,0.6395,4,0
905775,36.0,44491.31,15324.09,5.5,0.681,0.6565,0,app,Norte,0.8804,0,0
905565,24.3,25554.9,55162.926164089185,,0.2902,0.2907,1,agência,Sul,-1.3656,1,0
903866,38.1,53631.2,10267.16,108.6,0.4809,0.5047,1,agência,Nordeste,0.5014,1,0
900309,40.6,30770.16,9384.39,24.2,0.349,0.3637,0,agência,Nordeste,0.4732,3,0
901827,27.7,49786.93,18553.75,11.6,0.147,0.1508,0,parceria_varejo,Sul,-0.2278,4,0
905858,54.2,229356.05,92825.14,8.8,0.4773,0.4916,0,app,Nordeste,-0.6262,4,0
905335,19.4,166921.92,28760.91,10.9,0.3537,0.3481,1,agência,Sudeste,-0.7952,2,0
901981,42.3,71161.8,24959.77,56.1,0.1218,0.1552,0,app,Nordeste,-1.7945,2,0
901779,29.3,45125.61,15294.36,43.7,0.3771,0.3862,0,indicação,Nordeste,0.4738,1,0
900111,22.4,45756.54,12113.29,5.9,0.0931,0.1201,1,agência,Centro-Oeste,1.9191,1,0
901539,46.9,24485.41,10713.34,20.1,0.3486,0.3403,2,indicação,Sudeste,0.2114,0,0
904913,46.1,72610.61,29646.23,126.0,0.1944,0.1991,1,agência,Nordeste,-1.0902,1,0
901758,45.2,75543.21,28735.8,95.2,0.1625,0.122,0,agência,Sul,0.4051,1,0
904656,45.5,83833.49,20345.3,27.4,0.3876,0.3801,1,indicação,Sudeste,-0.2294,2,0
901538,54.8,22159.46,5306.52,184.4,0.1523,0.112,0,app,Sudeste,0.3671,2,0
900970,34.6,86531.72,15344.04,13.7,0.2032,0.2122,0,agência,Nordeste,-0.1588,4,0
905305,52.0,61431.39,21171.8,,0.413,0.4161,0,agência,Sudeste,-1.3817,1,0
901188,28.6,62226.49,14772.74,99.9,0.2264,0.2137,0,app,Sudeste,-0.588,2,0
904852,47.1,25009.22,7590.15,44.0,0.3112,0.3228,0,agência,Nordeste,1.1668,2,1
905824,66.5,,9194.08,19.0,0.7034,0.7215,0,app,Norte,0.7709,2,0
902441,28.9,34245.59,10754.43,121.8,0.572,0.5999,1,agência,Sul,2.3953,4,0
904173,33.3,59423.89,17574.38,5.4,0.2918,0.3061,0,agência,Nordeste,-0.6014,3,0
903504,42.5,26900.75,9644.88,36.8,0.312,0.3255,0,agência,Sul,-0.5947,2,0
900262,46.8,37998.68,7739.36,22.1,0.3223,0.325,0,indicação,Norte,0.2725,3,0
900198,33.7,46373.85,103839.3425440043,7.2,0.3675,0.3699,0,app,Sudeste,0.1005,3,0
902288,26.2,56435.18,9744.2,33.5,0.3147,0.2947,0,indicação,Norte,-1.8063,2,0
900721,34.6,38538.8,9037.6,71.4,0.386,0.3695,0,parceria_varejo,Norte,1.3192,4,0
902220,44.4,96695.9,25878.41,138.7,0.495,0.4923,1,app,Centro-Oeste,-1.7594,4,0
903923,32.3,19364.81,7045.64,39.4,0.1824,0.1602,1,app,Nordeste,0.9983,3,0
903876,43.6,100477.14,20357.21,19.4,0.191,0.2075,1,agência,Sul,0.2013,2,0
905405,37.5,44184.71,8628.79,45.1,0.131,0.1283,1,app,Norte,0.0203,3,0
905063,45.5,23488.38,3571.43,25.7,0.2483,0.1985,2,parceria_varejo,Sudeste,-0.1809,1,0
905675,37.3,89097.96,31945.27,,0.3912,0.3633,0,app,Sudeste,0.4912,4,0
903882,34.6,68703.11,29809.91,16.2,0.3059,0.3169,1,parceria_varejo,Sudeste,-0.128,2,0
902018,54.4,41071.75,13721.25,109.1,0.1891,0.1711,2,app,Centro-Oeste,1.3473,2,0
905831,37.6,49139.99,17649.78,5.4,0.3749,0.392,1,agência,Sul,-0.6192,4,0
900431,27.7,56027.26,9508.85,38.4,0.0386,0.079,1,agência,Sudeste,0.246,2,0
903084,50.6,96989.2,14881.78,6.5,0.1936,0.2084,1,app,Sudeste,1.647,3,0
903258,28.9,57209.76,24448.6,57.1,0.3008,0.3141,0,app,Sudeste,-0.536,2,0
901617,47.5,25375.56,11262.84,30.4,0.4235,0.428,1,agência,Sudeste,1.2317,3,1
904352,58.9,34493.92,9184.48,30.4,0.2222,0.1976,1,parceria_varejo,Nordeste,0.9188,3,0
900106,65.5,53438.94,23939.16,2.4,0.1903,0.1852,1,app,Sudeste,1.0591,1,0
904590,29.0,,13834.93,187.9,0.6611,0.6596,1,agência,Sul,0.4531,4,0
901226,51.4,84333.88,36798.46,55.7,0.289,0.2779,1,app,Nordeste,-2.4513,4,0
901039,28.5,31733.62,12232.08,36.8,0.3072,0.3054,0,agência,Centro-Oeste,-0.9106,3,0
902522,40.6,45582.37,11963.91,17.5,0.4788,0.4961,2,indicação,Sul,0.9474,4,0
905286,47.4,137041.83,41724.04,13.7,0.1668,0.1521,0,indicação,Sudeste,-0.8378,4,0
902413,50.8,127438.31,39274.52,55.4,0.4651,0.4601,1,agência,Nordeste,-1.2086,3,0
903574,35.5,83713.5,19930.51,69.4,0.3657,0.3431,1,agência,Nordeste,-1.1008,1,0
900513,42.9,41579.39,17467.81,15.5,0.2977,0.2911,0,app,Nordeste,-1.9717,2,0
901725,28.9,40687.11,7476.2,13.9,0.2907,0.2719,1,parceria_varejo,Sudeste,0.0198,3,0
904757,42.6,78026.32,20419.48,45.4,0.2887,0.2957,0,app,Sudeste,-0.9095,0,0
905943,23.0,32460.52,5536.21,7.8,0.2903,0.288,0,agência,Centro-Oeste,-0.3162,3,0
901822,39.5,25934.33,4689.2,128.8,0.364,0.3788,1,agência,Sul,1.4541,1,0
904663,30.1,47532.41,13020.92,9.5,0.2206,0.249,0,agência,Nordeste,-0.9454,1,0
902677,33.1,33274.52,12166.05,10.9,0.2035,0.2254,0,parceria_varejo,Sudeste,0.0963,2,0
903704,54.9,26827.42,6870.56,1.0,0.1941,0.1955,0,indicação,Norte,0.2829,0,0
905658,55.7,21353.68,8732.28,43.4,0.2794,0.2607,0,parceria_varejo,Sudeste,-0.5479,3,0
901964,34.1,59994.76,17238.96,51.6,0.1796,0.1704,1,agência,Nordeste,0.1651,3,0
901339,35.2,132283.87,41367.62,25.4,0.0195,0.0108,1,app,Sudeste,0.5942,1,0
905545,27.4,17635.37,3342.52,49.4,0.4091,0.4056,2,app,Centro-Oeste,3.2277,4,0
900301,51.9,129369.79,54255.96,31.8,0.3869,0.3958,0,app,Nordeste,-0.4221,1,0
904786,44.6,26420.53,6532.83,9.6,0.1415,0.1416,0,indicação,Sul,0.5974,2,0
902642,32.3,44341.22,9301.9,135.4,0.4091,0.4215,0,app,Sul,0.7289,3,0
900310,42.2,77897.98,23716.56,13.5,0.5554,0.5096,0,agência,Nordeste,0.2277,1,0
902783,34.7,,28508.5,75.1,0.6179,0.6253,0,agência,Sudeste,-1.0879,1,1
901322,36.4,43582.08,18490.87,46.4,0.1055,0.0845,0,parceria_varejo,Centro-Oeste,-0.0062,4,0
903708,40.6,,12024.81,11.8,0.4058,0.3985,0,agência,Sudeste,-0.3797,1,0
905721,25.5,49577.62,21886.73,37.3,0.0842,0.1003,0,app,Sudeste,-0.1698,4,0
905971,38.9,35179.87,9204.56,62.8,0.3234,0.3277,1,app,Sudeste,0.2236,4,0
905462,42.1,66147.53,14135.02,37.0,0.086,0.0908,0,agência,Sudeste,0.4334,0,0
905896,45.8,78936.69,23941.12,4.4,0.3227,0.2947,2,app,Nordeste,-0.899,2,0
905310,48.6,,12935.74,16.5,0.2547,0.2679,1,app,Nordeste,-1.3476,1,0
901588,48.1,30196.18,7818.82,3.1,0.6565,0.638,1,app,Sudeste,-0.4121,2,0
905464,43.5,78809.38,29636.9,8.7,0.3188,0.3259,0,agência,Sul,-0.0617,4,0
903644,38.4,39399.5,12348.87,29.2,0.2966,0.2573,1,app,Sudeste,0.1997,4,0
905242,31.0,103969.02,29929.21,59.1,0.292,0.2837,0,indicação,Nordeste,-0.3936,0,0
905542,31.7,79397.96,18489.72,27.7,0.132,0.0875,2,agência,Sul,-0.0541,1,0
905387,42.1,38368.65,12323.59,1.0,0.0399,0.0279,1,app,Nordeste,0.6643,3,0
902430,45.7,44462.62,13840.89,28.4,0.3093,0.3202,1,app,Sudeste,1.7696,0,0
905221,49.9,13038.26,2982.35,33.5,0.219,0.2318,1,parceria_varejo,Sul,-0.2707,1,0
900915,47.9,26823.73,7699.13,24.0,0.1579,0.149,1,agência,Sul,0.0283,4,0
904356,42.7,87035.74,36164.9,27.9,0.1491,0.1482,1,app,Sudeste,-0.852,3,0
903878,40.4,51799.66,14214.23,13.6,0.1952,0.1676,1,agência,Nordeste,-2.6004,1,0
902320,33.6,171460.05,62986.19,149.8,0.3845,0.4149,0,app,Norte,0.8072,2,0
905224,23.0,89356.77,35118.95,15.4,0.4854,0.5042,0,app,Centro-Oeste,1.1869,2,0
904090,50.5,22198.47,4670.67,14.6,0.1376,0.1178,0,app,Sudeste,-0.248,2,0
905939,42.9,53238.38,10886.05,68.2,0.2351,0.2403,0,agência,Sudeste,0.1747,4,0
905481,48.2,60151.07,18625.45,35.4,0.0654,0.0671,1,app,Sudeste,0.0032,0,0
901966,52.7,26720.18,6602.96,47.5,0.1583,0.1864,1,app,Sul,-0.6613,3,0
900075,47.3,81618.57,29017.55,6.3,0.059,0.071,0,parceria_varejo,Centro-Oeste,-0.0257,4,0
901401,41.0,88199.13,22116.27,60.8,0.2318,0.2311,1,app,Centro-Oeste,0.4044,1,0
905791,34.3,26290.68,6001.1,64.0,0.262,0.2266,0,app,Norte,-0.5977,0,0
904513,26.4,49353.73,13930.29,9.0,0.0845,0.0835,0,agência,Nordeste,0.5634,3,0
902416,28.8,66595.96,19409.99,10.6,0.209,0.1668,0,indicação,Sul,-1.4351,2,0
902801,43.0,56398.15,12289.72,9.6,0.0886,0.0805,0,agência,Sudeste,0.784,0,0
903532,31.3,33189.58,13064.78,35.1,0.3462,0.3498,1,app,Sudeste,-1.4192,4,0
904844,37.9,14429.13,5166.33,22.3,0.1965,0.2143,1,app,Sudeste,-1.185,0,0
904042,48.3,60437.19,13556.2,21.0,0.0708,0.068,1,app,Sudeste,0.685,1,0
904492,45.4,50653.61,21408.54,32.3,0.1746,0.1644,0,agência,Nordeste,-0.2518,1,0
903249,24.2,48214.52,21434.83,57.7,0.2567,0.2543,1,app,Sudeste,-0.0916,2,0
904914,56.5,34589.53,11505.53,27.5,0.3446,0.3594,2,app,Sudeste,1.2737,0,0
902408,30.6,36091.52,12639.3,3.7,0.1183,0.1379,0,app,Sudeste,0.5615,0,0
903211,48.0,28998.81,8844.32,1.7,0.4402,0.4666,0,agência,Nordeste,-0.7112,4,0
902668,38.8,,13194.9,,0.2695,0.2348,1,agência,Centro-Oeste,1.5307,0,0
905048,41.2,28196.35,11336.8,,0.205,0.2296,0,parceria_varejo,Nordeste,0.8618,1,0
900986,36.5,33360.65,7651.46,48.1,0.4244,0.4163,0,agência,Sul,1.3106,4,0
902082,31.6,22578.77,9583.5,19.3,0.098,0.1085,1,agência,Nordeste,-0.5964,2,0
904725,43.6,16706.64,6687.74,3.0,0.1559,0.1488,0,parceria_varejo,Sudeste,1.3681,1,0
902424,26.9,77083.28,32360.28,34.0,0.1014,0.0997,1,agência,Norte,1.8527,3,1
900101,44.3,33730.01,12444.47,55.0,0.1195,0.0958,0,agência,Centro-Oeste,1.2174,1,0
901486,41.3,32648.74,11818.92,46.2,0.3907,0.3971,2,app,Sudeste,-0.0748,1,0
900594,33.5,89860.16,148378.817499344,9.9,0.4528,0.4759,0,agência,Nordeste,0.7041,1,0
905472,54.3,,24401.89,100.3,0.1445,0.1253,0,agência,Sudeste,0.3411,3,0
901901,31.7,98482.86,29535.41,93.9,0.6713,0.6835,1,agência,Norte,0.2498,1,1
901258,30.1,60706.6,118374.98822414316,88.4,0.222,0.2126,2,agência,Centro-Oeste,-1.2797,1,0
900679,34.1,42243.18,16446.27,40.2,0.1988,0.2031,0,app,Sudeste,0.4457,2,0
902158,29.6,36008.1,11179.96,32.2,0.275,0.2635,0,indicação,Sudeste,-0.02,2,0
901205,38.0,54977.94,18772.41,,0.1558,0.1605,1,agência,Sudeste,1.0996,3,0
902109,36.0,19951.65,7059.18,110.0,0.2702,0.285,0,parceria_varejo,Norte,-0.2103,1,0
901175,51.3,37029.5,12419.59,51.3,0.3558,0.3746,1,agência,Sul,-0.6562,2,0
905750,43.7,39449.71,6868.45,54.7,0.2003,0.2155,0,agência,Nordeste,0.1409,2,0
904131,48.8,47103.63,20834.61,2.8,0.3362,0.3515,1,agência,Sul,-0.4502,2,0
905373,45.4,20041.81,4475.85,40.0,0.192,0.1952,0,agência,Norte,0.0592,1,0
904770,34.9,49336.38,14201.47,47.1,0.1986,0.2123,0,agência,Sudeste,0.374,3,0
900948,45.0,36522.56,13942.52,2.1,0.4066,0.3998,0,agência,Sul,0.5778,1,0
904243,46.6,26545.97,10866.3,47.0,0.2814,0.2794,0,app,Centro-Oeste,1.0403,1,0
902968,32.5,,4823.61,48.6,0.4747,0.4677,0,agência,Sudeste,-0.7021,0,0
904044,42.4,53676.41,8756.89,25.8,0.319,0.3628,1,app,Sudeste,0.4551,0,0
902073,45.9,83360.73,13970.34,44.8,0.2544,0.2606,0,app,Sudeste,0.0258,4,0
905027,42.3,40771.62,6606.78,75.8,0.1716,0.1709,1,parceria_varejo,Sudeste,0.71,0,0
904888,35.9,36979.81,13616.83,37.9,0.1092,0.0717,0,agência,Centro-Oeste,0.7804,2,0
901312,45.4,27579.81,9997.91,63.5,0.3476,0.3596,0,app,Centro-Oeste,-0.5288,1,0
900312,44.2,20191.86,7280.7,,0.302,0.2901,1,parceria_varejo,Nordeste,-0.161,3,0
903339,39.3,43923.69,17236.49,18.2,0.1356,0.1137,1,agência,Nordeste,-0.1246,1,0
904899,57.5,84290.38,17489.31,,0.0542,0.0274,0,agência,Sul,0.6202,0,0
902410,54.0,21008.15,9093.48,8.4,0.4394,0.4571,0,agência,Sudeste,-0.4855,0,0
904846,36.9,,5767.15,8.0,0.3322,0.3474,2,parceria_varejo,Sudeste,1.1059,0,0
901565,27.1,25241.48,10280.23,53.1,0.2981,0.2959,0,agência,Centro-Oeste,0.0394,2,0
904159,43.5,54779.54,9880.76,24.7,0.1341,0.1676,1,app,Sudeste,0.165,1,0
903218,31.6,30113.04,11837.97,2.8,0.4486,0.4198,3,agência,Sul,0.8585,3,0
903409,55.9,53681.09,8271.88,13.1,0.1833,0.1714,0,agência,Sudeste,-0.5015,3,0
904248,44.9,48384.56,11653.74,113.7,0.2902,0.2806,0,indicação,Sudeste,0.6675,0,0
905215,54.6,60286.52,23168.24,63.3,0.1799,0.1631,0,app,Sudeste,0.1394,0,0
901611,36.3,45422.59,7181.8,61.1,0.1465,0.1299,0,app,Sudeste,-1.7108,2,0
901381,38.9,82255.57,26675.17,22.1,0.2782,0.3105,2,evento_promocional,Sul,0.3201,2,0
900407,37.0,37971.56,10291.75,7.3,0.7956,0.7986,1,agência,Nordeste,1.3938,1,1
904151,31.7,69592.11,13423.85,28.2,0.209,0.1967,0,app,Nordeste,0.4207,4,0
901677,67.9,11155.61,4581.88,33.8,0.3334,0.3553,1,app,Centro-Oeste,-0.8589,4,0
905321,31.1,56650.6,9213.9,2.7,0.5236,0.5388,0,app,Sudeste,-1.944,4,1
901335,56.4,25360.75,7190.87,74.8,0.4504,0.4336,0,app,Nordeste,1.4298,0,0
900255,59.2,124133.78,42065.81,,0.5116,0.5166,0,agência,Nordeste,-0.3111,4,0
903794,57.7,50900.79,12300.35,11.1,0.2506,0.2099,0,app,Nordeste,0.2466,4,1
902919,47.7,36417.41,14784.7,17.2,0.7034,0.7162,0,agência,Sul,-0.5289,1,0
902941,22.3,30254.81,12128.73,27.9,0.1326,0.1036,0,agência,Sudeste,0.5669,3,0
905040,34.5,25817.45,8263.2,69.5,0.293,0.2896,0,agência,Nordeste,0.3995,1,0
901801,42.5,107668.0,28321.97,62.1,0.1849,0.1788,0,agência,Sudeste,0.3065,3,0
904932,36.5,38962.72,14359.64,41.3,0.1775,0.1801,0,app,Sul,-1.4114,0,0
905788,25.1,55974.34,9746.47,108.5,0.5309,0.5021,0,app,Sul,1.0207,3,0
905005,37.6,91911.71,26826.68,23.6,0.354,0.3793,0,app,Nordeste,-1.9378,1,0
903881,53.2,28943.01,7300.07,56.8,0.2332,0.2316,0,parceria_varejo,Sudeste,-1.3164,2,0
903919,61.6,66471.55,25504.93,14.3,0.2354,0.2283,1,app,Nordeste,0.2645,1,0
900335,24.3,41891.24,6575.37,68.4,0.5011,0.4614,0,parceria_varejo,Nordeste,1.1691,3,0
900551,37.1,50226.88,15939.03,22.0,0.3346,0.3372,0,indicação,Sudeste,0.9976,3,0
903333,41.8,68874.92,20320.31,57.8,0.2055,0.1732,1,app,Sul,0.073,2,0
905012,54.1,137929.72,22256.78,49.9,0.2186,0.2231,0,app,Nordeste,-0.379,0,0
903911,28.0,71665.56,10809.76,1.1,0.2015,0.1967,0,agência,Sul,0.2794,3,0
901716,38.9,24776.0,11060.37,7.9,0.4867,0.499,0,agência,Sul,-0.74,4,0
904623,62.0,,7793.22,80.1,0.457,0.4441,1,parceria_varejo,Nordeste,1.2149,0,0
904829,48.4,15116.07,5712.95,1.4,0.1159,0.1495,1,indicação,Sudeste,-0.439,3,0
903899,26.4,37192.39,10180.25,9.0,0.3082,0.2901,0,indicação,Nordeste,0.0022,4,0
901249,28.2,46473.44,11402.76,12.1,0.4301,0.4407,1,agência,Centro-Oeste,-0.2556,2,0
904733,45.1,63498.78,22082.61,35.1,0.0896,0.0978,0,app,Centro-Oeste,0.6994,4,0
904236,39.4,23515.12,4755.98,7.2,0.0768,0.0735,0,agência,Nordeste,0.2499,4,0
901880,49.9,64881.17,23252.16,13.4,0.4966,0.5,0,indicação,Sudeste,2.0261,0,0
901097,45.8,21124.86,3803.06,48.6,0.3302,0.3433,0,app,Centro-Oeste,-0.8609,2,0
902918,32.7,36779.46,15290.4,11.4,0.0808,0.0848,0,app,Sudeste,-2.3286,2,0
905767,37.1,137042.74,148881.69581737544,16.9,0.5185,0.494,0,app,Sul,0.6525,2,0
901841,47.3,22305.62,9380.08,29.0,0.0674,0.0703,1,app,Centro-Oeste,0.507,0,0
900091,32.0,26594.06,10291.07,22.5,0.1821,0.1732,0,app,Centro-Oeste,-0.0588,3,0
900907,39.3,76008.52,27400.0,45.5,0.1669,0.2049,0,app,Sudeste,0.9111,0,0
904657,29.4,,7370.49,54.6,0.1219,0.1171,2,app,Sudeste,0.6206,0,0
901628,40.0,30569.74,5460.6,79.1,0.3696,0.3675,1,app,Sudeste,-1.1156,0,0
900102,18.0,60631.55,23376.65,,0.2415,0.2177,1,app,Sudeste,-1.346,0,0
901866,66.4,99354.03,21002.38,93.7,0.2852,0.2417,0,agência,Sudeste,-0.6516,2,0
901193,38.3,56739.29,14888.69,20.2,0.3995,0.41,0,agência,Sudeste,-0.1761,2,0
901884,30.1,37282.21,11195.63,26.2,0.7794,0.7999,0,agência,Sudeste,0.6021,4,0
901416,29.8,35217.73,12540.49,76.2,0.0997,0.1336,1,agência,Sul,-1.2107,1,0
902326,34.0,39581.12,11199.75,4.9,0.0494,0.0015,1,app,Sudeste,0.2947,3,0
902144,31.3,56298.73,86373.13088001654,1.0,0.2844,0.2924,0,app,Sudeste,1.3309,2,0
902233,43.2,80737.28,18778.19,34.8,0.1624,0.17,0,agência,Sul,1.7793,2,0
902704,43.6,31362.69,6700.15,38.1,0.5841,0.5652,0,agência,Sudeste,0.3863,3,1
900208,28.9,30255.31,7970.86,14.4,0.3921,0.3951,0,agência,Norte,0.8041,2,0
905427,34.8,120847.67,51903.53,4.9,0.1722,0.2085,0,app,Sudeste,-1.4484,2,0
901007,29.9,36295.44,7155.66,27.4,0.3011,0.3,1,agência,Sudeste,0.3782,2,0
900019,31.5,59573.05,15814.28,61.5,0.2066,0.2205,1,indicação,Sul,-1.5565,1,0
903198,62.6,41381.52,18015.92,20.5,0.1559,0.149,1,parceria_varejo,Sudeste,0.0072,0,0
901316,19.9,23958.67,6607.61,7.0,0.1699,0.1704,0,agência,Norte,1.2881,1,1
900054,53.9,76808.83,33804.17,37.3,0.2459,0.246,1,app,Centro-Oeste,-0.3849,3,0
903577,20.8,48795.16,7823.13,1.6,0.498,0.5289,0,app,Norte,-1.2523,1,1
902295,31.8,27698.6,89191.84355122077,46.3,0.1805,0.1829,1,agência,Sul,-0.9795,1,0
904491,29.6,146265.51,28534.67,10.9,0.1196,0.1169,1,app,Centro-Oeste,-0.511,0,0
905191,50.7,33477.3,11150.88,17.6,0.0894,0.0613,3,app,Sudeste,0.787,1,0
904211,39.9,84047.58,21054.97,18.5,0.0276,0.0227,0,agência,Sudeste,0.3339,1,0
902313,38.9,134672.89,38357.57,39.2,0.2754,0.2975,1,evento_promocional,Sul,-1.4394,2,0
901537,30.4,52811.56,19925.57,34.3,0.3682,0.368,1,app,Sul,0.0932,4,0
900155,38.6,24911.04,7754.68,27.2,0.1968,0.2283,0,agência,Norte,-2.4184,3,0
903185,50.1,45446.0,12959.58,4.9,0.384,0.4035,0,agência,Sudeste,0.3741,3,0
900750,33.3,44639.61,10282.09,44.5,0.3701,0.3871,1,app,Sul,-0.4788,4,0
904813,65.6,,27430.43,37.5,0.3843,0.361,0,agência,Norte,0.3661,1,0
902130,44.1,34522.11,8974.59,,0.3177,0.3281,0,agência,Sudeste,0.6913,3,0
902170,53.7,151148.99,40215.69,39.8,0.5236,0.5715,2,agência,Sudeste,0.22,2,0
905285,51.5,43990.89,15837.54,17.7,0.3529,0.3573,1,indicação,Centro-Oeste,-0.0276,1,0
900484,34.5,78436.96,34532.94,5.2,0.3065,0.3107,0,indicação,Sudeste,-0.3918,4,0
902037,35.8,76963.44,34094.5,11.9,0.1757,0.1807,0,agência,Sul,-0.0331,1,0
902662,23.6,37674.6,14561.49,25.2,0.1706,0.182,1,agência,Sul,-0.2101,2,0
901350,32.5,55947.28,13095.01,1.0,0.2611,0.2529,1,agência,Sudeste,0.1212,4,0
902482,40.6,44425.56,6975.46,,0.4439,0.4312,0,agência,Sul,0.0931,4,0
905148,35.5,20049.29,3735.73,133.8,0.2167,0.2194,0,app,Norte,-0.1878,2,0
901345,41.6,47085.2,10781.2,21.9,0.485,0.4517,1,app,Sul,1.1593,2,0
905076,40.7,104300.97,20712.06,47.0,0.3367,0.3554,0,app,Sul,-1.4256,3,0
902737,47.8,49565.4,9303.32,3.6,0.2295,0.2136,0,app,Sudeste,0.2352,1,0
901146,43.8,61626.75,25347.15,11.3,0.0887,0.0478,2,app,Sul,1.5943,4,1
900193,53.1,54320.78,16286.98,45.6,0.1869,0.1888,1,parceria_varejo,Sudeste,0.6596,2,0
904746,34.1,70836.72,13721.62,3.4,0.2491,0.2467,0,indicação,Nordeste,-1.7966,4,0
904134,29.2,38161.04,6142.05,71.8,0.0715,0.0623,0,app,Nordeste,1.3339,4,0
905993,44.9,37273.29,7485.69,1.5,0.371,0.379,1,app,Sul,0.9663,1,0
900640,32.4,65734.21,16943.75,19.7,0.1451,0.1223,0,indicação,Sul,-0.7233,4,0
904907,45.8,59920.26,17512.18,81.3,0.4556,0.44,2,agência,Sul,-0.1178,2,0
902698,44.2,38701.11,11671.43,51.0,0.2963,0.3011,1,agência,Sul,-0.0699,3,0
901076,65.4,58809.74,25097.85,66.7,0.3767,0.3937,0,indicação,Nordeste,1.4486,3,0
903869,52.1,52308.61,14128.57,79.8,0.0245,0.0152,1,app,Nordeste,-0.2315,3,0
904079,21.3,43583.45,14335.27,17.2,0.237,0.2441,0,indicação,Sudeste,-2.3309,4,0
905579,41.3,65567.7,11754.63,23.4,0.3114,0.2846,0,agência,Norte,0.405,3,0
903880,42.5,28469.34,9818.88,48.7,0.3304,0.3094,0,app,Sudeste,-0.1784,4,0
904435,28.4,86691.36,19717.12,56.6,0.6836,0.6791,0,agência,Norte,0.2629,2,0
902363,27.0,238841.6,100259.99,15.3,0.3075,0.3133,0,app,Nordeste,-0.5386,1,0
905789,61.9,36581.35,14776.15,19.0,0.097,0.0891,0,parceria_varejo,Sudeste,-0.7093,1,0
900293,33.7,43528.68,10525.99,8.5,0.1077,0.0902,1,app,Nordeste,0.4297,4,0
901676,47.2,36466.14,6175.51,79.2,0.3839,0.3999,0,indicação,Sudeste,1.1237,2,0
902765,41.9,73558.05,25469.32,6.2,0.4757,0.4895,0,agência,Norte,-1.3242,1,0
902238,53.6,62696.94,15863.19,,0.3283,0.3443,1,agência,Nordeste,-0.2472,3,0
904881,47.5,69937.63,25558.61,,0.1809,0.1861,3,agência,Nordeste,1.6227,4,0
900184,36.9,30175.11,4721.33,38.7,0.5814,0.571,1,agência,Norte,-1.9997,2,0
903423,40.2,,9127.88,1.8,0.1306,0.1339,0,parceria_varejo,Sudeste,1.2517,2,0
901664,28.0,68991.75,22429.4,30.2,0.2782,0.2644,1,indicação,Norte,1.0051,1,0
901661,59.9,19522.42,6266.56,4.2,0.1062,0.0804,0,agência,Sul,0.3564,3,0
901154,23.6,32544.9,10207.16,1.0,0.4067,0.401,0,app,Nordeste,0.1418,3,0
903767,34.5,48968.6,18494.7,72.3,0.4894,0.4669,1,agência,Sudeste,-0.1121,1,0
904678,34.5,84887.85,21491.3,8.4,0.7617,0.769,0,agência,Sudeste,-0.0442,1,0
902582,51.4,68720.76,20484.96,100.2,0.0654,0.0854,2,parceria_varejo,Norte,-0.7162,2,1
904575,30.9,33101.54,12844.29,62.2,0.5361,0.5142,0,indicação,Nordeste,0.7342,3,0
901227,51.6,56751.43,25237.7,,0.3783,0.3781,2,parceria_varejo,Norte,0.5392,3,0
900974,59.7,90203.92,38158.98,48.8,0.0741,0.0712,0,app,Sul,0.5746,3,0
903588,36.9,51552.28,20367.51,16.1,0.1107,0.1152,0,agência,Nordeste,-0.9683,0,0
903406,44.7,,17659.6,73.9,0.3211,0.3072,0,agência,Sul,2.6171,1,0
904842,23.5,59052.03,23722.39,39.8,0.3071,0.3319,2,parceria_varejo,Centro-Oeste,-0.3916,1,1
903982,50.0,98470.65,17611.49,86.3,0.2069,0.2155,0,indicação,Sudeste,2.4473,4,0
905784,51.9,136106.69,45994.72,10.0,0.3288,0.3445,0,app,Sul,0.5142,3,0
905614,41.9,39953.24,13905.86,26.9,0.2997,0.3042,0,app,Sudeste,0.6067,0,0
901228,41.3,29284.66,12401.15,24.7,0.1745,0.1706,1,app,Sul,-0.2847,2,0
901968,27.9,34020.08,6944.75,74.8,0.1105,0.1099,1,agência,Centro-Oeste,1.9772,1,0
900434,39.8,104805.05,18624.09,54.5,0.2415,0.2232,0,app,Sudeste,0.8464,3,0
904890,34.3,36209.84,13369.04,27.8,0.4501,0.4578,0,agência,Sul,0.7129,2,0
902136,44.0,31961.36,6533.1,,0.1581,0.1332,2,app,Sudeste,-0.3344,2,0
902113,57.2,43848.95,11078.87,27.1,0.4904,0.4838,1,evento_promocional,Sudeste,0.6538,4,0
903792,35.0,45451.47,19567.85,69.2,0.4233,0.4255,0,indicação,Sudeste,-0.7487,3,1
905907,39.2,76229.5,25956.2,29.6,0.0932,0.1017,0,agência,Centro-Oeste,0.3525,1,0
902914,34.9,19105.86,8047.33,81.0,0.2324,0.1999,0,indicação,Sudeste,-0.0446,2,0
902316,43.9,39099.8,6107.75,69.9,0.0541,0.0709,0,parceria_varejo,Sudeste,-0.083,1,0
902099,41.3,55400.44,23915.19,11.9,0.2219,0.2468,0,app,Sudeste,-0.1277,2,0
900205,30.9,21697.27,8815.09,131.8,0.6011,0.6071,0,app,Nordeste,-0.4962,2,0
901682,33.9,65266.55,11348.52,2.6,0.178,0.1845,0,app,Sudeste,-1.117,2,0
905396,49.4,80864.81,26866.95,41.1,0.2012,0.2152,0,app,Nordeste,-1.2913,0,0
904954,47.4,69327.87,17994.17,3.9,0.3058,0.3219,0,agência,Nordeste,0.382,2,0
905239,35.9,177476.04,75353.4,38.7,0.0621,0.0828,0,agência,Sudeste,-0.8194,4,0
902395,24.1,50663.12,22322.55,58.0,0.5472,0.5097,0,agência,Nordeste,-0.9914,0,0
902656,40.2,88743.78,15899.61,14.2,0.2842,0.2967,0,indicação,Sul,-1.8548,3,0
903193,55.1,15046.99,5954.35,71.9,0.0988,0.1024,0,app,Sudeste,-0.0496,0,0
905725,58.7,35901.8,10214.97,12.8,0.3887,0.4065,1,agência,Nordeste,-0.418,3,0
902291,42.9,12115.81,2696.71,96.6,0.0557,0.0921,1,agência,Sudeste,0.1521,4,0
900089,38.8,77197.18,13525.02,30.2,0.5157,0.5287,0,app,Sudeste,0.5313,0,0
900644,42.7,30949.33,7903.77,39.6,0.4733,0.4672,0,app,Sudeste,-0.6635,0,0
902225,53.6,60872.39,20973.54,92.2,0.0954,0.0877,0,app,Nordeste,0.5658,3,0
900823,37.7,81098.97,19653.95,13.8,0.2518,0.2562,1,app,Sudeste,-1.2705,1,1
905694,29.0,41624.78,12296.08,1.0,0.2916,0.2808,0,app,Sudeste,-0.9611,1,0
905276,29.7,98733.48,24101.25,12.8,0.2814,0.2955,0,evento_promocional,Nordeste,1.6957,2,0
900707,64.7,48085.06,10349.56,5.1,0.5453,0.5885,1,app,Sudeste,-1.9556,3,0
904239,47.4,25706.24,9097.2,25.3,0.2203,0.1973,0,app,Nordeste,0.1529,2,0
900785,43.0,31374.15,12104.5,10.9,0.2104,0.2275,0,indicação,Centro-Oeste,1.076,2,0
902050,36.2,16676.62,7043.78,42.2,0.1598,0.181,0,app,Sudeste,0.2364,4,0
902680,27.5,166936.85,70999.64,15.4,0.3025,0.2598,0,app,Sul,-1.4777,4,0
905318,36.3,25289.92,4184.12,8.7,0.2848,0.2992,1,agência,Sul,-0.2306,1,0
902156,47.4,98107.15,33566.98,5.5,0.156,0.1553,1,agência,Sudeste,0.0027,3,0
902862,34.4,81405.15,23597.6,37.9,0.2061,0.2267,0,indicação,Sudeste,0.8202,2,0
900178,20.8,61844.07,107747.04293031513,35.5,0.0662,0.0769,0,app,Sudeste,0.4478,4,0
904267,42.2,58973.79,104807.79110699905,37.8,0.4687,0.4718,2,app,Sudeste,0.7769,2,0
900412,65.6,56035.17,15436.69,,0.2731,0.2753,0,app,Sudeste,-0.0895,4,0
904674,39.3,25999.35,7750.05,26.9,0.3318,0.3335,0,agência,Sul,0.8092,0,0
900416,33.7,11580.57,2723.57,,0.702,0.7058,0,parceria_varejo,Sul,1.5244,1,0
903415,33.9,30129.32,9307.78,74.9,0.4369,0.4256,1,indicação,Sudeste,-1.4138,3,0
905655,50.1,,13315.96,48.3,0.3237,0.3201,0,agência,Centro-Oeste,0.1269,2,0
903248,49.4,18986.92,3260.26,69.9,0.2775,0.24,1,agência,Sudeste,-0.9906,1,0
904460,43.9,27806.19,10643.11,60.4,0.1916,0.2132,1,agência,Norte,0.7001,0,1
903401,25.4,54044.89,21659.29,36.1,0.3375,0.3028,0,app,Nordeste,-0.8619,3,0
902398,19.0,21274.34,7341.36,15.8,0.0639,0.0448,0,app,Norte,-0.3604,3,0
900740,46.2,38847.32,6272.16,64.1,0.1731,0.2018,0,indicação,Sul,0.0365,4,0
900073,41.1,38058.74,7997.96,39.8,0.3729,0.3772,0,app,Sul,-1.4371,1,0
905371,41.6,,7672.45,46.0,0.3775,0.3769,0,parceria_varejo,Sudeste,-0.7569,2,0
902208,18.8,20952.51,4229.81,126.4,0.4437,0.4649,1,agência,Sudeste,2.7908,1,0
902360,35.9,65340.46,16221.68,13.2,0.1167,0.1303,0,indicação,Sudeste,-0.5715,4,0
901988,29.1,52093.09,10354.84,45.2,0.3928,0.3544,0,agência,Sul,0.9803,1,0
904965,44.8,16017.89,3748.71,9.6,0.1505,0.2051,0,app,Sudeste,0.5885,3,0
905686,41.7,184476.04,58417.49,15.4,0.3758,0.3968,0,app,Sudeste,0.268,3,0
901492,22.3,46094.74,13156.4,5.4,0.4987,0.4901,0,agência,Sul,1.3934,4,0
902202,32.0,53831.25,21801.15,18.7,0.2789,0.2802,0,agência,Nordeste,-1.3738,1,0
903963,45.2,32560.23,10446.7,18.8,0.3926,0.3856,1,app,Sudeste,-0.477,4,1
905354,28.3,40750.92,10207.59,27.6,0.0959,0.0728,0,app,Nordeste,0.251,0,0
905187,44.2,28705.61,10221.67,33.4,0.3018,0.2907,0,agência,Sudeste,-1.2984,2,0
902978,24.9,52169.89,12814.2,1.9,0.4683,0.4824,1,agência,Sul,2.1119,1,0
903159,29.9,36164.82,5734.26,19.6,0.4177,0.4386,0,agência,Nordeste,1.2936,1,0
902356,36.0,49572.11,9170.14,,0.1984,0.2123,0,agência,Sul,1.1216,1,0
903049,45.2,30271.06,12043.43,2.4,0.2085,0.2151,0,agência,Sudeste,0.7418,1,1
900631,44.5,61574.13,12092.13,94.9,0.2369,0.2478,1,agência,Sudeste,-0.0544,3,0
902191,48.5,54031.97,19536.18,3.3,0.2263,0.2169,1,app,Nordeste,0.2505,0,0
905829,52.1,27837.66,7323.81,16.5,0.3738,0.3822,1,app,Sudeste,1.1064,1,0
905120,28.8,141473.1,33512.7,61.5,0.4104,0.4033,1,parceria_varejo,Sudeste,-0.8215,0,0
901080,34.2,63725.51,21486.4,15.0,0.2032,0.1762,0,app,Sudeste,-1.7095,1,0
902035,20.6,18789.35,7831.5,52.8,0.4753,0.4509,1,indicação,Centro-Oeste,0.214,2,0
901166,49.0,250547.56,67108.29,68.5,0.2678,0.2877,1,agência,Sudeste,-0.6364,1,0
905602,38.2,58865.02,13285.02,15.0,0.2117,0.2195,0,app,Norte,-0.142,1,0
903003,44.3,51631.28,10958.24,1.4,0.3179,0.325,2,app,Sudeste,0.6479,4,1
903627,39.2,87987.75,31852.86,55.0,0.4493,0.4482,1,app,Sul,0.0506,0,0
901802,46.2,,9514.77,12.7,0.4724,0.4638,0,agência,Sudeste,-2.4663,4,0
903670,58.4,33035.47,12871.84,26.5,0.302,0.3024,0,parceria_varejo,Sul,0.6293,1,0
904274,31.8,38336.49,13468.14,12.4,0.1475,0.1199,1,app,Nordeste,-0.9675,2,0
904594,34.4,38059.99,12465.24,3.5,0.388,0.3749,0,app,Nordeste,-1.0791,1,0
904023,41.0,22975.68,5036.31,68.3,0.6419,0.6454,0,app,Nordeste,-0.2747,0,0
904580,40.2,40263.56,15989.0,149.4,0.5413,0.5205,1,agência,Sul,0.5704,4,0
904124,35.4,34162.57,13520.32,35.2,0.2561,0.2645,0,app,Nordeste,1.074,4,0
902246,55.4,119180.32,32565.15,16.5,0.2408,0.2185,0,app,Nordeste,0.1079,3,0
903613,39.9,14018.26,2441.4,48.7,0.2117,0.2265,2,app,Nordeste,0.7372,3,0
900081,48.7,87111.98,35650.22,29.3,0.303,0.3019,0,agência,Centro-Oeste,-0.1568,0,0
904277,44.6,39011.07,16401.3,1.0,0.3708,0.3793,0,agência,Sudeste,-0.727,4,0
900877,22.7,45817.92,13311.17,55.9,0.2794,0.2455,0,evento_promocional,Sudeste,0.2556,1,0
901340,18.0,91736.56,18456.3,32.6,0.1671,0.1593,1,app,Nordeste,0.8172,0,0
905948,37.7,48232.26,17146.77,11.9,0.5135,0.504,1,agência,Sul,1.9416,3,0
903387,42.2,120641.61,21783.89,41.5,0.6327,0.6012,2,agência,Nordeste,-0.8835,1,0
905619,18.7,65755.37,14354.76,16.2,0.1434,0.1189,1,indicação,Nordeste,0.4137,2,0
900759,32.5,28581.12,4543.0,16.5,0.3854,0.3779,1,app,Centro-Oeste,-0.2134,1,0
902218,38.6,65498.16,20329.59,,0.4145,0.4206,0,agência,Sul,-0.2192,0,0
901356,63.7,38915.81,7361.94,94.3,0.1599,0.1323,1,app,Sudeste,0.1632,0,0
903721,31.9,64030.76,19925.48,94.1,0.506,0.5,0,app,Norte,-2.2223,2,0
903094,35.6,50202.86,18731.69,73.0,0.1748,0.1506,0,indicação,Sudeste,-1.5014,3,0
901598,40.1,37944.32,13697.08,29.5,0.1007,0.0754,1,agência,Centro-Oeste,0.7242,2,0
902093,57.0,84658.34,16271.9,63.0,0.0757,0.0791,0,app,Sudeste,0.1585,4,0
902515,44.8,34415.66,12161.8,5.7,0.4141,0.3814,1,agência,Sudeste,1.1692,4,1
903178,31.6,140468.17,29293.46,34.2,0.099,0.0969,1,app,Nordeste,-0.5913,4,0
904900,35.7,36492.95,14593.72,11.9,0.4587,0.4472,0,agência,Sudeste,-0.3001,4,0
901466,34.2,67101.26,10555.56,137.1,0.1432,0.1691,0,evento_promocional,Nordeste,-1.1999,2,0
900319,32.3,19391.77,6377.23,8.8,0.7842,0.7901,2,agência,Nordeste,-2.0974,1,0
904280,41.6,31553.03,6297.71,31.6,0.4607,0.4307,0,app,Sul,1.5796,1,0
905433,46.7,52833.92,20701.3,18.5,0.0546,0.0584,1,app,Sudeste,-1.0284,1,0
905633,18.0,31853.66,12440.41,10.0,0.3425,0.3737,0,app,Sudeste,0.3824,4,0
904884,32.9,67989.34,21607.36,20.5,0.1422,0.1476,0,app,Sul,0.0626,0,0
905073,19.8,62574.09,12238.3,5.6,0.3221,0.2929,1,app,Sul,0.7713,1,0
902028,21.9,47580.8,7194.41,59.4,0.5859,0.5979,0,parceria_varejo,Centro-Oeste,0.6769,0,1
903983,27.1,48774.25,19791.96,27.0,0.0581,0.0408,0,app,Sul,-0.3292,0,0
904471,25.3,,31558.35,8.6,0.4313,0.4685,0,app,Nordeste,-0.6242,1,0
902792,29.1,76469.78,13110.45,25.9,0.129,0.1098,0,app,Nordeste,0.5677,4,0
904635,28.8,53986.3,22954.34,74.1,0.2021,0.1937,2,agência,Nordeste,0.0112,0,0
900801,55.3,49803.33,19434.07,33.8,0.404,0.3715,1,app,Sul,-0.2667,0,0
903470,45.1,30861.42,5383.0,2.4,0.293,0.2664,0,agência,Sudeste,0.7958,2,0
904306,37.5,30151.66,11362.59,51.2,0.4577,0.4335,1,agência,Sudeste,-0.3646,3,0
902512,29.5,126359.54,30275.43,46.3,0.2942,0.2925,0,agência,Sudeste,0.0893,0,0
904161,43.1,94917.53,28628.73,31.3,0.0935,0.0999,0,agência,Sudeste,-0.1542,3,0
900374,31.3,48414.07,14363.17,38.0,0.3821,0.4179,1,agência,Sul,0.2144,2,0
904938,38.5,34253.77,11198.75,22.2,0.0547,0.0281,0,app,Centro-Oeste,0.348,3,0
905927,39.4,38679.76,7859.9,101.7,0.3798,0.3965,0,indicação,Nordeste,-0.7843,1,0
903527,44.0,75594.89,14042.32,13.9,0.1522,0.1294,0,app,Sudeste,0.0726,3,0
901026,59.0,64885.63,25395.47,54.0,0.1815,0.1753,0,evento_promocional,Nordeste,-1.0929,1,0
904437,43.2,43139.62,12949.63,28.3,0.3028,0.3373,1,app,Centro-Oeste,-0.2147,3,0
901506,18.1,25077.97,11081.9,88.0,0.4052,0.4135,0,agência,Sul,-1.4172,2,0
903168,49.4,59256.8,8916.99,10.5,0.2437,0.3022,0,agência,Sul,0.362,2,0
905099,42.6,31777.5,14235.95,36.1,0.4292,0.4086,0,parceria_varejo,Sudeste,0.2653,0,0
900372,49.0,43745.43,66344.17677570146,36.2,0.3536,0.338,1,app,Sudeste,0.0416,3,0
905306,18.0,58788.35,14953.13,20.7,0.29,0.2823,1,agência,Sul,-0.8952,4,0
904208,54.3,36258.28,6995.14,76.9,0.5113,0.503,0,agência,Sudeste,0.1491,4,0
904892,42.7,51673.48,20781.36,13.9,0.1462,0.1023,0,app,Sudeste,0.1754,0,0
905766,44.5,44200.55,13931.44,7.0,0.1794,0.2055,2,app,Sul,-0.894,0,0
901325,54.5,129092.55,39873.71,54.4,0.1889,0.165,0,agência,Nordeste,-0.1309,2,0
903859,33.3,22511.84,9399.49,5.4,0.1942,0.2098,1,app,Nordeste,-0.3464,1,0
901579,27.2,52557.66,15332.31,82.3,0.1458,0.1531,0,agência,Sul,-0.4802,4,0
904192,48.6,38912.9,8448.48,17.3,0.0825,0.0962,0,agência,Sudeste,-0.2627,2,0
904869,44.3,36453.87,14925.98,26.7,0.2931,0.2911,0,app,Sudeste,-0.2714,3,0
903250,27.3,26401.29,6971.0,,0.2676,0.2763,0,app,Norte,0.0248,3,0
902637,55.4,48367.6,8912.43,97.1,0.0994,0.0892,0,app,Sul,-1.7273,2,0
904926,44.7,27371.96,7454.17,16.3,0.099,0.1173,1,app,Sul,0.5191,3,0
903737,41.6,87652.89,25381.12,11.0,0.331,0.3314,2,app,Sudeste,-0.0869,3,0
904295,52.6,37183.66,10457.31,29.0,0.4279,0.4279,0,app,Sudeste,2.1024,2,0
900129,49.8,20237.83,3790.0,130.3,0.0921,0.1236,1,agência,Sudeste,0.0536,4,0
902561,24.2,43245.97,15814.1,61.0,0.2275,0.2341,0,indicação,Sudeste,0.1299,2,0
902119,39.2,89589.43,35290.52,59.3,0.4319,0.4492,0,agência,Norte,-0.6635,4,0
901635,35.5,38295.83,16269.9,1.1,0.3306,0.3264,0,indicação,Nordeste,-0.4828,3,0
905673,40.8,17889.12,5603.76,102.0,0.2656,0.2467,0,agência,Sul,-0.4882,2,0
900370,28.5,48167.65,16250.33,32.4,0.4308,0.428,0,app,Centro-Oeste,-0.1626,4,0
902504,35.0,35665.55,13027.19,,0.1418,0.1235,0,agência,Sudeste,1.0368,4,0
902116,38.9,29596.36,6609.4,14.4,0.1995,0.1972,0,agência,Sudeste,1.9213,4,0
905094,49.2,43404.07,15662.12,29.9,0.1184,0.0953,0,app,Centro-Oeste,-0.6807,1,0
901820,51.2,21674.1,4691.19,127.1,0.3669,0.3832,1,app,Sudeste,0.6592,1,0
900881,53.1,38990.7,12991.89,16.8,0.206,0.1809,0,agência,Nordeste,-2.2773,0,0
904327,42.1,16559.47,4632.88,115.5,0.2788,0.2717,2,indicação,Sul,-1.3352,1,1
900377,36.3,81651.84,13014.79,68.7,0.3283,0.3491,0,app,Sudeste,-0.0508,3,0
902910,34.2,58571.55,17758.95,1.4,0.2021,0.1945,1,agência,Sudeste,-0.3822,3,0
902007,58.0,28291.25,7749.38,68.1,0.0813,0.1032,0,agência,Nordeste,-0.8459,2,0
900432,25.0,,8856.12,50.7,0.0281,0.0333,0,app,Sudeste,0.8802,2,0
905451,40.5,28028.91,8357.49,2.6,0.337,0.3661,0,app,Sudeste,-0.4195,3,1
905225,44.8,75191.25,18326.18,23.9,0.5901,0.6087,0,app,Sul,0.8532,4,0
903483,34.2,104474.26,22563.88,80.7,0.2662,0.2801,0,parceria_varejo,Sudeste,-1.071,4,0
901591,41.3,12616.65,1997.05,13.5,0.3671,0.3905,0,app,Sul,0.0377,2,0
904268,41.6,51938.25,19351.43,,0.3634,0.3591,0,app,Centro-Oeste,0.4657,2,0
903727,29.7,40078.27,9984.29,25.8,0.1662,0.1904,0,app,Sul,0.3924,2,0
903863,50.3,70912.55,22968.75,28.8,0.0572,0.03,0,app,Nordeste,-0.5883,0,1
901876,29.7,98246.3,320640.59657877154,6.7,0.1911,0.2295,1,indicação,Sudeste,1.3684,2,0
902654,48.8,50501.41,20615.1,4.1,0.5065,0.5046,0,indicação,Sul,0.9318,2,0
900814,45.8,80068.53,15399.86,19.7,0.3707,0.3593,0,app,Nordeste,0.3702,2,0
902256,53.6,29823.18,7610.51,127.7,0.337,0.3358,0,agência,Nordeste,2.075,3,0
904072,45.3,31152.43,8597.82,61.5,0.2092,0.2142,0,agência,Norte,0.9322,3,0
904112,18.0,103605.81,38632.15,175.4,0.1402,0.1625,0,agência,Sudeste,1.3887,4,0
902020,39.5,73027.11,13473.62,1.1,0.2148,0.2024,2,indicação,Norte,1.3829,0,0
905349,20.9,62972.05,26453.46,14.4,0.2452,0.2289,0,agência,Sul,0.2278,3,0
900367,48.9,29572.51,5985.89,7.3,0.0211,0.0232,0,app,Nordeste,1.594,3,0
903436,50.9,,21570.91,30.5,0.4681,0.4739,0,agência,Sul,-0.2254,2,0
904256,25.6,41883.58,14164.74,21.0,0.1589,0.1537,0,app,Sudeste,-0.061,4,0
905807,68.3,75790.51,22633.89,128.6,0.0919,0.0866,0,agência,Sul,1.4401,2,0
904875,18.0,28238.21,11732.88,13.1,0.1408,0.1312,0,agência,Sul,-1.1618,4,0
905378,23.1,49291.85,8904.47,47.3,0.1991,0.176,0,app,Norte,0.9477,4,0
905980,25.2,54818.14,10821.35,44.0,0.2086,0.1792,0,app,Sudeste,-0.157,0,0
905395,18.5,228106.91,67481.59,10.2,0.1382,0.1619,0,agência,Sul,-0.9136,1,0
900239,44.2,90524.03,38949.41,1.0,0.2366,0.2643,1,agência,Nordeste,-0.0853,4,0
905353,31.2,58827.51,15166.53,,0.276,0.3052,0,agência,Sul,0.1381,2,0
900542,58.1,182289.73,66396.51,1.0,0.3537,0.3875,0,app,Sudeste,0.0115,4,0
902725,32.6,69479.91,26889.79,26.8,0.2039,0.1862,0,agência,Sudeste,-0.2481,0,0
902454,53.4,36576.29,9470.36,35.5,0.5671,0.5827,0,app,Norte,0.2964,0,1
901459,47.2,39736.3,8295.91,27.0,0.4918,0.5224,0,agência,Sudeste,0.6313,4,0
903867,25.3,30981.94,9906.6,48.3,0.5378,0.5119,0,agência,Nordeste,0.5917,2,0
901903,48.8,30170.96,11886.42,28.9,0.231,0.2319,1,app,Sudeste,1.0161,3,0
904648,58.3,26920.04,10330.59,8.1,0.201,0.1984,1,parceria_varejo,Sudeste,1.4503,3,0
900362,23.3,40396.44,18148.99,19.6,0.2532,0.2824,0,agência,Sul,0.6833,1,0
904645,40.6,64596.26,15759.89,75.1,0.3108,0.3364,1,parceria_varejo,Sudeste,0.5283,4,0
902086,37.2,26472.76,6830.51,3.8,0.1481,0.128,0,app,Norte,0.7914,3,0
902988,25.7,18613.24,5462.55,13.6,0.518,0.5152,0,app,Sudeste,-1.8269,4,0
904177,35.9,48960.45,15313.63,20.9,0.0734,0.0667,1,app,Centro-Oeste,-2.4143,1,0
901730,42.0,73973.94,29374.73,23.4,0.3216,0.3327,0,app,Sul,-0.4842,2,0
904451,52.8,,6019.12,3.9,0.4842,0.5222,0,app,Sudeste,0.0543,4,0
903607,30.2,76496.56,21525.66,10.1,0.3461,0.3268,0,agência,Norte,0.1099,1,0
903984,50.8,51073.5,20340.93,2.9,0.368,0.3876,1,app,Nordeste,1.2271,0,0
903347,39.3,23415.55,10064.08,7.7,0.046,0.0891,1,agência,Sul,-0.2363,1,0
902083,55.8,64455.48,18016.66,101.9,0.4744,0.4773,0,agência,Sudeste,0.4891,1,0
902845,38.5,23844.26,10546.11,30.8,0.065,0.0888,1,app,Sudeste,-0.5962,3,0
904891,31.6,73390.52,22595.84,83.9,0.1712,0.1333,0,agência,Sul,-0.0529,0,0
904650,47.0,29701.66,33603.34505574264,17.6,0.1884,0.1724,2,app,Nordeste,0.3408,1,0
903004,31.4,109444.3,28731.92,5.7,0.4196,0.4241,0,indicação,Nordeste,0.9379,3,0
904789,56.9,128944.5,21069.53,2.0,0.1364,0.107,0,parceria_varejo,Sudeste,-0.7229,4,0
901181,54.7,40626.96,9629.29,12.4,0.2823,0.2734,2,indicação,Nordeste,-0.6678,4,1
903599,20.3,70854.91,28407.11,2.1,0.0934,0.0642,0,agência,Sul,0.3369,1,0
904745,48.4,73694.14,11244.19,6.8,0.3816,0.3937,1,agência,Sul,-0.8971,0,0
905409,39.7,29131.53,10329.25,38.7,0.2635,0.3149,0,app,Sudeste,1.7852,2,0
901333,44.8,118480.32,25907.31,47.7,0.1647,0.1486,0,app,Sul,-0.7401,4,0
904516,26.2,99978.04,27275.96,,0.2694,0.2782,1,indicação,Sul,0.2517,3,0
901229,40.3,24908.37,9529.98,34.5,0.0929,0.1188,0,app,Sudeste,-0.0049,1,0
902780,38.5,45428.63,14427.09,13.5,0.0972,0.1223,0,app,Sul,-1.9685,3,0
902746,30.8,50444.36,8897.61,27.3,0.3582,0.346,1,agência,Sudeste,-0.9002,0,0
901534,49.7,37694.77,6624.45,168.3,0.1306,0.1263,0,agência,Sudeste,-1.2659,0,0
903946,42.2,70918.31,18046.56,2.9,0.2539,0.2483,1,app,Sudeste,0.5277,3,0
903492,28.1,60054.97,21609.73,2.9,0.29,0.2602,1,app,Sudeste,0.3833,4,0
902305,25.9,26731.25,7247.91,,0.5174,0.5516,0,parceria_varejo,Sudeste,1.0116,1,0
900960,54.2,92193.09,21039.7,34.5,0.1768,0.1718,1,agência,Sudeste,-2.3192,2,0
903313,35.8,20068.0,3274.8,25.9,0.0751,0.0766,0,app,Sudeste,0.4168,0,0
901164,52.2,65956.65,25311.55,9.4,0.3572,0.3675,1,app,Sul,1.9994,2,1
904467,45.9,57047.32,16351.76,6.3,0.2866,0.2773,1,agência,Sudeste,1.0252,1,0
901306,30.6,37924.28,15208.95,6.4,0.3174,0.3042,1,indicação,Centro-Oeste,0.6893,2,0
902993,32.9,89514.75,30354.6,37.9,0.2304,0.2295,0,app,Sudeste,-0.7061,2,0
901575,30.8,29783.98,7059.49,13.5,0.3822,0.3757,2,agência,Sudeste,0.2162,1,0
903742,18.0,80216.81,14918.31,6.6,0.2934,0.3147,1,agência,Sudeste,-0.2408,0,0
903834,32.9,59643.44,21795.08,11.6,0.2587,0.2808,0,parceria_varejo,Centro-Oeste,0.3831,1,0
902548,55.4,43539.95,14030.63,2.1,0.0835,0.063,0,app,Sul,0.3402,1,0
905690,44.1,30504.85,6312.73,139.4,0.336,0.3214,0,app,Nordeste,-0.9308,2,0
901858,34.9,62854.1,17341.16,,0.0239,0.0168,0,parceria_varejo,Norte,-1.6152,3,0
904354,37.2,30788.87,13480.37,27.2,0.4716,0.4551,0,app,Centro-Oeste,-1.8747,1,0
903835,38.6,68103.98,18331.88,7.1,0.5499,0.56,0,parceria_varejo,Sudeste,0.578,1,0
900769,28.3,33226.46,7800.0,27.6,0.5181,0.5159,0,agência,Sul,0.3559,2,0
902061,26.8,84593.57,36204.15,16.6,0.0325,0.0392,0,agência,Sudeste,0.0939,1,0
903940,38.6,26755.8,4986.73,6.7,0.3542,0.3491,0,agência,Sudeste,0.4815,2,0
903344,43.9,31791.61,9151.22,,0.593,0.5913,0,agência,Sul,-0.4495,3,0
904210,36.6,59480.88,21869.5,1.0,0.1554,0.1853,0,agência,Nordeste,-1.6061,1,0
901594,34.3,54178.22,18888.51,2.6,0.2146,0.208,0,app,Sudeste,-2.0894,3,0
900957,30.8,60319.93,12497.83,49.0,0.207,0.1762,0,agência,Sudeste,-0.4851,4,0
902973,46.5,25099.93,3999.16,21.5,0.3562,0.3975,0,indicação,Sudeste,0.2514,2,0
902289,31.6,,7017.81,,0.3973,0.3665,0,agência,Sul,-0.5927,1,0
905160,42.2,30013.03,8138.88,1.3,0.1511,0.1393,0,agência,Sudeste,-0.3651,0,0
903818,38.8,86344.11,20221.68,3.1,0.0473,0.0364,1,agência,Sul,-1.1485,4,0
904775,35.0,88947.51,19700.97,2.7,0.4016,0.3935,0,agência,Sudeste,-0.7172,3,0
900056,30.5,55523.94,13618.87,13.0,0.5635,0.5916,0,app,Sudeste,-0.8521,2,0
903300,51.2,42246.66,14531.3,,0.2158,0.2021,0,app,Centro-Oeste,0.2859,4,0
901435,48.6,32855.83,6777.72,50.7,0.215,0.2114,0,indicação,Sudeste,0.1815,1,0
905357,41.5,,19576.08,14.8,0.3822,0.3643,0,app,Norte,1.0837,1,0
904531,38.8,65473.32,22027.09,32.9,0.1089,0.1155,0,agência,Sudeste,0.0141,0,0
901057,24.9,23167.95,10058.78,9.5,0.1744,0.202,1,indicação,Nordeste,-1.4999,2,0
904251,21.6,75956.69,13135.16,29.7,0.2375,0.273,0,app,Nordeste,0.9206,4,0
905052,30.5,27735.03,10846.5,42.6,0.3575,0.3692,0,agência,Sudeste,-1.0184,4,0
900060,33.3,52347.1,13185.61,14.7,0.4447,0.4653,1,app,Norte,-0.5404,0,0
900035,53.2,14189.48,6234.05,5.5,0.2635,0.287,1,agência,Sudeste,0.3573,2,0
905508,42.4,20281.1,8670.51,36.0,0.4394,0.4297,0,app,Sudeste,-0.9041,3,0
903494,51.8,68792.8,14546.18,79.7,0.1004,0.1134,0,agência,Sudeste,0.4089,1,0
904454,39.7,50905.09,12793.1,1.0,0.193,0.1804,0,app,Centro-Oeste,0.7921,0,0
905514,29.9,134172.5,60364.43,24.0,0.1216,0.1124,0,parceria_varejo,Sudeste,-1.5193,1,0
903782,20.1,23877.94,5493.05,94.6,0.4033,0.4014,0,indicação,Nordeste,0.745,0,0
904620,44.1,50246.62,17341.95,61.2,0.3762,0.3746,0,agência,Sudeste,-0.1907,4,0
901200,52.3,69292.84,17527.15,23.3,0.7299,0.7034,1,agência,Centro-Oeste,1.0568,0,0
902785,36.0,86660.72,23483.29,12.3,0.0293,0.0445,2,app,Centro-Oeste,0.7837,1,0
904361,39.2,65388.17,21361.69,23.7,0.1333,0.1328,0,indicação,Sudeste,0.639,3,0
903257,47.4,76319.21,26226.37,21.6,0.5153,0.5167,0,app,Sul,0.1131,1,0
901518,52.0,56868.47,8662.8,64.4,0.2165,0.2273,2,agência,Sudeste,-0.3015,1,0
904957,37.0,48708.22,16750.0,6.6,0.2305,0.2139,0,agência,Sudeste,0.8021,3,0
900734,53.2,45368.08,88389.74496255456,10.0,0.1481,0.166,0,app,Sul,-0.7771,0,0
905054,42.8,20101.73,8605.61,1.1,0.4443,0.4904,0,parceria_varejo,Sul,1.2151,3,0
902514,37.4,112336.91,32564.25,49.8,0.483,0.4293,0,app,Sudeste,-1.6019,4,0
904432,35.6,92663.5,40981.39,18.0,0.3392,0.3687,0,agência,Sul,0.4625,1,0
902596,47.6,83762.09,24826.34,26.3,0.4044,0.3991,1,app,Sudeste,0.3446,2,0
904080,42.7,,10312.27,16.2,0.5281,0.5538,0,app,Sul,0.359,0,0
904069,39.4,57699.95,9390.88,41.1,0.2766,0.3087,0,app,Sul,-0.2086,4,0
900887,44.1,67047.32,23684.87,13.0,0.0613,0.0479,0,app,Centro-Oeste,-0.6118,1,0
900494,50.4,56856.42,10033.72,24.1,0.118,0.1151,0,agência,Nordeste,-0.5489,2,0
900580,32.8,26276.49,11030.26,53.5,0.4902,0.4999,0,app,Norte,-2.6531,2,0
904199,18.0,24245.71,10060.52,7.4,0.5829,0.5529,0,indicação,Nordeste,1.8403,2,0
905223,38.9,34625.99,9163.63,27.3,0.032,0.0266,0,app,Sul,0.0801,3,0
901133,60.8,59467.23,10233.74,10.7,0.2769,0.2625,0,parceria_varejo,Sul,-0.4187,2,0
900212,38.6,48853.36,13941.36,24.0,0.154,0.193,1,agência,Nordeste,0.011,0,0
901064,37.3,53618.67,19454.83,22.7,0.0997,0.1332,0,parceria_varejo,Nordeste,-0.3448,2,0
903293,38.6,52196.18,20244.87,28.8,0.2068,0.2147,2,agência,Nordeste,-0.2662,1,1
904171,34.0,31657.8,9550.5,141.3,0.1847,0.2142,0,evento_promocional,Centro-Oeste,0.9369,0,0
905754,33.0,64488.08,12767.39,46.2,0.4512,0.4653,0,agência,Nordeste,2.7135,4,0
903796,27.6,29076.49,11840.43,73.7,0.3144,0.3321,0,agência,Sudeste,0.1998,0,0
905561,29.1,46797.18,8698.71,,0.1445,0.1526,0,app,Sudeste,0.1493,3,0
901004,26.4,24234.86,8454.29,109.8,0.1143,0.0727,0,app,Sudeste,0.1729,4,0
904343,53.5,35069.91,12619.35,98.1,0.2172,0.2042,1,indicação,Sul,-0.6207,4,0
905670,35.7,8061.83,2489.89,2.0,0.2347,0.1885,0,indicação,Sul,-0.564,3,0
902159,23.0,37796.98,5744.3,53.6,0.2789,0.2865,1,app,Sudeste,-1.1494,0,0
904049,37.6,,28107.88,135.0,0.4563,0.4684,1,agência,Sudeste,0.9417,4,0
903966,43.5,40174.56,12542.4,14.6,0.1917,0.2101,0,agência,Norte,1.0428,4,0
900186,47.7,27685.32,4323.45,110.5,0.1642,0.1009,0,app,Sudeste,0.5349,3,0
902015,32.8,64232.22,11179.16,5.5,0.0888,0.1216,0,app,Sudeste,0.0441,0,0
903384,51.7,77051.5,23349.51,19.5,0.2218,0.2519,0,app,Nordeste,-0.9983,4,0
902056,38.8,64223.33,19664.57,23.7,0.2353,0.2324,1,evento_promocional,Centro-Oeste,0.5801,2,0
901631,52.9,54160.53,12512.22,19.3,0.1885,0.1758,0,app,Sul,-0.1714,3,0
901307,44.4,102967.16,32865.73,31.1,0.2556,0.2413,2,agência,Sul,0.3857,3,0
901781,25.4,51345.05,16978.85,5.8,0.524,0.5254,0,app,Nordeste,-0.4879,2,0
902422,46.4,54466.24,16661.13,1.0,0.5702,0.5617,2,agência,Sudeste,-0.4045,1,0
901655,50.2,31165.53,8761.29,11.3,0.3342,0.3357,1,indicação,Centro-Oeste,-0.3732,0,0
903153,50.9,57502.23,18922.21,37.5,0.7596,0.7722,1,agência,Sul,-0.6106,0,0
904128,33.6,28885.04,5721.54,44.0,0.1058,0.1328,0,agência,Sudeste,0.5998,1,0
901124,45.9,72704.09,26861.65,6.3,0.6007,0.5971,0,parceria_varejo,Centro-Oeste,-1.4176,3,1
900445,35.3,50606.33,15085.36,17.7,0.0368,0.0245,1,indicação,Sudeste,0.2379,2,0
903716,37.2,41115.71,14970.9,6.1,0.1876,0.182,0,agência,Sul,-0.2041,1,0
905564,45.0,27972.88,10516.62,24.4,0.2276,0.2711,0,app,Sudeste,-0.8012,4,0
904560,44.6,54596.11,20864.62,52.2,0.2827,0.2987,0,app,Sudeste,-0.9944,4,0
902503,41.5,34407.69,10492.24,329.3,0.2305,0.2523,0,agência,Sudeste,-1.6826,3,0
905970,35.5,26174.26,11464.58,60.3,0.1589,0.1494,0,indicação,Sul,0.4011,4,1
903047,60.1,78538.13,29000.62,99.1,0.4842,0.4855,1,parceria_varejo,Sudeste,-1.2081,0,0
901681,41.3,47081.14,20671.36,,0.1219,0.1239,0,agência,Sudeste,0.929,4,0
902800,39.7,37916.99,14828.42,24.3,0.1463,0.0967,0,agência,Sudeste,-2.5273,4,0
903215,28.0,61398.93,17807.09,2.7,0.1421,0.1413,1,agência,Sudeste,-0.0152,0,0
902581,43.5,31608.78,5868.94,26.2,0.4087,0.416,0,parceria_varejo,Sudeste,0.4852,0,0
900243,57.6,81830.57,23866.85,,0.506,0.4914,0,agência,Sul,-1.5945,4,0
904497,24.9,44261.62,8717.16,,0.0227,0.0037,0,agência,Sudeste,-0.0711,1,0
903543,46.7,29713.23,12847.32,37.7,0.2675,0.2686,0,indicação,Sudeste,0.0079,1,0
905356,28.1,28690.25,10948.25,7.0,0.2596,0.2975,1,app,Centro-Oeste,-1.5313,2,0
902695,46.2,31803.77,12796.63,4.4,0.03,0.0454,1,evento_promocional,Sul,-1.6189,1,0
903549,39.1,141830.5,28031.55,64.9,0.1813,0.1564,1,agência,Sudeste,-1.0819,0,0
904546,24.7,32815.13,9845.22,19.1,0.1792,0.1478,0,app,Norte,0.2919,4,0
901659,62.6,29899.72,5712.17,31.9,0.3678,0.366,0,agência,Sudeste,0.0262,1,0
904710,58.4,29136.68,6108.41,4.5,0.2446,0.2733,0,parceria_varejo,Sul,0.4779,4,0
902333,24.7,39889.88,12115.06,,0.3816,0.3902,1,app,Sudeste,1.4247,1,0
904567,55.1,66428.88,29511.78,70.9,0.3074,0.2954,0,indicação,Sudeste,-1.4114,3,0
901297,66.8,26262.58,8007.72,5.9,0.2221,0.2176,0,app,Sudeste,1.1433,0,0
901674,23.6,47800.46,18978.91,77.0,0.1269,0.1218,1,app,Centro-Oeste,0.2781,4,0
902352,45.6,46608.46,10026.19,32.3,0.0841,0.0537,0,agência,Centro-Oeste,-0.0289,4,0
903995,18.0,88557.76,24083.11,73.5,0.221,0.1878,1,app,Sul,0.2927,4,0
900611,49.7,46956.2,12897.64,19.4,0.1062,0.0976,0,app,Sudeste,-0.4565,0,0
901407,36.8,111304.58,32519.22,20.3,0.2746,0.2741,0,agência,Sudeste,-1.757,3,0
902474,31.4,31355.47,6025.65,43.2,0.3553,0.3695,0,indicação,Nordeste,0.5926,2,0
903232,48.1,,21397.4,6.7,0.1296,0.1284,2,app,Centro-Oeste,-0.5456,1,0
900373,28.6,48188.51,9644.5,15.6,0.2084,0.224,0,parceria_varejo,Centro-Oeste,0.212,3,0
903062,38.4,51257.53,19545.2,39.0,0.5119,0.4754,0,evento_promocional,Nordeste,-0.5317,2,0
903752,45.2,16851.09,5360.97,115.9,0.2137,0.202,0,app,Sudeste,-0.1225,0,0
905295,49.9,56856.04,24488.35,53.0,0.1764,0.1742,0,indicação,Nordeste,-0.2646,4,1
905212,31.9,44929.28,17079.38,5.3,0.0389,0.0588,2,indicação,Sudeste,0.0671,2,0
904758,38.2,50989.2,8207.86,34.5,0.1399,0.1285,1,indicação,Sudeste,-0.1911,2,0
900236,30.4,47290.05,15368.09,11.1,0.3292,0.3179,0,app,Norte,-1.3637,1,0
901344,38.9,103103.69,39579.96,66.5,0.0899,0.0951,0,app,Nordeste,-0.4586,1,0
902321,34.3,52294.87,22244.14,50.0,0.2926,0.2861,0,agência,Sul,0.4325,3,0
901218,52.8,40068.85,9342.0,44.6,0.1935,0.1718,0,agência,Sudeste,-0.9629,0,0
901776,29.7,54370.37,10931.25,1.0,0.2343,0.2358,0,parceria_varejo,Centro-Oeste,-0.375,2,0
901498,63.6,104924.63,17455.4,36.1,0.2298,0.2415,0,app,Sudeste,-0.2939,1,0
905640,32.7,48389.94,16777.59,8.4,0.4969,0.5265,0,agência,Norte,0.0666,3,0
902097,23.5,14822.24,3423.39,137.6,0.3966,0.3779,1,agência,Sudeste,-0.9078,4,1
904636,43.3,31523.05,9427.74,34.7,0.2573,0.2626,2,app,Sudeste,-0.1464,1,0
904206,60.5,44987.71,10179.83,111.4,0.2546,0.2539,0,app,Centro-Oeste,-1.4364,1,0
900510,47.0,22612.34,4975.61,49.6,0.3092,0.2649,0,app,Norte,0.0985,1,0
901613,54.0,37073.47,13025.69,31.0,0.2804,0.2814,1,indicação,Sudeste,0.3268,0,0
901623,49.2,21025.39,7570.69,26.9,0.4439,0.4662,1,agência,Sudeste,1.382,2,0
902045,31.4,10535.98,3220.27,30.9,0.1822,0.1895,0,parceria_varejo,Sudeste,-0.0593,2,0
903163,39.9,33441.0,14113.54,24.2,0.284,0.304,0,app,Sul,-1.5552,0,0
903372,43.5,18785.16,3158.02,36.4,0.2109,0.2217,0,app,Sudeste,0.2481,1,0
900078,33.3,30126.26,8282.38,63.1,0.4077,0.4122,2,app,Nordeste,-0.3122,0,1
902317,29.7,33928.39,6934.84,57.4,0.3404,0.3651,0,app,Sudeste,0.6772,2,0
905157,34.3,93353.19,23627.34,54.3,0.1643,0.1398,0,app,Nordeste,1.0834,1,0
902874,61.6,29309.9,7827.91,27.4,0.1141,0.0943,0,parceria_varejo,Nordeste,-0.0534,4,0
904409,39.8,39157.84,8834.76,40.4,0.1293,0.1432,0,app,Sudeste,-1.7262,1,0
903399,40.0,29670.89,55630.75136032274,1.4,0.0564,0.0307,1,agência,Centro-Oeste,-0.9193,3,0
905706,35.9,48851.96,16814.21,51.1,0.6029,0.6003,1,agência,Sul,1.7237,1,0
900911,51.4,22182.37,37577.68619553186,,0.1957,0.1999,1,agência,Sul,-0.0378,4,0
903478,30.8,90479.58,35718.04,,0.0716,0.0443,0,parceria_varejo,Norte,-0.359,4,0
900697,44.9,49212.35,13987.54,57.9,0.4352,0.4454,0,app,Centro-Oeste,-0.6665,3,0
902386,31.8,,9191.95,24.7,0.4815,0.4656,0,app,Sul,0.3633,0,0
904562,48.8,79389.76,14143.79,6.4,0.0445,0.0221,0,indicação,Sudeste,-2.1352,0,0
900363,40.3,32587.11,6853.5,45.4,0.222,0.1919,0,agência,Sudeste,1.2524,4,0
901842,18.1,39190.87,17163.12,39.1,0.0423,0.0325,0,parceria_varejo,Centro-Oeste,0.8553,2,0
901153,47.3,71343.55,29882.47,12.9,0.3892,0.3991,1,agência,Nordeste,0.0719,4,0
901360,45.1,65555.72,28902.64,1.0,0.2449,0.2205,1,app,Nordeste,0.9784,4,0
905535,47.5,68762.65,11446.3,77.1,0.3152,0.3247,0,app,Sul,-0.8496,0,0
903806,35.5,97270.65,34578.9,3.0,0.3424,0.3182,0,app,Sul,-0.6647,1,0
903142,43.4,54504.05,24520.65,9.5,0.161,0.1796,1,app,Nordeste,0.7246,0,0
905453,56.4,50893.91,88749.62372249807,41.0,0.5167,0.5424,1,app,Sul,1.3859,3,0
905946,27.8,54256.05,20881.89,6.7,0.4853,0.4842,0,indicação,Centro-Oeste,-0.0199,4,0
902733,23.6,61018.78,13455.66,43.0,0.1387,0.1743,0,agência,Sul,-0.7437,4,0
905988,31.4,33115.67,13721.76,71.0,0.3427,0.352,1,app,Sudeste,0.2766,0,0
905656,31.4,47134.84,8428.12,3.0,0.5556,0.5933,1,agência,Sudeste,0.7533,1,0
900083,42.6,41629.09,13607.27,12.0,0.3788,0.4113,0,indicação,Sudeste,-1.1361,2,0
900079,39.3,34372.6,8574.44,,0.2571,0.2439,0,app,Centro-Oeste,-1.4319,0,0
900662,19.4,56234.19,9118.15,,0.1569,0.175,0,parceria_varejo,Nordeste,1.5265,2,0
900324,36.0,20506.4,5453.04,57.7,0.532,0.5495,1,agência,Nordeste,0.0456,0,1
901440,44.0,84999.46,19169.0,108.3,0.2156,0.2047,1,app,Sudeste,-0.9613,0,0
905399,49.0,46404.16,14286.23,1.0,0.3212,0.3229,0,app,Sul,0.3592,3,0
905881,59.2,54300.93,22961.79,,0.1794,0.1489,0,app,Sul,-0.7519,2,0
901130,64.3,,9551.09,2.3,0.202,0.2045,0,agência,Sudeste,0.2537,1,0
902253,52.3,38975.22,9891.98,50.0,0.1872,0.1986,1,app,Norte,0.7632,4,0
902376,34.9,74528.2,13506.67,31.0,0.1865,0.1668,1,parceria_varejo,Norte,0.5378,1,0
900808,41.3,32645.4,11686.85,19.2,0.1704,0.195,3,indicação,Nordeste,0.6349,3,0
901510,30.3,63827.6,15273.07,8.8,0.2635,0.2154,0,indicação,Sudeste,0.2819,4,0
903105,58.7,40257.6,6986.48,10.9,0.1136,0.1323,0,agência,Centro-Oeste,-0.2612,4,0
902593,39.1,45527.59,9524.22,41.8,0.1388,0.1694,0,app,Sudeste,0.3142,1,0
902576,49.3,36814.52,7710.93,34.0,0.1572,0.1462,0,agência,Sul,-1.3702,3,0
903329,41.5,57979.08,24356.21,1.0,0.4237,0.425,0,parceria_varejo,Sudeste,0.081,0,0
900656,51.5,76878.12,20000.91,112.2,0.2471,0.238,0,app,Nordeste,-0.1402,0,0
903070,35.0,34389.23,11936.55,17.2,0.4503,0.5011,0,agência,Sudeste,-1.0413,1,0
905851,42.8,16190.91,3751.94,5.4,0.1421,0.1613,1,agência,Nordeste,-1.3133,1,0
900858,33.1,21530.25,6602.7,27.7,0.3606,0.3588,0,agência,Sudeste,-0.1844,4,0
901383,18.0,40186.35,14465.87,4.0,0.269,0.278,0,app,Centro-Oeste,0.9275,4,0
905417,53.9,48533.25,18674.01,17.8,0.127,0.1345,1,app,Norte,-1.5208,3,0
905106,55.0,49522.64,20928.73,1.6,0.4088,0.4284,0,indicação,Nordeste,1.114,1,0
904940,20.2,58703.38,22330.59,64.4,0.0681,0.058,1,agência,Sudeste,0.5694,1,0
900833,40.0,17055.53,6758.81,12.4,0.0972,0.1164,1,agência,Sudeste,0.7565,2,0
902927,46.9,37889.28,9528.3,77.3,0.2087,0.23,0,app,Sudeste,1.0362,1,0
901614,61.0,,17658.38,7.5,0.6458,0.6615,0,agência,Sul,0.0139,0,0
903797,41.8,74129.21,11803.19,16.7,0.1021,0.0944,1,app,Sul,0.1612,1,0
905560,36.6,155307.13,57082.44,12.9,0.182,0.1444,0,app,Sudeste,-0.556,2,0
903356,32.6,27063.71,6299.11,35.4,0.1036,0.0867,1,app,Sudeste,1.0819,1,0
900213,52.2,123024.84,23740.02,11.8,0.0368,0.0331,0,app,Sudeste,0.2621,3,0
902520,57.1,,26307.16,4.5,0.4004,0.4315,0,agência,Sudeste,0.1765,2,0
900131,35.2,44759.76,18943.91,1.6,0.1054,0.1094,0,indicação,Sul,-1.8045,4,0
903087,44.8,101571.74,21190.79,35.6,0.2946,0.3348,1,indicação,Sul,1.3291,1,0
904535,78.0,,20091.5,32.0,0.1566,0.1623,1,evento_promocional,Sudeste,0.385,2,0
905983,58.3,62377.96,15566.22,27.1,0.1427,0.1477,0,app,Sudeste,-3.2659,0,0
902524,51.1,62645.26,24028.23,30.5,0.3456,0.3205,1,agência,Sudeste,-1.1195,0,0
903467,37.2,54355.94,12258.73,42.1,0.0468,0.0623,0,app,Sul,0.2171,2,0
903800,32.6,14201.25,4757.82,26.1,0.5428,0.5745,1,app,Norte,1.0477,1,1
904949,39.3,81695.51,26875.79,22.8,0.2823,0.2871,0,agência,Sudeste,0.9994,1,0
900448,37.4,36621.17,15465.67,35.6,0.5417,0.5543,0,app,Sudeste,-0.7571,0,0
903765,52.2,51699.92,14657.64,47.8,0.2886,0.2745,0,agência,Sul,0.4914,0,0
900699,25.4,,35909.86,4.5,0.2112,0.2131,1,agência,Sudeste,1.6348,0,0
900103,39.5,15635.87,4424.3,14.2,0.1044,0.1072,0,app,Nordeste,-0.1445,4,0
905521,49.7,83725.03,35107.26,54.4,0.4342,0.4428,0,app,Sul,-1.0326,3,0
900523,53.4,94261.0,36059.25,158.7,0.068,0.0461,0,indicação,Sudeste,0.6754,1,0
903017,26.3,71529.24,19694.04,110.4,0.0244,0.0,0,agência,Centro-Oeste,-0.3826,3,0
903851,28.6,64020.78,25963.07,,0.4213,0.4084,0,agência,Sudeste,-0.6829,1,0
901102,36.1,35077.93,14936.54,75.3,0.5504,0.547,1,agência,Nordeste,-0.3464,3,0
901821,48.6,46228.44,9722.18,19.1,0.4089,0.4226,1,app,Nordeste,-1.2756,1,0
901415,47.5,87583.74,32880.72,73.9,0.2355,0.2682,0,agência,Sudeste,-0.193,0,0
900165,41.6,49340.7,17702.28,,0.1394,0.1362,1,parceria_varejo,Centro-Oeste,1.8799,4,0
905553,60.5,105577.07,24339.95,,0.5543,0.5678,1,parceria_varejo,Sul,1.3493,3,0
903308,51.0,30891.79,7069.36,1.0,0.0531,0.058,1,agência,Sudeste,1.484,4,0
905095,54.1,58157.14,16666.85,1.2,0.3351,0.388,0,agência,Sudeste,1.7994,0,0
905003,46.7,75987.13,29312.62,8.5,0.0988,0.0778,1,indicação,Centro-Oeste,0.5641,0,0
903189,52.6,160207.29,42946.29,3.6,0.1648,0.2065,0,agência,Norte,1.2185,2,0
905176,35.9,84143.12,35651.31,113.1,0.2323,0.2656,0,agência,Sul,0.5397,1,0
902555,27.0,56992.38,20917.6,27.0,0.2414,0.2566,0,app,Norte,-0.4196,4,0
903383,44.0,39705.72,16557.26,19.1,0.0631,0.05,0,agência,Sudeste,-0.1557,2,0
903962,28.4,42274.24,14578.71,44.9,0.1884,0.2097,2,agência,Sul,-0.4994,3,0
902499,52.8,60824.96,14806.37,12.6,0.2066,0.2236,0,app,Sul,0.3063,3,0
900395,25.5,24612.95,11045.79,49.4,0.1445,0.1913,1,app,Sudeste,-0.5563,0,0
900625,39.6,20753.73,6966.72,15.3,0.4463,0.4795,0,app,Sul,0.3596,1,0
904791,34.8,116590.66,50788.52,15.8,0.116,0.1093,1,app,Sudeste,-0.1596,4,0
903997,31.5,101960.76,21361.08,70.6,0.3556,0.3568,0,agência,Sul,-0.1148,1,0
900947,52.3,21905.98,7161.5,9.9,0.2027,0.236,0,app,Sudeste,-0.4132,4,0
900761,70.9,49927.47,16084.18,13.8,0.4001,0.4022,0,app,Sudeste,-0.3628,2,0
903430,49.0,87456.6,37126.01,,0.2482,0.2686,0,app,Sudeste,-0.131,2,0
902739,44.9,79396.91,23538.87,4.4,0.4251,0.44,1,parceria_varejo,Sul,-1.9196,2,0
901443,18.0,67385.12,22692.96,1.0,0.1984,0.201,1,app,Sudeste,0.9331,4,0
904039,30.5,42219.85,8663.64,38.4,0.242,0.2458,1,agência,Norte,-1.095,2,0
900645,38.0,55977.73,20615.53,28.8,0.4588,0.4626,1,app,Sudeste,1.076,4,0
904866,33.6,70026.17,16375.02,36.8,0.0379,0.0685,1,indicação,Centro-Oeste,-1.221,3,0
904526,39.0,45355.77,17675.44,16.8,0.2148,0.2597,0,indicação,Sudeste,0.6964,0,0
901882,32.4,,19857.92,35.3,0.1125,0.11,1,parceria_varejo,Sudeste,0.0902,4,0
904867,35.3,29805.77,8936.56,8.9,0.2019,0.1928,0,indicação,Nordeste,-0.7738,2,0
903802,40.3,121298.75,38586.91,29.8,0.183,0.1676,0,agência,Sudeste,-0.2311,3,0
905703,28.4,21497.88,5525.7,15.1,0.3269,0.3224,0,agência,Nordeste,-1.1382,4,0
904147,42.2,49300.61,19855.41,43.2,0.3012,0.3037,0,indicação,Centro-Oeste,-0.3694,2,0
902598,36.1,28762.23,5979.52,115.3,0.1217,0.1351,0,app,Sul,0.7887,0,0
902541,31.2,89017.1,21949.17,46.5,0.4608,0.4645,0,app,Centro-Oeste,-1.6397,4,0
905726,33.7,73779.12,15438.41,1.8,0.1156,0.0904,1,app,Sudeste,0.2233,2,0
902822,33.7,46451.93,8908.36,78.5,0.3106,0.333,0,app,Nordeste,-0.5903,3,0
905303,44.8,35824.9,13581.49,5.9,0.0472,0.053,0,app,Sul,-0.6583,1,0
902286,33.9,31406.49,10663.32,32.5,0.2497,0.2539,0,indicação,Sudeste,-0.9169,3,0
904066,46.7,77633.23,31673.94,5.3,0.1334,0.1038,0,app,Nordeste,1.5265,1,0
902827,49.2,13122.76,2930.88,26.0,0.4804,0.4964,0,indicação,Sul,0.5064,4,0
904207,51.1,72357.22,49479.29158626819,5.4,0.2232,0.217,1,app,Sudeste,-0.1348,3,0
903268,41.4,25040.46,10436.23,53.4,0.1864,0.1712,0,app,Sudeste,-0.8088,4,0
900183,46.6,21274.63,9256.45,47.0,0.4061,0.3933,0,app,Nordeste,0.5853,0,0
903316,53.9,72285.59,24607.78,79.4,0.0779,0.0564,2,app,Sul,1.3368,2,0
904057,43.0,,17344.52,7.8,0.5409,0.5282,1,app,Sudeste,-0.6946,0,0
904709,49.1,43274.84,18510.22,76.3,0.1566,0.1512,0,parceria_varejo,Sul,-0.3427,3,0
901169,25.2,28844.94,10763.64,17.4,0.0487,0.0512,1,parceria_varejo,Sudeste,-0.8912,2,0
905460,22.5,89870.31,37446.16,41.5,0.3627,0.3785,1,app,Sudeste,-1.2998,4,0
905575,30.2,40977.6,17982.89,66.1,0.0857,0.0511,0,agência,Sudeste,-1.3995,3,0
901711,63.2,34953.23,11776.24,136.4,0.5254,0.5426,1,app,Sul,-3.0242,2,0
905297,30.2,92825.53,33166.65,47.7,0.3006,0.2643,0,app,Norte,-1.6816,4,0
901178,30.1,62627.13,23372.16,8.6,0.3975,0.4146,0,agência,Sudeste,-0.5075,0,0
902129,33.7,47887.53,16796.07,5.7,0.2448,0.2578,1,agência,Centro-Oeste,-1.6168,0,0
902532,42.3,100531.91,26081.56,1.6,0.1958,0.1881,0,agência,Sudeste,0.952,2,0
900397,49.0,103803.07,42428.45,43.2,0.2564,0.2931,1,indicação,Centro-Oeste,-0.3003,2,0
901291,32.3,47052.28,15952.73,11.2,0.2863,0.2896,0,agência,Nordeste,-0.3636,3,0
903661,27.7,19104.43,3822.6,136.4,0.4347,0.424,0,app,Norte,-0.9835,1,0
903971,33.2,95007.55,22161.22,7.3,0.276,0.2571,0,agência,Nordeste,1.9223,4,0
903458,36.4,20301.0,8350.29,,0.1594,0.1655,0,parceria_varejo,Sudeste,-1.0095,2,0
901630,31.9,32037.7,4836.21,1.0,0.2828,0.2914,0,agência,Sul,1.3573,0,0
903096,39.6,,10395.82,1.8,0.2009,0.2132,1,app,Sudeste,-1.2532,4,0
904087,35.5,47760.31,20530.84,,0.2041,0.2445,0,app,Sudeste,-1.2663,1,1
901289,56.6,36090.62,11207.57,23.8,0.2873,0.2612,0,agência,Sul,-1.5321,0,0
903747,49.2,71043.28,27126.83,44.6,0.4238,0.424,0,agência,Sudeste,1.0185,0,0
905123,42.7,111938.1,46172.3,17.9,0.4555,0.4536,0,app,Nordeste,0.5236,0,0
900901,57.3,31532.35,4988.73,27.5,0.319,0.3094,0,agência,Norte,-0.5075,1,0
903748,40.2,61692.35,26365.1,40.7,0.1067,0.1058,0,parceria_varejo,Sudeste,-1.2921,2,0
900571,37.9,97785.37,40338.71,10.8,0.3695,0.3673,0,app,Sul,-0.1685,2,0
905997,37.4,53226.85,14616.72,10.1,0.0967,0.095,0,app,Sudeste,-0.8938,4,0
904545,47.7,65215.96,27339.72,65.9,0.0835,0.0679,0,agência,Norte,0.052,2,0
905325,53.7,55296.65,17401.51,29.1,0.5344,0.5214,0,agência,Centro-Oeste,-0.4104,3,0
903366,52.5,55136.17,11652.85,28.5,0.2089,0.2052,0,agência,Sudeste,-0.7638,0,0
902309,41.9,47333.18,17997.39,81.4,0.2128,0.2299,0,app,Sudeste,0.3901,2,0
905184,49.9,42115.64,16397.55,30.1,0.0845,0.1244,0,agência,Nordeste,0.3634,0,0
905732,29.9,74103.65,18880.11,58.4,0.4358,0.4218,0,parceria_varejo,Sul,-0.5267,3,0
905711,50.7,22641.25,4394.05,1.8,0.0919,0.1257,0,agência,Sul,0.8083,4,0
901874,18.0,27064.19,8298.61,18.9,0.4281,0.4244,0,indicação,Sudeste,-1.012,2,0
904452,37.4,53576.91,23953.33,50.8,0.1042,0.1034,0,app,Sudeste,-0.0478,4,1
904704,20.6,33905.06,5420.69,100.3,0.1468,0.1424,0,indicação,Sul,-0.3554,1,0
902742,30.2,73025.99,21029.16,,0.2552,0.2367,0,indicação,Sul,-0.1256,0,0
904335,36.5,23417.22,10331.15,,0.2123,0.2078,0,agência,Centro-Oeste,0.9664,2,0
903271,40.2,50826.86,10479.84,120.3,0.2638,0.2587,0,agência,Sudeste,-0.1888,4,0
905912,49.1,41957.16,15284.21,33.1,0.322,0.2863,0,agência,Sudeste,0.7757,1,0
905510,45.2,29707.2,9361.08,29.3,0.2114,0.1878,0,indicação,Nordeste,-1.433,2,0
902167,44.4,30819.53,10728.7,34.1,0.3867,0.3749,1,agência,Centro-Oeste,-0.0695,0,0
903437,19.4,40568.52,12511.63,2.7,0.1007,0.0968,0,app,Sul,0.1443,0,0
905296,44.1,102589.17,37387.97,16.6,0.3197,0.3177,0,agência,Sul,0.9558,2,0
904470,32.6,42378.94,111166.82001923991,41.7,0.657,0.6745,1,agência,Norte,0.7932,4,0
903525,42.0,52276.82,18738.64,13.9,0.0896,0.065,0,app,Nordeste,-0.6501,2,0
905839,33.4,54652.41,14266.7,3.9,0.3832,0.3895,0,agência,Centro-Oeste,0.6957,1,0
903115,44.3,81091.03,29989.54,89.3,0.2238,0.2343,0,app,Nordeste,0.4897,4,0
903952,40.6,66928.52,15282.74,15.8,0.1638,0.1817,0,agência,Sul,1.7131,2,0
901937,47.0,90652.15,21808.61,28.5,0.2921,0.2965,1,agência,Sudeste,0.9103,3,0
901321,50.6,42621.1,6980.63,8.9,0.3492,0.3455,0,indicação,Centro-Oeste,-0.5702,2,0
901125,42.0,44725.11,11642.2,26.6,0.1566,0.1599,1,app,Sul,-1.7192,0,0
902511,31.7,120663.28,43490.72,7.8,0.4636,0.4819,2,agência,Sudeste,0.7857,1,1
901527,39.3,47961.11,16862.43,29.7,0.3485,0.3563,0,indicação,Sudeste,0.0493,4,0
904825,46.6,106448.05,41809.42,19.7,0.2357,0.172,1,indicação,Sul,-0.868,3,0
902458,42.2,95859.09,29916.09,,0.004,0.0163,0,agência,Nordeste,-0.1544,4,0
902495,36.2,47740.41,14805.67,169.5,0.4805,0.4951,0,app,Norte,-1.3363,0,0
903877,43.9,43232.21,9363.57,18.9,0.1075,0.1121,0,agência,Sudeste,0.8729,4,0
905688,30.6,31006.68,12508.58,45.7,0.0998,0.0768,1,agência,Sul,1.6279,3,0
901408,45.8,11609.73,4360.0,16.5,0.1741,0.1529,0,agência,Norte,-0.7948,0,0
903272,35.8,27391.27,4565.34,9.1,0.177,0.2021,0,app,Sudeste,-0.0708,4,0
903137,25.9,,21100.8,17.0,0.2246,0.2057,1,agência,Nordeste,0.304,2,0
905741,35.9,157111.87,38091.52,95.3,0.1815,0.1896,0,app,Sudeste,-0.0759,3,0
902264,54.9,60687.43,18237.16,,0.2976,0.2529,0,agência,Sudeste,2.2992,2,0
904478,39.2,39573.18,6154.92,114.3,0.4443,0.4596,0,app,Sudeste,-0.3011,1,0
903749,55.3,89111.75,34951.62,,0.1697,0.1758,0,agência,Sudeste,-2.2748,3,0
902589,31.0,,17024.93,1.0,0.0647,0.0598,0,agência,Nordeste,-0.0778,1,0
901502,56.0,44738.93,10439.79,2.1,0.2651,0.2519,0,app,Sul,-0.5215,0,0
902538,37.1,83279.46,31934.74,32.7,0.7002,0.7108,0,agência,Nordeste,1.1699,3,0
901320,48.8,95056.84,42380.1,17.2,0.257,0.2566,0,app,Nordeste,-0.526,1,0
904787,41.4,77118.04,33735.47,7.6,0.6761,0.6613,1,app,Sul,1.7652,1,0
901233,24.4,32360.59,6615.6,,0.4314,0.4406,0,app,Nordeste,-1.2034,0,0
902236,20.0,120251.33,22939.42,45.1,0.159,0.1739,2,agência,Sudeste,-1.4114,0,0
904777,35.2,46342.86,17763.96,65.4,0.5257,0.5392,0,app,Sudeste,-1.1079,4,0
901629,43.4,80716.73,18094.0,14.5,0.6518,0.6475,0,agência,Sul,0.7794,1,0
902789,32.8,53909.82,20994.95,15.4,0.0613,0.0766,1,app,Centro-Oeste,3.3799,3,0
900123,31.0,108214.1,29197.83,44.3,0.1075,0.1288,1,parceria_varejo,Sul,0.232,4,0
902634,24.6,18193.57,3745.35,86.4,0.2863,0.301,0,indicação,Sudeste,-1.8219,0,0
904756,22.0,41384.62,15714.19,13.8,0.0876,0.0768,0,indicação,Norte,1.0885,0,0
901796,31.9,31168.34,8497.34,9.9,0.1296,0.1036,0,app,Sudeste,-0.6902,1,0
903102,35.2,58818.74,11681.78,4.7,0.3355,0.3603,0,app,Nordeste,0.2301,3,0
902710,47.2,118804.63,34229.78,27.8,0.5035,0.5204,0,agência,Sudeste,-2.0067,4,0
904600,20.3,23937.12,7379.27,26.6,0.3341,0.3319,0,app,Sul,1.7947,4,0
904326,57.8,61565.45,9618.32,65.4,0.0712,0.096,0,indicação,Sul,-0.044,2,0
904997,45.4,43158.78,9039.63,42.8,0.1489,0.1261,1,agência,Nordeste,-0.1694,2,0
900765,57.0,52310.98,12126.47,37.2,0.3173,0.3066,0,app,Sul,-1.6721,0,0
901409,62.3,60572.74,26228.97,36.5,0.2487,0.2399,0,app,Sul,0.2387,1,0
905424,23.1,30881.3,8571.3,122.6,0.405,0.4324,0,app,Nordeste,0.3799,2,0
902428,50.6,52999.24,10345.67,1.0,0.0375,0.0479,0,app,Sul,0.2739,0,0
901745,30.3,79864.56,18946.7,127.4,0.0973,0.101,0,app,Sul,0.5375,4,0
903336,52.3,40890.47,14448.62,47.7,0.6244,0.6574,0,agência,Centro-Oeste,0.7661,3,0
904883,29.7,32997.26,8494.79,8.0,0.2659,0.2698,1,agência,Nordeste,-0.4578,3,0
905687,54.0,20871.03,3907.78,6.2,0.259,0.27,1,app,Sudeste,-0.6729,1,0
905650,38.2,22321.51,8117.14,48.6,0.2906,0.2737,0,app,Centro-Oeste,0.375,3,0
905188,26.0,30202.88,5386.04,58.4,0.2092,0.2091,0,agência,Nordeste,-1.395,4,0
904517,23.2,26385.42,49731.57662125009,14.7,0.2494,0.2434,0,app,Sul,1.648,3,0
905860,22.4,47531.66,20525.68,31.3,0.1143,0.1094,0,agência,Sudeste,0.7421,4,0
901873,32.8,27144.8,5688.83,27.9,0.5465,0.5688,0,agência,Sul,0.0266,4,0
902614,30.8,62425.31,10739.88,3.7,0.5521,0.5567,0,agência,Nordeste,-0.0611,1,0
902138,46.9,22500.39,5062.2,58.4,0.2632,0.2819,1,agência,Nordeste,0.3392,0,0
900798,54.9,22069.48,8503.38,20.5,0.1186,0.1219,0,app,Sudeste,-1.0546,4,0
905940,41.8,83594.93,18624.22,8.3,0.1537,0.1403,0,app,Nordeste,-0.7311,4,0
900626,52.0,34902.64,6518.97,74.9,0.2084,0.216,0,indicação,Sudeste,0.6434,1,0
904591,50.2,20279.8,3298.72,22.5,0.0867,0.0831,0,app,Sudeste,-0.5612,1,0
905447,33.6,67186.97,22945.79,4.8,0.6326,0.6518,0,parceria_varejo,Centro-Oeste,1.1071,1,0
901616,41.2,103344.51,35231.17,32.4,0.3978,0.4248,0,agência,Norte,0.3899,3,0
901782,41.6,114494.47,34865.1,18.3,0.3367,0.3135,1,agência,Nordeste,0.7096,0,1
902206,49.7,78036.77,31737.55,28.6,0.6452,0.6411,0,indicação,Centro-Oeste,1.6317,2,0
901890,57.6,26598.85,5211.89,16.0,0.1394,0.1103,0,agência,Sul,0.6504,1,0
900790,36.1,22956.26,7397.01,30.8,0.267,0.2474,0,agência,Norte,-0.1561,2,0
900007,45.6,116894.61,32846.79,,0.1535,0.1498,1,app,Sul,-0.2232,0,0
902414,31.7,32733.49,13393.72,1.0,0.011,0.0,1,agência,Nordeste,0.1167,1,0
905821,34.6,36624.54,14441.14,8.7,0.2409,0.2764,0,agência,Nordeste,-0.8633,3,0
902276,37.7,42382.65,8579.43,2.4,0.365,0.3822,0,app,Sudeste,2.1227,0,0
902960,40.2,19990.6,3543.57,6.1,0.5576,0.5459,0,app,Sul,-0.0011,4,0
905391,47.1,44887.25,20157.35,33.8,0.5679,0.5831,1,app,Sudeste,-1.0612,3,0
900417,36.4,52359.32,18482.39,191.0,0.1211,0.0626,0,agência,Nordeste,-1.5768,3,0
900742,54.3,76171.41,19918.52,13.8,0.2597,0.2556,2,indicação,Sul,-0.1341,0,0
902127,19.1,42801.58,9687.11,19.3,0.3363,0.3155,1,app,Sudeste,0.4448,0,0
904588,54.1,72147.58,17114.58,24.8,0.28,0.2539,0,agência,Sudeste,-0.4963,1,0
903593,47.3,45848.06,13981.13,40.4,0.2192,0.2291,1,app,Nordeste,-0.2309,1,0
901909,58.2,79323.72,12526.15,26.2,0.1386,0.1262,1,app,Sul,-0.8172,1,0
900824,53.2,35705.92,8211.03,44.2,0.3792,0.3887,1,agência,Sudeste,-0.2048,2,0
905465,41.5,50459.6,16517.68,98.4,0.4029,0.4212,1,app,Sudeste,-0.3707,3,0
900116,41.8,16913.68,5001.07,11.5,0.1384,0.1479,0,agência,Sudeste,-1.2039,4,0
901481,31.9,37907.1,16209.94,16.1,0.1827,0.1568,1,app,Nordeste,1.9711,2,0
901904,28.9,59736.49,15871.69,107.0,0.1026,0.0935,0,app,Sudeste,0.4711,4,0
903216,27.0,97030.41,37372.48,40.5,0.152,0.1634,0,app,Sudeste,0.5605,2,0
905853,45.3,52617.19,10733.2,39.9,0.0173,0.018,0,agência,Centro-Oeste,-2.2476,0,0
904669,24.1,33388.36,13587.15,32.9,0.3062,0.2933,0,agência,Sudeste,1.8783,1,0
905386,18.0,23218.57,8078.37,24.0,0.572,0.546,1,agência,Sudeste,-0.4794,1,1
903799,44.7,47094.23,13933.09,4.4,0.0862,0.0788,0,app,Sudeste,0.4896,2,0
901024,48.8,64938.4,21220.86,10.2,0.4524,0.4656,0,app,Sudeste,0.0225,4,0
900592,46.3,32117.68,13200.59,100.7,0.2894,0.3097,0,indicação,Sudeste,-0.7168,3,0
905331,36.6,98596.5,18344.56,3.9,0.4048,0.411,0,app,Sudeste,-1.1063,4,0
905536,25.6,33241.19,6882.33,61.8,0.2817,0.2995,0,app,Centro-Oeste,0.0059,1,0
902022,45.6,26852.2,7469.91,44.4,0.1965,0.2137,0,app,Sudeste,1.4349,4,0
903980,52.2,32698.86,11954.14,1.3,0.1258,0.1203,0,agência,Sudeste,-0.4571,2,0
901107,41.9,87903.49,33693.72,17.6,0.1082,0.1024,0,agência,Sudeste,0.4655,1,0
903825,50.9,,8579.66,21.5,0.2294,0.1883,0,app,Sudeste,0.0714,1,0
902508,51.1,42757.69,128861.55243058942,59.1,0.0448,0.0285,1,indicação,Sudeste,-0.1249,1,0
901797,32.1,38792.96,9243.48,37.4,0.527,0.5499,0,agência,Nordeste,1.26,3,0
901508,33.5,34612.59,5608.8,41.6,0.3502,0.3632,0,app,Nordeste,2.4966,3,0
900127,41.2,47797.59,19650.59,104.5,0.4154,0.4259,0,app,Sul,-0.22,4,0
904691,30.1,26451.38,10327.42,8.5,0.3316,0.3318,2,agência,Nordeste,-0.2,1,0
905745,31.1,55661.36,18599.29,30.0,0.2224,0.2068,0,agência,Sul,1.2432,1,0
902437,51.7,41421.44,10250.76,29.6,0.2707,0.2975,0,agência,Sul,0.719,2,0
900403,37.5,120764.4,41983.38,20.5,0.2831,0.2976,0,app,Sudeste,0.6984,1,0
900150,23.2,36680.85,5971.63,62.6,0.249,0.2417,0,agência,Centro-Oeste,0.522,4,0
905897,31.0,49939.96,12551.81,46.5,0.2567,0.2773,0,indicação,Sudeste,-0.5296,4,0
902444,38.9,30836.15,6606.17,66.7,0.3513,0.3465,0,app,Sul,1.7855,0,0
902442,35.9,92856.5,215699.00635521978,5.6,0.2623,0.2836,0,agência,Sudeste,-0.4493,4,0
900062,33.0,39716.08,15083.99,1.4,0.247,0.2645,0,app,Nordeste,0.662,3,0
902544,49.5,,5675.35,19.0,0.3673,0.3782,1,agência,Sul,-2.7723,4,0
904191,43.8,90773.52,24498.67,58.8,0.3634,0.3628,1,app,Centro-Oeste,-1.1751,3,1
903109,71.9,47194.32,16493.66,6.8,0.3433,0.3338,1,parceria_varejo,Norte,-1.2224,3,0
903557,19.6,43335.79,12488.66,44.1,0.0762,0.0648,0,app,Sul,-0.1014,2,0
905055,36.6,36269.7,7412.28,52.1,0.2191,0.2081,1,agência,Sudeste,-0.3804,4,0
905313,46.9,31278.54,5450.59,2.7,0.3287,0.3212,2,app,Centro-Oeste,0.165,2,0
901576,53.6,19466.75,3166.82,9.5,0.3293,0.3456,0,app,Sudeste,2.2481,2,0
903632,35.7,47041.09,7732.19,1.1,0.2922,0.2835,0,app,Centro-Oeste,-0.0021,4,0
904708,37.2,19997.84,3316.65,113.7,0.4741,0.4874,1,app,Sul,-0.051,0,0
903590,42.6,104226.46,44876.13,2.0,0.2053,0.1843,0,indicação,Sul,-0.2895,1,0
903285,22.3,14714.47,4076.93,88.4,0.3768,0.4442,0,agência,Nordeste,0.1973,0,0
902153,38.2,55415.3,18291.84,59.4,0.4065,0.4489,1,agência,Nordeste,0.1404,4,0
904332,56.1,40062.46,7487.03,30.9,0.3786,0.3789,1,app,Sul,-0.0339,3,0
903676,54.0,134557.55,58086.14,14.7,0.2535,0.2739,1,agência,Nordeste,0.6416,2,1
900222,46.1,61065.64,26540.59,1.6,0.3163,0.3059,0,indicação,Sudeste,1.1135,1,0
905822,32.5,61295.9,16317.52,60.1,0.2755,0.2948,0,indicação,Nordeste,-1.3278,1,0
900120,44.5,38334.66,15356.9,,0.0719,0.075,0,indicação,Sudeste,0.9609,1,0
902380,37.6,53151.25,22183.71,9.4,0.095,0.1391,0,agência,Sudeste,-0.7901,0,0
903134,39.8,15215.43,5384.55,28.6,0.1439,0.1358,0,agência,Sul,-0.632,3,0
904289,45.2,71307.39,22259.74,44.9,0.3006,0.3143,0,agência,Sul,-1.5696,3,0
902283,40.5,82203.86,18696.94,24.4,0.3616,0.3542,0,app,Sul,0.8665,2,0
900181,44.2,12783.39,4362.35,22.7,0.4788,0.425,0,agência,Centro-Oeste,0.3731,1,0
904485,26.1,24825.64,8787.97,11.8,0.1031,0.1079,1,app,Sudeste,-0.0629,1,0
900968,42.4,75226.34,13949.08,7.6,0.1797,0.209,2,app,Centro-Oeste,-1.4409,2,0
900627,34.8,83045.63,35826.9,3.4,0.3053,0.2934,2,app,Centro-Oeste,0.6708,3,0
904765,53.5,31559.01,5726.17,51.8,0.1375,0.1333,0,app,Norte,-0.2736,3,0
903330,49.3,93806.86,40483.93,12.8,0.1812,0.1604,0,agência,Sudeste,0.6431,4,0
905892,53.5,51277.01,14240.71,49.6,0.5099,0.5498,0,indicação,Sudeste,0.9066,0,0
903454,55.2,37588.52,15951.37,15.8,0.5119,0.4834,0,app,Nordeste,0.7557,0,0
901365,33.7,36278.02,10249.56,86.9,0.2656,0.2536,0,agência,Sudeste,0.4493,2,0
904427,40.5,24296.99,4621.53,38.8,0.4057,0.4526,0,app,Sudeste,-1.6415,0,0
904006,39.0,80527.12,19528.49,25.5,0.147,0.1672,0,agência,Sudeste,-1.3225,1,0
900614,56.0,17072.48,6271.41,21.4,0.0544,0.0681,0,parceria_varejo,Sudeste,-1.8069,2,0
903078,21.7,119941.2,25549.7,39.4,0.3081,0.3133,1,app,Nordeste,0.8537,0,0
900266,40.6,83090.05,27774.95,24.3,0.2066,0.1921,2,indicação,Sul,-1.7432,1,0
903841,48.1,48969.72,9165.35,22.6,0.2023,0.1961,0,indicação,Sudeste,-0.0528,1,0
903973,47.9,83583.39,24603.62,29.6,0.3714,0.3274,1,app,Sul,-0.8972,2,0
901932,37.5,66673.5,16613.3,3.1,0.4441,0.4421,1,app,Sudeste,0.7762,0,0
902199,51.9,46236.58,11810.51,,0.3124,0.3134,0,indicação,Nordeste,-0.4651,1,0
903190,65.8,,3108.91,1.1,0.4536,0.4239,0,agência,Norte,0.6205,0,0
901807,43.4,52671.69,12244.96,3.2,0.2255,0.1878,1,agência,Nordeste,-0.2276,4,0
900225,42.3,92984.48,20317.46,9.5,0.1376,0.1362,0,app,Sul,-1.1266,1,0
904201,35.8,24267.06,6971.87,41.8,0.1703,0.2057,1,parceria_varejo,Sudeste,-2.0907,4,0
905953,60.8,,6801.92,72.5,0.6058,0.6291,1,app,Sudeste,-1.0312,2,0
904726,54.1,74753.14,30824.91,7.2,0.2904,0.2745,1,indicação,Sul,2.6328,3,0
902068,45.9,55118.03,11161.52,43.9,0.0305,0.0043,0,indicação,Norte,0.4674,1,0
904966,50.1,39657.8,10622.03,32.1,0.5794,0.571,2,app,Nordeste,0.2748,3,0
902098,24.4,54260.05,9702.14,27.9,0.1734,0.1928,3,app,Sudeste,0.0214,2,1
901186,42.8,35050.48,12137.17,57.1,0.0524,0.0511,1,app,Sudeste,0.0826,0,0
902963,30.5,27668.5,8279.35,,0.1688,0.207,0,parceria_varejo,Norte,1.7467,2,0
904038,30.2,46342.88,17369.92,169.1,0.1226,0.1258,0,indicação,Sudeste,0.1251,1,0
902489,19.0,57507.59,14728.23,35.1,0.2237,0.2283,1,app,Norte,0.8633,1,0
904803,45.3,120308.78,49212.69,55.4,0.1963,0.2239,1,agência,Sudeste,2.0839,0,0
902186,29.3,114892.68,36099.16,1.2,0.0618,0.0768,2,agência,Nordeste,1.059,1,0
905518,31.1,80862.52,29897.55,1.6,0.1951,0.2146,0,app,Sul,1.4371,1,0
902870,21.5,92706.95,26321.94,6.1,0.2104,0.2282,0,parceria_varejo,Sul,0.0422,2,0
902349,45.2,47798.28,9253.65,,0.384,0.3956,0,indicação,Sudeste,-0.605,1,0
903730,41.2,55445.65,13268.43,2.1,0.1383,0.1442,0,indicação,Sul,-1.2948,0,0
900284,33.7,35682.59,7348.86,39.4,0.3155,0.2953,0,agência,Sudeste,0.6481,3,0
903306,32.5,77303.35,12873.27,42.1,0.2191,0.1827,0,app,Sul,1.3124,4,0
900920,29.7,46956.04,12590.99,79.7,0.3759,0.3794,1,agência,Nordeste,-0.3186,4,0
905404,35.7,13349.62,4464.52,22.8,0.0609,0.0389,0,app,Sul,-0.5128,1,0
904830,45.7,27058.72,4906.24,1.0,0.543,0.587,1,parceria_varejo,Sudeste,0.4058,1,0
902392,35.7,36528.51,8175.08,24.3,0.3502,0.3626,0,app,Sudeste,0.5125,4,0
902354,39.8,51971.39,42946.01762315615,5.1,0.1837,0.186,0,app,Sudeste,0.6337,4,0
905973,32.9,42746.76,11685.65,13.9,0.1165,0.1075,0,app,Sul,-0.4174,4,0
900922,58.0,43919.4,8233.56,12.9,0.3739,0.351,0,app,Sudeste,0.039,0,0
905737,44.8,51094.14,19139.21,2.9,0.2115,0.2076,0,agência,Sul,1.144,1,0
901402,53.0,64413.63,15441.11,72.3,0.2048,0.2312,0,parceria_varejo,Sudeste,0.182,4,0
905828,27.7,27980.34,12322.95,188.3,0.102,0.0805,0,app,Sul,0.5365,4,0
904263,36.1,114990.29,28792.26,4.6,0.6161,0.6203,0,app,Sul,-0.8728,0,0
902469,56.6,27593.03,28064.001145849856,53.8,0.2819,0.2988,0,app,Sudeste,-0.9012,2,0
902273,45.0,41080.6,9991.5,11.3,0.3668,0.3614,0,parceria_varejo,Sul,-0.2328,3,0
904108,41.5,35363.27,11446.44,238.6,0.1325,0.1501,0,indicação,Centro-Oeste,0.1194,4,0
901546,46.7,130665.64,47197.17,19.3,0.1065,0.1069,1,parceria_varejo,Sudeste,-0.8945,2,0
900617,38.1,40276.7,6710.46,73.2,0.1749,0.1896,1,agência,Sudeste,-0.5881,3,0
901092,32.9,33887.35,7438.06,33.7,0.1497,0.1252,1,parceria_varejo,Sudeste,0.6362,3,0
904186,27.8,28279.99,6432.16,35.1,0.5263,0.5647,1,indicação,Norte,2.287,4,0
900612,40.0,29307.45,10616.44,10.9,0.6153,0.6474,0,agência,Sudeste,-0.2171,0,0
900885,41.5,23411.97,3540.31,201.5,0.4078,0.4141,0,agência,Centro-Oeste,-0.7361,2,0
904953,46.7,51171.46,11512.48,25.4,0.1142,0.1394,0,parceria_varejo,Nordeste,0.5443,4,0
903444,33.4,,6005.65,61.6,0.1864,0.1908,0,agência,Sul,0.3643,3,0
900777,36.0,71588.15,28602.83,26.3,0.3353,0.2965,0,agência,Sul,-1.9556,4,0
901638,38.7,52319.0,17855.63,12.6,0.0459,0.0413,1,indicação,Norte,-0.1888,0,0
903252,42.7,36156.5,13032.39,11.9,0.0501,0.0347,0,app,Sul,0.3708,3,0
905643,42.2,44612.68,11682.4,72.5,0.1348,0.144,0,app,Sudeste,0.7018,1,0
905856,41.1,,19815.24,40.5,0.2075,0.1983,0,agência,Sul,1.0757,3,0
900028,35.3,64809.52,24630.84,72.5,0.1573,0.1586,0,agência,Nordeste,-0.2396,2,0
905162,19.6,26403.46,5112.53,122.0,0.3217,0.3293,0,app,Sudeste,-0.67,2,0
903280,56.2,34648.41,11280.55,78.5,0.1803,0.1731,0,agência,Sudeste,0.0704,0,0
903604,28.8,224843.15,40130.6,1.0,0.49,0.5111,0,app,Norte,-0.8006,4,0
903393,22.4,100776.94,25654.51,44.1,0.447,0.4645,0,app,Sul,0.8555,3,0
900074,45.9,55484.02,21689.34,19.8,0.186,0.2026,1,agência,Sudeste,-0.2996,3,0
904611,40.5,70994.09,29578.07,10.3,0.2277,0.2757,2,indicação,Norte,2.4612,2,0
904078,22.1,56202.42,24093.88,33.6,0.1409,0.1646,1,app,Nordeste,1.3084,4,0
903505,52.6,56041.08,12316.01,71.2,0.5002,0.506,0,parceria_varejo,Sudeste,0.8159,3,0
903143,18.0,86793.8,35863.84,37.8,0.6234,0.6033,0,indicação,Nordeste,0.5898,2,1
902609,59.2,23348.66,5163.19,13.7,0.1798,0.1959,0,indicação,Sudeste,0.0102,3,0
902227,40.1,35715.5,7113.28,31.7,0.5037,0.5164,0,agência,Centro-Oeste,0.9134,1,0
902002,36.0,99440.48,32869.19,36.8,0.1186,0.1423,2,indicação,Sudeste,-0.4633,4,0
901584,38.2,22615.1,8565.55,44.4,0.4729,0.4842,0,indicação,Nordeste,0.3649,3,0
901517,39.8,70523.49,24668.47,,0.2303,0.2504,0,agência,Sudeste,0.169,4,0
904212,35.5,36087.12,6434.95,24.0,0.5534,0.5742,0,app,Sudeste,-0.8659,0,0
903148,53.4,31668.01,10979.29,74.4,0.3436,0.2862,0,app,Sudeste,-0.2145,0,0
901072,47.8,58661.01,20447.63,5.2,0.1548,0.1462,0,indicação,Sul,-1.0007,0,0
902691,43.0,17829.04,6639.8,10.6,0.2216,0.1956,0,parceria_varejo,Sul,0.8083,0,0
901799,29.8,25853.64,10734.88,53.2,0.2413,0.2243,0,app,Sul,0.6925,4,0
902820,39.0,113309.5,18954.0,11.5,0.4233,0.4261,0,parceria_varejo,Sul,1.6402,3,0
904242,35.6,28407.81,7157.62,5.4,0.2584,0.258,0,app,Nordeste,0.9936,4,0
902633,31.5,72760.89,15413.59,3.9,0.2515,0.2619,1,agência,Sudeste,0.133,0,0
903958,46.6,40353.31,7121.74,32.3,0.4953,0.5171,0,parceria_varejo,Sul,-0.9334,4,0
903404,38.5,36731.42,14298.93,5.4,0.0854,0.081,0,indicação,Nordeste,-0.9212,0,0
904718,32.6,21651.95,8515.07,,0.2256,0.2527,0,agência,Sudeste,2.2939,3,1
905708,39.6,40104.04,6423.32,117.7,0.1941,0.1789,0,app,Centro-Oeste,0.2855,1,0
903246,60.0,34754.62,6515.98,,0.4917,0.4774,0,app,Sudeste,-0.1398,1,0
904505,37.6,30942.25,6254.39,,0.3411,0.3534,0,app,Sudeste,0.8002,2,0
902684,42.3,37935.48,9784.8,7.3,0.2172,0.2517,0,indicação,Nordeste,1.5173,2,0
900115,42.2,22986.77,6153.06,12.2,0.2194,0.2345,0,agência,Sul,0.0672,2,0
904384,36.4,18634.86,13263.794617385453,5.2,0.0548,0.044,1,agência,Sul,-0.2099,4,0
905834,26.3,38253.93,6326.6,,0.0816,0.0925,0,parceria_varejo,Sudeste,0.6769,4,0
905480,51.5,102869.72,37783.36,1.0,0.364,0.3701,1,agência,Sudeste,-0.7733,3,0
903702,44.2,70461.4,17557.68,1.0,0.0692,0.0617,0,agência,Sudeste,-1.878,2,0
903596,44.7,72670.14,32192.03,1.5,0.3657,0.3465,0,parceria_varejo,Sudeste,-2.4062,0,0
905277,35.3,30324.48,10760.09,1.0,0.4964,0.495,0,agência,Sul,-1.3322,1,0
900337,24.1,55298.4,20225.25,6.4,0.201,0.1741,1,agência,Nordeste,-0.1656,3,1
902687,24.9,23302.01,5145.33,64.6,0.4543,0.4657,0,app,Norte,0.0051,0,0
904142,60.2,,13696.83,88.2,0.1255,0.1368,0,agência,Nordeste,-1.5096,4,0
904843,53.6,82692.69,20683.85,221.0,0.0832,0.0936,0,app,Sul,1.4089,1,0
901973,61.0,,15509.96,12.1,0.1945,0.1728,0,app,Sudeste,0.3561,0,0
900753,39.0,38900.04,14525.14,130.7,0.421,0.4303,0,app,Sudeste,0.164,1,0
904558,43.1,48791.71,12806.28,46.7,0.3876,0.3915,1,agência,Sudeste,0.6819,3,1
901938,54.4,52710.61,13501.7,52.1,0.1495,0.1239,2,evento_promocional,Centro-Oeste,1.8046,1,0
900673,20.2,33447.01,11416.54,12.4,0.5752,0.5692,0,app,Nordeste,0.8468,2,0
902712,33.3,80813.71,27211.42,,0.2298,0.2711,0,parceria_varejo,Sudeste,-0.234,1,0
903511,39.5,,10199.55,,0.428,0.4136,1,app,Nordeste,0.2295,0,0
901201,49.0,28923.15,6699.28,1.0,0.1195,0.1349,0,app,Nordeste,0.0111,0,0
904260,50.6,70919.81,12596.2,,0.4549,0.4287,1,app,Sudeste,0.0636,1,0
900424,50.9,22532.11,9996.99,4.8,0.3818,0.3818,0,indicação,Nordeste,-1.0551,0,0
904421,53.2,55883.06,16058.34,156.8,0.4632,0.4496,0,agência,Sudeste,0.7505,0,0
903715,45.4,46889.81,15712.23,129.4,0.3817,0.3926,0,parceria_varejo,Sul,1.1012,3,0
900664,42.0,25961.68,9463.42,28.1,0.1261,0.143,1,indicação,Nordeste,-1.0434,0,0
900350,32.3,24723.11,4538.96,7.9,0.1867,0.1784,0,agência,Sudeste,2.1446,0,0
900447,39.6,29920.68,6893.43,51.4,0.0702,0.0961,0,indicação,Nordeste,-0.4729,0,0
900709,35.9,85094.64,24472.69,,0.3738,0.3651,0,app,Centro-Oeste,0.2033,0,0
901924,54.8,124336.05,31215.58,,0.2318,0.2289,0,app,Centro-Oeste,-0.0024,2,0
901221,65.1,,6500.33,4.4,0.1573,0.1763,0,agência,Sul,-0.279,2,0
903922,42.5,71887.65,22992.61,17.6,0.2893,0.3405,0,indicação,Sudeste,1.2873,2,0
902766,45.8,20891.01,8868.06,19.2,0.4024,0.4004,1,app,Nordeste,0.1705,3,0
905245,39.3,32391.19,8589.73,11.3,0.4373,0.4277,0,agência,Sul,-2.3717,3,0
900387,51.7,27370.78,9757.77,,0.0879,0.1207,1,agência,Sudeste,1.0391,1,0
903547,34.3,,35193.33,10.2,0.0408,0.0385,0,app,Nordeste,0.3394,2,0
901337,38.0,36188.58,15729.31,24.8,0.0708,0.0274,0,app,Sudeste,-1.0873,1,0
904850,46.7,38405.24,10537.86,16.8,0.2088,0.1977,0,agência,Centro-Oeste,-1.875,2,0
904547,52.6,39657.77,9202.63,13.6,0.2132,0.2093,1,app,Sudeste,1.1593,2,0
905290,28.3,59226.92,11007.33,15.2,0.3059,0.2801,1,agência,Nordeste,1.9875,0,0
904795,42.8,38745.45,12732.78,5.1,0.3386,0.3328,0,app,Sudeste,-0.3044,4,0
903205,36.9,46513.99,12656.13,7.3,0.4044,0.4165,0,evento_promocional,Sudeste,0.7924,1,0
901608,52.9,58440.32,20362.41,2.5,0.3114,0.3471,0,app,Sul,1.0511,2,0
900830,52.7,13241.15,2799.3,29.6,0.3538,0.3575,2,app,Sudeste,-1.3924,2,0
905046,26.6,66154.14,21117.59,53.8,0.5084,0.5458,0,app,Sudeste,-1.0062,2,0
905790,41.0,50900.53,9297.57,12.5,0.4984,0.5048,0,indicação,Centro-Oeste,2.1601,0,0
903418,27.5,23125.14,9776.24,17.9,0.0694,0.0339,1,agência,Centro-Oeste,1.3244,4,0
901734,36.7,72876.44,24677.91,10.6,0.2367,0.2407,0,app,Sudeste,0.5226,3,0
905982,38.5,43131.28,12325.2,,0.3623,0.3706,1,app,Nordeste,-1.4985,1,0
905936,53.2,43956.99,15103.12,18.2,0.1158,0.1263,1,indicação,Sudeste,-0.6311,3,0
901006,51.5,51949.56,10514.94,88.1,0.0644,0.0511,1,agência,Sudeste,-0.3521,3,0
905273,29.2,79252.85,24147.67,14.9,0.2145,0.2155,0,app,Sudeste,-1.8902,2,0
900400,52.7,22377.56,7130.28,20.8,0.4209,0.4309,0,app,Centro-Oeste,-0.1421,1,0
901253,31.3,63746.97,20212.58,40.3,0.2702,0.2317,0,agência,Sudeste,0.7454,4,0
900021,23.7,20668.52,6823.6,,0.0624,0.0658,0,agência,Nordeste,-0.4042,1,0
901305,32.1,41955.79,7862.07,1.1,0.529,0.5207,2,parceria_varejo,Sudeste,0.5067,0,1
900237,21.0,71111.87,16208.09,3.6,0.2495,0.2583,1,agência,Sudeste,1.4244,0,0
903107,39.6,34700.83,11103.1,115.1,0.2182,0.2387,1,app,Sul,0.1583,4,0
903665,29.6,23291.41,6079.29,17.5,0.2532,0.2571,0,app,Nordeste,0.6868,1,0
900671,41.2,62957.39,11860.37,2.2,0.1883,0.217,1,app,Centro-Oeste,-0.8882,3,0
900845,21.0,43813.55,7024.26,70.0,0.2128,0.1832,1,indicação,Nordeste,0.0963,0,0
904790,56.7,89718.35,22287.69,25.2,0.5907,0.6066,0,app,Sul,-1.5288,2,0
905463,61.0,27788.1,6738.55,52.4,0.6877,0.6945,0,indicação,Sudeste,0.0141,1,1
901353,39.9,43131.31,16485.34,52.9,0.1791,0.1929,0,agência,Sudeste,1.7607,4,0
905229,35.5,25335.43,7204.81,46.0,0.3986,0.3981,0,agência,Nordeste,-0.456,1,0
905799,51.0,111345.14,49563.85,53.5,0.5252,0.486,1,agência,Norte,0.9161,4,0
903451,33.9,31036.1,4976.84,2.8,0.2089,0.2171,0,agência,Sul,-1.7358,3,0
900869,45.5,32460.8,11739.89,8.5,0.2085,0.2062,0,agência,Sudeste,0.0856,1,0
903686,54.2,12418.4,5223.03,49.6,0.2055,0.1957,0,parceria_varejo,Sudeste,0.663,4,0
900604,31.5,34369.89,13941.27,66.9,0.2471,0.2611,1,parceria_varejo,Sudeste,0.2905,0,0
904930,28.4,39686.68,8513.97,,0.379,0.3927,0,app,Norte,-0.5824,2,0
904998,29.8,80854.84,13939.75,1.3,0.1233,0.1476,0,indicação,Sudeste,0.5342,2,0
904723,45.2,61449.1,15350.94,72.8,0.2163,0.2296,0,parceria_varejo,Sul,-0.7783,4,0
903868,39.7,28918.07,7597.3,13.9,0.2986,0.3083,3,app,Sul,0.4835,0,1
900902,54.1,76781.78,109427.94947569026,2.2,0.399,0.3832,0,agência,Sudeste,-1.268,4,0
902904,35.6,29875.88,13180.66,43.7,0.1365,0.1391,0,indicação,Sudeste,-1.4438,1,0
901747,44.3,27372.26,11490.44,11.4,0.7051,0.7234,0,indicação,Centro-Oeste,-1.32,4,1
903310,48.1,25923.71,7963.76,45.5,0.0688,0.0596,1,agência,Sul,-0.5787,4,0
902051,47.2,,5037.3,36.9,0.167,0.1619,0,app,Sul,-0.2199,2,0
904047,46.6,143590.28,61820.92,15.4,0.3098,0.3105,0,app,Sudeste,0.1404,2,0
903928,47.2,31705.18,13133.34,13.6,0.2648,0.2296,0,indicação,Sul,0.2885,0,0
902757,39.8,31380.48,5484.95,1.0,0.0494,0.0405,0,app,Sudeste,-0.7547,2,0
905974,48.7,21175.26,6885.42,4.3,0.4722,0.5084,0,app,Sudeste,0.335,0,0
904417,50.4,26421.08,7492.41,95.6,0.6059,0.6415,1,app,Sudeste,-0.2351,2,0
900696,37.5,73834.43,16139.47,25.1,0.1946,0.162,1,app,Sudeste,0.133,1,0
901179,29.6,39969.76,14026.65,88.7,0.5817,0.5656,0,indicação,Sul,-0.4084,4,0
904720,34.6,52759.66,11619.89,144.4,0.1897,0.191,1,app,Sudeste,-0.5391,0,0
905909,18.3,45911.86,12555.3,5.0,0.2039,0.208,0,app,Sudeste,-0.2963,3,0
902173,43.5,292226.29,108507.27,1.0,0.0127,0.0068,0,agência,Sudeste,1.8838,3,0
905107,24.9,65362.84,15697.47,13.6,0.1658,0.1752,0,app,Sul,0.126,3,0
901090,34.6,72179.96,22549.77,27.7,0.5052,0.4903,1,agência,Sul,0.1378,1,0
900848,51.8,26050.09,5543.57,28.8,0.2745,0.263,1,agência,Nordeste,-0.0945,1,0
901769,32.5,77807.91,14490.26,70.4,0.2356,0.2308,0,parceria_varejo,Sudeste,-0.5825,2,0
903808,46.1,37512.19,15619.51,62.5,0.2879,0.267,0,parceria_varejo,Norte,-1.0544,4,0
904876,52.7,120194.59,48233.78,49.7,0.1973,0.2405,1,agência,Sudeste,-0.2594,4,0
903745,49.2,48728.19,7364.02,,0.1505,0.1695,1,agência,Nordeste,-1.2309,3,0
900605,35.4,18321.0,3794.09,8.7,0.2481,0.2297,1,app,Norte,1.7672,2,0
900174,40.2,67421.55,13264.12,22.8,0.2082,0.2062,0,indicação,Sul,0.096,2,0
905298,34.1,22286.41,7452.0,5.0,0.2795,0.262,0,agência,Sul,2.9275,2,0
902269,25.9,39919.94,11604.66,29.9,0.2304,0.1741,0,indicação,Sudeste,1.4007,4,0
902463,29.8,51860.99,13552.55,45.4,0.1938,0.2051,0,agência,Sudeste,0.541,0,0
900100,30.7,159111.09,51682.44,21.5,0.0564,0.05,1,indicação,Sudeste,-1.7665,4,0
901243,33.8,127939.37,25944.56,39.6,0.5688,0.5763,0,app,Sudeste,1.6778,1,0
900741,35.1,54221.98,11019.4,30.2,0.1575,0.1592,0,app,Centro-Oeste,-0.3528,1,0
900334,18.0,36640.04,16291.64,73.5,0.5871,0.5792,0,app,Nordeste,0.0682,3,0
902908,41.3,32454.44,12520.06,19.7,0.6391,0.6477,0,app,Sul,-1.6854,2,0
902881,49.2,83491.73,20284.73,84.8,0.1638,0.162,1,app,Sudeste,0.5496,4,0
903292,52.9,17600.64,5105.9,9.8,0.2937,0.2903,0,parceria_varejo,Sudeste,-0.4953,2,0
903463,43.1,74744.19,30529.18,1.0,0.0593,0.0373,0,indicação,Nordeste,-2.1137,4,0
904690,64.9,,24043.63,16.2,0.4842,0.4669,1,app,Centro-Oeste,0.8109,1,0
902987,24.6,45105.67,12925.6,1.2,0.1679,0.1341,0,indicação,Sul,-1.8896,1,0
905429,34.2,60527.02,14467.14,1.5,0.3575,0.371,1,app,Nordeste,-0.3659,4,0
904702,23.3,24027.91,7977.92,37.9,0.4412,0.4463,0,agência,Nordeste,-0.8917,0,0
904423,53.7,81954.33,34444.87,22.0,0.2051,0.1509,2,indicação,Norte,-0.4858,3,0
904043,51.0,53600.44,90584.99889241689,12.6,0.2267,0.2057,2,app,Sul,-0.1658,3,0
905771,41.9,77160.61,25956.87,19.2,0.3458,0.3443,0,agência,Norte,1.2702,2,0
904736,53.3,111257.87,42909.96,95.3,0.1345,0.1578,0,agência,Sudeste,1.3261,2,0
901468,53.9,,3018.42,39.3,0.3767,0.3602,1,indicação,Sudeste,-0.5293,2,1
901838,22.9,52350.1,16924.44,13.6,0.5334,0.497,0,app,Centro-Oeste,-0.4399,3,0
903123,38.2,39146.97,10212.37,1.6,0.2523,0.2695,1,app,Nordeste,-0.8406,1,1
903674,27.2,73266.38,31865.73,24.0,0.3506,0.3744,0,agência,Sudeste,1.1977,3,0
900460,31.1,17016.08,7092.14,3.3,0.4096,0.4242,0,parceria_varejo,Nordeste,-0.6383,4,0
905142,43.8,131554.22,31662.88,31.6,0.0822,0.0665,0,app,Centro-Oeste,-1.3428,1,0
901562,29.7,49710.27,15661.28,7.3,0.2557,0.2429,2,app,Sudeste,1.0961,4,0
901975,46.5,43986.83,8721.13,15.5,0.6067,0.6268,1,app,Sudeste,0.4335,1,0
903290,44.7,64603.74,19708.63,97.7,0.1969,0.1844,0,agência,Sudeste,0.1166,4,0
904515,29.6,41096.16,16947.5,,0.8346,0.798,2,agência,Nordeste,-0.6521,1,1
900738,33.8,54755.82,23007.84,23.2,0.1696,0.1747,0,agência,Sul,-0.3265,2,0
905485,47.4,45239.07,10553.89,110.6,0.1662,0.1766,0,app,Sul,-1.4276,2,0
901438,38.5,41503.87,14652.68,62.3,0.1644,0.1629,0,agência,Sudeste,-0.197,1,0
900497,27.6,56437.65,11569.03,54.7,0.207,0.2198,0,agência,Sudeste,0.3868,3,0
902750,22.9,211031.23,38246.32,,0.2018,0.181,1,agência,Sul,0.3537,0,0
903945,39.4,47076.95,19164.22,14.7,0.1709,0.1642,0,indicação,Sudeste,0.575,0,0
900375,59.0,47638.11,19210.13,3.4,0.4543,0.4481,0,app,Sudeste,0.6979,3,0
905071,36.6,37991.17,9737.8,34.4,0.5411,0.5333,0,indicação,Sul,-0.7609,0,0
901209,33.4,237840.26,56488.1,5.3,0.384,0.3803,0,app,Norte,1.5288,2,0
905037,44.1,65908.0,14282.93,17.8,0.1712,0.1911,1,parceria_varejo,Sudeste,-1.1972,4,0
900404,29.8,19185.94,3164.03,9.5,0.4326,0.4313,0,agência,Sudeste,-0.1211,3,0
903778,18.8,84870.34,16305.2,17.0,0.4981,0.5182,0,app,Sudeste,-0.3179,1,0
902467,30.9,29845.01,11094.67,50.5,0.1575,0.0957,0,app,Sul,1.1459,3,0
900093,44.8,52544.48,13057.19,2.3,0.0123,0.0,0,app,Sul,0.2068,4,0
903513,51.1,57077.77,11501.02,7.7,0.2659,0.2596,0,agência,Nordeste,0.0687,0,0
903204,56.2,58273.18,12500.86,37.7,0.3361,0.3105,1,app,Sul,-0.7522,1,0
902221,39.8,38713.61,6438.84,46.0,0.1746,0.1803,0,indicação,Nordeste,0.0471,0,0
901849,55.0,37824.76,16662.23,6.4,0.5351,0.5412,0,app,Nordeste,-0.3836,4,0
900827,18.0,25219.47,10991.96,21.9,0.453,0.4616,0,app,Sudeste,-1.266,3,0
904524,33.5,67481.79,26661.39,9.8,0.3669,0.3487,1,app,Nordeste,-0.3158,4,0
903187,47.8,56194.71,9485.03,247.4,0.6031,0.6367,1,agência,Sudeste,1.4172,0,0
904378,55.3,70247.83,25899.77,1.0,0.8602,0.8425,0,agência,Sudeste,1.4278,4,0
900343,41.7,22481.53,7403.28,17.7,0.1601,0.1592,0,indicação,Norte,-1.5904,3,1
902683,47.8,25836.25,8893.43,13.4,0.2757,0.2506,0,app,Sul,1.4745,1,0
902786,42.0,44416.9,6944.54,33.6,0.3227,0.3773,1,app,Nordeste,-0.0736,3,0
902547,60.1,49093.44,15735.9,12.1,0.3264,0.3167,0,app,Nordeste,-0.8815,3,0
903146,47.8,75871.95,26103.38,8.4,0.3234,0.3026,0,agência,Nordeste,-0.3844,1,0
905209,27.3,42762.47,15798.73,48.2,0.3862,0.4157,1,agência,Centro-Oeste,0.1939,3,0
900691,36.7,87791.41,23421.08,9.6,0.0747,0.0784,0,parceria_varejo,Norte,0.3305,1,0
900000,51.3,163855.31,43340.7,43.7,0.3702,0.3756,0,app,Sudeste,-0.0019,2,0
901582,36.8,72441.13,21260.88,42.2,0.5309,0.5292,0,agência,Nordeste,-0.2105,1,0
901707,35.6,55588.96,11682.38,17.3,0.2482,0.2648,0,app,Norte,-0.0182,0,0
905512,41.6,85819.99,27616.64,20.7,0.1131,0.1181,1,app,Nordeste,-0.7222,4,0
902021,62.9,26656.28,6531.98,3.9,0.1074,0.0921,1,app,Sul,0.191,4,0
903221,30.4,,34224.47,21.6,0.1785,0.1936,1,agência,Nordeste,-0.3217,2,0
903591,32.6,,14525.59,2.6,0.4376,0.4363,1,indicação,Sul,0.4034,3,0
902003,45.1,51379.51,12303.59,33.0,0.2187,0.2103,0,indicação,Centro-Oeste,0.6132,1,0
901131,38.4,26511.91,6623.17,5.3,0.2656,0.2954,0,app,Sul,1.3818,1,0
905747,26.3,34294.61,11587.28,74.2,0.3836,0.4112,0,indicação,Sudeste,-0.4692,3,0
903717,42.3,43866.33,15830.13,42.5,0.2588,0.2589,0,parceria_varejo,Sul,0.5425,3,0
902304,29.8,30618.62,4928.67,104.1,0.0856,0.1021,0,app,Nordeste,-1.039,1,0
905343,45.6,22478.19,9740.1,10.8,0.2641,0.2945,0,agência,Nordeste,0.0041,1,0
905672,38.0,27104.91,10506.5,26.8,0.0858,0.1154,0,indicação,Sudeste,-0.9058,4,0
902375,48.8,26899.11,5848.71,,0.5395,0.5402,0,agência,Sudeste,1.1147,3,0
903395,43.6,18594.74,7981.07,52.5,0.2871,0.2837,0,agência,Centro-Oeste,-0.0765,2,0
902261,45.0,145037.2,26123.38,,0.0803,0.108,0,agência,Sudeste,-1.7016,3,0
901731,47.8,51168.9,22225.65,43.3,0.0723,0.064,0,app,Sul,-0.2178,4,0
901159,43.0,46741.61,9141.62,24.3,0.1231,0.1166,0,app,Sul,0.1009,4,0
904342,40.3,34524.94,10881.02,8.9,0.1649,0.1573,1,app,Sudeste,-0.5952,2,0
902120,41.4,69436.12,30766.1,10.8,0.5582,0.5965,0,app,Sul,-0.6674,1,0
905701,52.8,32805.48,8358.18,32.1,0.274,0.2844,1,parceria_varejo,Nordeste,-0.3506,4,0
902685,50.8,41868.39,13570.0,10.6,0.2919,0.3007,0,agência,Sul,-0.4713,3,0
901671,50.5,74166.5,17273.41,26.3,0.1122,0.1307,0,agência,Centro-Oeste,0.1404,1,0
905025,48.0,14640.47,4338.66,17.7,0.2211,0.2288,1,indicação,Sudeste,2.1466,1,0
905756,37.7,53405.87,12955.13,94.2,0.3041,0.3231,0,app,Sul,-0.5539,0,0
903273,49.4,81913.63,24604.57,95.9,0.3325,0.3273,1,app,Sul,0.8517,2,0
901971,43.7,33737.59,11793.19,92.1,0.3189,0.3476,0,agência,Sudeste,0.2542,3,0
904461,44.1,42947.57,10431.64,48.5,0.2192,0.219,0,app,Sudeste,-0.5821,0,0
902296,44.3,22735.55,3603.37,43.3,0.3127,0.3137,1,app,Norte,-0.2624,0,0
900736,39.0,27857.65,8512.28,11.2,0.1905,0.1807,1,agência,Nordeste,0.5143,1,0
904122,44.7,25451.15,7805.0,20.2,0.3388,0.3358,0,indicação,Centro-Oeste,0.0127,4,0
905537,32.9,41406.1,10655.66,12.0,0.3746,0.3753,0,app,Sudeste,0.4806,4,0
904776,26.5,31444.2,9235.86,1.0,0.1399,0.1355,1,agência,Nordeste,0.854,2,0
905346,47.4,48320.32,20299.72,16.3,0.0481,0.0448,1,agência,Sudeste,0.0142,2,0
904099,53.8,79555.84,31498.03,1.8,0.1678,0.1483,0,agência,Sul,0.2479,0,0
900837,46.4,72876.15,16109.62,,0.1615,0.1412,1,app,Sudeste,-1.649,3,0
900292,41.3,70931.58,18340.13,2.5,0.6453,0.6211,0,app,Sul,-0.0901,3,0
900698,44.5,91010.9,23300.09,39.1,0.144,0.1417,0,app,Nordeste,-0.3506,2,0
905144,33.6,111504.21,18965.76,35.1,0.314,0.3335,0,agência,Sul,-0.9272,0,0
904903,25.3,47319.34,18481.79,13.6,0.4712,0.4769,1,agência,Sudeste,-1.3376,2,1
903969,43.1,18199.11,5020.8,16.7,0.5203,0.5364,0,app,Sudeste,-0.5394,1,0
905649,45.5,35765.03,11926.63,133.7,0.3829,0.3719,0,indicação,Sudeste,0.5967,2,0
905930,18.8,58928.68,18429.09,7.0,0.0422,0.0514,0,parceria_varejo,Sul,0.3841,4,0
901963,42.4,67759.36,25057.56,19.7,0.7796,0.7634,0,app,Nordeste,1.2625,1,0
905345,45.0,68963.13,122044.93961754907,30.7,0.0194,0.0439,0,app,Sul,-0.767,2,0
902274,42.3,15718.5,5298.7,8.1,0.3845,0.3811,1,app,Sul,0.2706,4,0
903441,18.2,83718.89,36746.83,17.0,0.3941,0.3809,0,app,Sul,-0.061,1,0
905394,36.3,62867.25,13155.21,83.8,0.5576,0.5565,1,agência,Nordeste,2.5548,2,0
901868,26.2,23403.85,5410.68,42.3,0.2431,0.2153,0,indicação,Nordeste,0.2018,3,0
902387,54.4,31791.24,6842.28,9.7,0.0655,0.0383,0,app,Sudeste,1.2299,2,0
905539,28.1,39656.65,16579.96,71.4,0.2497,0.2423,0,agência,Sul,-1.32,0,0
902671,38.4,33699.27,12283.06,13.3,0.3007,0.2811,0,app,Nordeste,0.7408,2,0
904699,41.4,117193.03,17807.33,43.6,0.1226,0.1027,2,agência,Sudeste,0.1859,4,0
903516,47.4,93602.89,22637.19,3.8,0.0759,0.1016,0,app,Sudeste,1.6013,1,0
905385,19.9,46527.0,7468.78,13.2,0.307,0.3231,1,app,Sudeste,0.9744,1,0
902502,63.5,91543.52,25936.82,71.3,0.0374,0.0688,0,parceria_varejo,Centro-Oeste,1.5597,4,0
903988,54.4,116347.14,39097.14,55.7,0.2374,0.2274,0,app,Sul,-0.3682,1,0
903999,18.0,28576.0,11110.97,60.4,0.1558,0.148,0,indicação,Sudeste,-0.0673,0,0
900063,32.6,68059.55,12763.11,,0.1502,0.1717,0,indicação,Centro-Oeste,-0.4763,3,0
905086,50.0,42296.05,15639.69,,0.1003,0.0513,0,app,Sudeste,-1.7851,3,0
901384,53.2,87489.12,22449.42,1.9,0.2755,0.2715,0,agência,Centro-Oeste,-0.2344,3,0
904333,56.0,99914.56,43389.34,2.0,0.5653,0.5708,0,agência,Centro-Oeste,-0.6873,3,0
900650,18.0,22777.39,4632.73,1.1,0.1263,0.1334,1,indicação,Sul,-0.5726,0,0
901967,37.2,102858.71,39738.07,4.4,0.192,0.1568,2,agência,Sudeste,0.4219,0,0
900112,34.9,36770.62,14974.62,134.3,0.1029,0.1402,0,indicação,Nordeste,-0.0412,1,0
903024,45.3,67470.6,22387.83,2.9,0.1413,0.131,0,app,Nordeste,-0.7923,4,0
905444,37.8,43692.42,7779.27,20.0,0.5031,0.5045,1,app,Nordeste,-1.9497,4,0
900804,41.0,18440.62,6886.37,36.3,0.3557,0.3338,0,agência,Sudeste,-0.4456,3,0
900577,28.2,39614.88,11566.52,25.5,0.2282,0.2301,0,app,Sudeste,-0.1171,3,0
900126,31.2,,23657.3,22.8,0.2213,0.2246,0,app,Sudeste,0.7311,3,0
903331,32.1,27922.26,9014.72,57.9,0.2723,0.2297,0,indicação,Nordeste,0.6585,1,0
903793,34.2,62713.49,17226.49,39.1,0.2867,0.2962,1,evento_promocional,Sul,0.8232,1,0
905681,26.5,29251.34,11876.32,28.7,0.0789,0.0549,0,agência,Centro-Oeste,-0.6387,3,0
901400,40.5,79443.81,24635.94,3.9,0.2251,0.2261,0,app,Nordeste,-0.0524,2,0
900851,50.1,53749.29,11801.68,4.5,0.1721,0.1712,1,indicação,Sul,-0.4277,4,0
905704,58.8,42823.66,12473.44,,0.4357,0.4335,0,agência,Nordeste,-0.9399,3,0
903057,41.6,27655.25,6208.08,59.5,0.1322,0.1224,0,app,Nordeste,0.7439,2,0
902665,40.1,41433.34,15838.94,22.9,0.2139,0.227,2,agência,Nordeste,1.4806,4,0
904103,42.8,45365.49,18031.87,41.7,0.281,0.2761,0,parceria_varejo,Norte,0.6503,2,0
904950,47.2,146681.27,65322.69,4.5,0.2285,0.2261,1,app,Centro-Oeste,0.7065,1,0
902995,36.7,86060.15,36753.33,43.7,0.3509,0.3072,2,app,Nordeste,-0.9312,3,0
902679,33.6,72436.16,24420.11,66.2,0.4575,0.4275,0,agência,Sudeste,0.0762,2,0
903893,47.4,24118.16,9827.6,25.0,0.3708,0.3499,1,indicação,Nordeste,-0.6817,1,0
905870,29.5,31886.26,12668.7,11.4,0.1461,0.1453,1,indicação,Nordeste,0.0723,1,0
902977,43.9,49732.26,20724.77,18.0,0.4485,0.4368,1,app,Sul,-0.5351,0,0
901053,36.9,33862.31,9433.82,11.6,0.4178,0.3935,1,app,Sudeste,-1.6695,3,0
904503,45.2,32385.47,13034.51,,0.4248,0.4034,0,agência,Sul,0.1669,2,0
905965,52.3,41633.21,10551.85,71.0,0.1066,0.0959,1,app,Norte,-0.8535,1,0
902405,18.4,73810.52,17857.97,19.2,0.2937,0.2948,1,indicação,Norte,-0.9543,0,1
903860,25.3,40657.03,15207.33,15.2,0.4494,0.4765,0,agência,Sudeste,0.0285,2,0
900153,51.6,50401.01,10416.48,14.9,0.0936,0.1041,0,app,Centro-Oeste,-0.6992,3,0
902391,31.0,68025.88,17122.05,45.8,0.2689,0.2991,0,agência,Nordeste,-1.5675,1,0
902353,42.5,45942.83,15402.06,91.5,0.3797,0.3961,0,agência,Sudeste,-0.6476,2,0
905100,47.2,37044.92,9427.95,2.7,0.4849,0.4901,0,app,Sudeste,1.953,1,0
902660,36.2,,38491.82,40.8,0.3353,0.346,0,agência,Centro-Oeste,1.4989,4,0
905663,56.2,20624.1,4162.92,9.3,0.2213,0.2251,0,agência,Sudeste,0.8049,0,0
900280,40.0,36366.83,14831.71,13.2,0.111,0.1277,0,app,Sul,-1.4404,1,0
905787,33.9,76506.23,18582.09,4.8,0.1047,0.1093,1,app,Sul,-0.4851,4,0
903821,35.6,20109.7,3913.31,79.9,0.6193,0.5943,0,parceria_varejo,Sudeste,0.4987,2,0
903128,35.1,78277.23,17375.27,10.0,0.3409,0.3149,0,app,Sul,-0.1331,4,0
904496,64.7,44875.21,12126.53,41.5,0.2832,0.2676,2,agência,Sudeste,0.5586,3,0
905593,50.3,56841.9,10207.12,3.4,0.6508,0.6775,0,app,Sudeste,-2.4948,2,0
901479,21.6,53789.77,13689.15,47.3,0.5576,0.5584,0,indicação,Sudeste,2.0156,2,0
903811,28.3,37860.94,9930.77,23.0,0.3843,0.3937,2,indicação,Sudeste,0.6928,4,0
900504,30.9,33334.87,8189.36,11.9,0.4818,0.5228,0,agência,Norte,-0.2766,3,0
900903,36.6,38014.95,10970.84,8.7,0.442,0.3782,0,app,Centro-Oeste,-0.3605,2,0
902040,41.1,61424.93,14399.39,4.4,0.2328,0.2459,1,agência,Sudeste,-0.0638,3,0
901672,40.1,72503.79,25978.69,12.9,0.1952,0.2081,1,agência,Nordeste,-1.1313,2,0
903751,57.7,60732.39,21636.36,102.3,0.152,0.1689,0,agência,Norte,-0.5933,0,0
900550,40.7,70231.44,11376.59,7.2,0.2325,0.2254,1,indicação,Sudeste,1.0497,2,0
901862,46.8,85318.53,17031.69,70.8,0.1,0.1313,0,app,Norte,1.5189,1,0
901805,42.8,102492.42,34697.04,31.5,0.2747,0.2827,0,agência,Nordeste,-0.1338,4,0
905895,33.5,64742.27,23006.99,48.9,0.3322,0.3366,0,agência,Sudeste,0.2941,4,0
905226,45.9,22608.96,4473.87,20.6,0.2321,0.2246,1,app,Sudeste,-1.03,3,0
900945,26.1,48307.66,8960.34,14.0,0.1054,0.0832,0,app,Sudeste,0.8879,3,0
903642,30.9,,11756.49,33.1,0.3697,0.3814,0,app,Sudeste,1.0568,1,0
904259,61.3,7951.77,3251.37,39.1,0.486,0.4824,0,agência,Sudeste,-1.3917,3,0
901690,44.8,41919.71,12631.84,39.3,0.2606,0.248,0,app,Centro-Oeste,-1.5255,3,0
902107,51.5,83046.5,17976.8,9.5,0.3499,0.3116,0,parceria_varejo,Sudeste,-0.9122,4,0
905902,31.0,102565.32,31927.26,15.3,0.2209,0.2008,0,app,Sudeste,0.1385,2,0
903125,52.1,45164.38,12628.35,37.2,0.4337,0.4358,0,agência,Sul,-0.4071,0,0
905610,56.5,171435.45,31173.36,28.2,0.0673,0.0762,0,app,Sul,1.7443,3,0
903398,56.7,39761.77,9825.67,7.9,0.118,0.116,0,app,Sudeste,1.146,0,0
900449,37.5,37969.05,16570.07,74.2,0.2072,0.2182,1,app,Centro-Oeste,-0.323,4,0
902903,36.1,64675.23,17454.66,42.4,0.306,0.2685,0,agência,Sudeste,-0.1679,0,0
900941,58.7,109334.76,18496.69,,0.1919,0.2256,1,agência,Norte,-1.5362,1,0
901020,43.9,66875.61,15555.14,54.4,0.5674,0.5646,0,agência,Centro-Oeste,-0.6719,4,0
901532,44.1,50447.04,16575.36,27.3,0.6734,0.6749,0,agência,Sudeste,-0.6489,1,0
901847,46.2,69649.56,15657.46,51.5,0.2275,0.237,1,app,Norte,-0.5445,1,0
904011,40.4,48490.59,11646.42,6.8,0.3801,0.4002,0,agência,Sul,-1.2848,1,0
903898,35.2,27080.24,7862.51,49.4,0.0165,0.0155,1,app,Nordeste,-0.1831,1,0
900437,34.9,58769.75,23994.27,,0.2986,0.3034,1,app,Nordeste,-0.7774,0,0
905410,29.3,,8297.97,43.9,0.2916,0.3258,1,agência,Centro-Oeste,-0.7806,3,0
903445,33.5,44479.61,9702.63,39.9,0.5272,0.5127,0,agência,Sudeste,0.6775,0,0
904882,43.0,33807.47,7819.24,14.1,0.4319,0.3904,0,agência,Sudeste,-3.1216,1,1
904969,39.4,31197.73,5869.76,18.8,0.1916,0.186,0,app,Sudeste,0.8125,0,0
900739,40.1,81909.37,23191.98,27.0,0.0422,0.0635,0,app,Sudeste,0.4483,0,0
902867,43.4,42549.77,17747.95,,0.3809,0.374,0,agência,Sul,0.031,3,0
903291,27.6,19444.45,5902.7,20.1,0.1684,0.1793,1,app,Nordeste,1.4746,3,0
905102,42.9,39029.56,10560.35,15.5,0.2924,0.3103,0,agência,Sul,0.9991,3,0
900586,50.6,21748.73,7591.64,32.4,0.0844,0.0918,0,app,Sul,0.1679,4,0
905402,38.3,50739.22,19628.32,84.2,0.0807,0.0766,0,app,Sudeste,-0.292,4,0
902989,18.0,11634.27,2195.71,16.4,0.37,0.3624,1,agência,Sudeste,0.5487,3,1
904444,56.9,39172.36,9665.47,,0.3983,0.4183,0,indicação,Sudeste,-0.2561,0,0
901028,34.9,41636.98,8321.34,2.9,0.3533,0.3619,0,app,Sudeste,-1.9636,3,0
905259,52.6,32424.36,10868.26,16.1,0.4227,0.4217,1,app,Nordeste,0.8463,2,0
903279,43.6,105114.47,18236.09,8.6,0.3424,0.3313,0,app,Sul,1.1229,2,0
903208,40.8,71206.38,12678.63,4.2,0.1301,0.1497,1,indicação,Sudeste,-0.4387,1,0
905906,47.2,63925.6,27898.18,1.9,0.1805,0.1835,0,parceria_varejo,Sudeste,1.0816,3,0
905637,52.9,85341.36,14640.86,5.2,0.3622,0.3636,0,indicação,Sul,1.513,4,0
900573,19.7,81239.28,18853.01,64.2,0.3009,0.2862,1,app,Nordeste,-1.475,3,0
904040,49.5,48629.3,14484.66,37.3,0.0356,0.0345,0,indicação,Centro-Oeste,0.1554,4,0
900647,39.9,59041.98,17957.97,9.6,0.2612,0.2651,0,indicação,Nordeste,0.2036,1,0
900595,28.3,58864.39,18636.22,67.7,0.3523,0.375,1,agência,Sul,-0.1596,4,0
905347,30.0,116122.9,30077.48,10.6,0.388,0.369,0,agência,Sul,0.9496,4,0
905654,43.3,35458.33,11071.63,2.6,0.576,0.5774,0,app,Norte,-0.8896,4,0
903396,49.2,91271.84,20400.62,78.0,0.4084,0.4278,0,parceria_varejo,Sudeste,-1.0546,1,0
901308,34.6,52109.79,19824.32,,0.3756,0.3951,1,agência,Centro-Oeste,-0.0772,3,0
904566,27.8,144794.56,56005.38,8.3,0.1149,0.132,1,app,Sul,-0.8507,1,0
905852,58.9,187499.46,49025.36,27.9,0.3059,0.2848,0,app,Centro-Oeste,-0.4557,0,0
904896,19.9,41306.66,15802.76,176.2,0.1226,0.1228,0,app,Sudeste,-0.9599,2,0
900281,33.9,48458.29,20311.06,2.4,0.3886,0.4004,0,agência,Sudeste,-0.0847,4,0
905028,48.5,74643.24,22576.57,62.2,0.393,0.393,1,app,Centro-Oeste,0.891,3,0
900732,27.9,66728.06,28323.26,38.5,0.3602,0.3357,0,app,Nordeste,0.3729,0,0
902763,47.2,180937.77,42253.08,1.8,0.0503,0.055,3,indicação,Sudeste,-0.5949,0,0
902999,18.8,14848.39,6548.76,240.1,0.659,0.6211,1,agência,Centro-Oeste,0.7237,0,0
901908,56.4,69310.0,21105.46,4.2,0.0342,0.0381,0,agência,Sul,0.3579,4,0
905240,36.4,43063.39,16044.95,1.0,0.1411,0.1078,0,app,Nordeste,-1.075,2,0
903085,47.9,73997.2,32823.8,13.8,0.3407,0.3465,0,app,Sudeste,-0.4002,1,0
901111,49.8,32728.42,7847.45,6.1,0.2705,0.284,1,agência,Sudeste,0.0241,1,0
904680,48.9,59881.21,15113.08,60.9,0.2308,0.2561,1,agência,Sul,-1.1806,4,1
902195,37.3,30117.23,8690.72,36.9,0.2541,0.2716,0,app,Centro-Oeste,-2.8884,1,0
900160,66.6,42978.47,8146.87,11.2,0.215,0.2006,0,app,Sul,0.9709,0,0
905207,46.4,28043.1,7231.44,32.2,0.3402,0.3511,0,app,Sul,-0.6473,0,0
902798,58.4,32456.84,13633.17,21.2,0.4748,0.4755,0,app,Sul,-0.3495,4,0
903165,37.5,77905.9,17992.47,68.8,0.13,0.0991,0,indicação,Sudeste,2.5712,0,0
904955,48.0,44847.96,9934.76,36.8,0.3376,0.3086,0,indicação,Sudeste,0.928,0,0
900952,28.0,51894.07,15469.25,23.6,0.3636,0.388,0,agência,Sudeste,-1.2023,2,0
904232,39.3,67864.6,29252.52,62.1,0.0587,0.0702,0,app,Nordeste,0.6666,2,0
901331,32.0,29249.0,9829.16,34.2,0.5223,0.5439,1,indicação,Nordeste,0.5848,1,0
901219,50.6,18769.12,7305.82,90.5,0.4253,0.4478,1,app,Sul,0.8048,3,0
905311,47.8,38802.5,14469.97,25.2,0.1535,0.1183,0,parceria_varejo,Sudeste,-0.6631,4,0
900606,47.7,45658.37,11338.04,5.6,0.3616,0.3613,3,app,Sudeste,-0.4538,4,0
900164,46.2,15725.11,4971.5,5.6,0.4457,0.4245,2,app,Nordeste,0.8743,0,0
901040,34.4,67822.57,18861.76,25.6,0.1308,0.112,0,agência,Nordeste,-0.1095,0,0
903968,26.2,77787.28,17611.97,10.0,0.5857,0.6107,0,parceria_varejo,Sudeste,-2.1786,1,0
900209,38.8,64147.28,13057.02,16.3,0.1812,0.1946,1,indicação,Norte,-0.0886,1,0
903612,33.9,131375.39,27673.44,5.4,0.2001,0.1991,0,agência,Nordeste,0.5243,4,0
900329,47.5,113416.06,33488.21,5.0,0.1928,0.2087,0,app,Sudeste,-1.5179,3,0
902546,42.2,26403.73,4867.98,52.2,0.2622,0.2445,0,indicação,Nordeste,-0.5026,0,0
903929,35.5,66862.49,20756.69,10.0,0.178,0.1944,1,app,Norte,-0.2748,3,0
904297,28.9,27019.77,7593.24,18.2,0.2874,0.3029,1,agência,Nordeste,1.2793,1,0
901429,36.3,46212.98,12278.22,58.1,0.2565,0.2579,0,agência,Sudeste,0.8383,1,0
905872,37.1,,7831.01,8.6,0.1444,0.1476,2,app,Sudeste,0.3693,1,0
904905,36.4,19102.8,6010.06,14.9,0.0199,0.0,0,agência,Sudeste,-0.4265,1,0
900433,39.1,48433.73,19135.48,17.1,0.0874,0.0469,0,app,Norte,1.284,4,0
905203,50.1,75091.91,26232.73,10.9,0.5067,0.5168,0,app,Nordeste,-0.7066,0,0
900860,55.3,33563.68,6364.67,14.2,0.2571,0.2253,0,agência,Sul,-1.7599,1,0
904370,37.9,54237.78,9856.47,2.6,0.332,0.3127,0,agência,Centro-Oeste,0.0524,2,0
900967,41.8,114243.89,30072.8,15.7,0.4922,0.4936,1,agência,Nordeste,0.6063,4,0
903729,45.7,42075.48,9112.66,49.4,0.4817,0.508,2,app,Nordeste,-0.0755,0,0
903486,24.6,57919.54,9862.41,9.0,0.0368,0.0591,1,app,Sudeste,-2.2872,1,0
903734,29.6,22898.57,8799.21,70.5,0.0965,0.0658,0,agência,Sudeste,-0.1987,3,0
903623,23.8,55130.19,9095.14,10.9,0.2024,0.2205,0,app,Sudeste,0.9203,2,0
905967,32.7,40838.54,15523.35,26.2,0.3191,0.3475,1,agência,Sudeste,-1.3114,4,1
903413,48.3,102160.38,33589.2,19.9,0.0832,0.0936,1,app,Sudeste,0.1297,3,0
903695,40.5,54485.71,9171.34,,0.6634,0.6714,0,app,Centro-Oeste,-1.0859,3,0
905442,51.4,39047.9,11972.13,151.2,0.1015,0.0807,0,app,Sul,-0.7625,3,0
902813,35.9,30805.24,8022.38,,0.3136,0.3215,1,agência,Sul,-1.0553,4,0
904981,55.4,66644.68,24364.33,3.3,0.3969,0.3742,0,parceria_varejo,Nordeste,-0.211,3,0
904652,36.6,35112.32,6685.09,3.6,0.0781,0.0662,0,agência,Sul,0.5114,0,0
900908,38.8,12465.14,2737.53,56.3,0.1109,0.1007,1,agência,Sudeste,-1.8836,2,0
905477,23.4,31826.28,9534.22,23.5,0.0206,0.0,0,app,Centro-Oeste,0.3057,0,0
902562,41.9,52476.35,21282.96,3.7,0.1459,0.1347,2,app,Sudeste,0.5792,0,0
904605,40.2,73113.0,23755.28,61.1,0.1102,0.0847,1,app,Sudeste,0.1522,4,0
904317,56.0,144270.49,29610.68,23.5,0.1006,0.0708,0,agência,Sul,0.3119,1,0
905393,61.5,35698.04,15631.68,,0.2067,0.2122,2,app,Sudeste,-1.5796,3,0
900146,41.0,47555.97,13833.26,,0.3311,0.3427,0,app,Sul,0.1072,3,0
903361,68.3,40309.3,8013.39,8.3,0.7152,0.7149,2,agência,Nordeste,-0.2044,0,0
901777,27.1,32022.32,6683.0,25.7,0.363,0.3646,0,app,Sul,-0.5099,0,0
905149,18.0,41245.05,13120.52,22.0,0.0818,0.095,0,agência,Nordeste,-1.4871,1,0
903186,45.6,116292.54,26392.64,32.3,0.3949,0.397,0,agência,Nordeste,0.7929,0,0
900508,45.9,33103.6,14608.13,60.9,0.3244,0.3105,3,app,Centro-Oeste,0.9797,3,0
904419,35.5,31847.92,5823.54,47.2,0.6883,0.6831,1,indicação,Sudeste,0.5636,3,0
901561,49.3,43832.14,16691.03,50.5,0.2318,0.2484,0,app,Sudeste,0.1363,1,0
904272,26.4,34003.29,6249.0,29.8,0.5058,0.5299,1,agência,Sul,1.0788,3,0
902852,32.6,57598.51,18396.23,21.0,0.097,0.1038,0,agência,Norte,-1.3867,0,0
900168,44.6,35890.84,13346.56,1.0,0.3895,0.4089,0,indicação,Norte,-0.5385,4,0
903419,36.1,57342.56,10417.05,51.6,0.3323,0.3717,0,agência,Sudeste,-0.092,2,0
905496,29.7,64883.7,28427.61,65.7,0.3958,0.4047,0,parceria_varejo,Sudeste,0.4053,1,0
901392,43.6,20990.08,8044.31,21.1,0.0541,0.0598,0,indicação,Nordeste,-0.2941,2,0
902257,40.8,45537.25,17191.26,10.7,0.6332,0.6641,0,agência,Nordeste,0.3984,0,0
902237,46.1,143730.15,60778.9,51.4,0.2821,0.276,0,agência,Sul,1.1341,0,0
900136,18.0,33275.96,14967.16,4.3,0.1632,0.1495,1,agência,Sul,0.5388,3,0
905566,31.8,24649.77,10722.47,6.9,0.2613,0.2328,0,agência,Sudeste,0.9667,4,0
905374,37.8,20439.66,4500.4,44.5,0.4425,0.4341,0,agência,Sudeste,1.514,3,0
900894,55.3,34373.8,8559.19,30.3,0.3299,0.3027,0,agência,Sudeste,-0.1625,0,0
900197,24.8,73055.14,27074.33,36.4,0.3324,0.3159,1,indicação,Sudeste,-0.4415,2,0
901483,48.4,56411.85,23944.91,66.6,0.4656,0.4948,0,agência,Sudeste,-1.4196,2,0
901792,62.9,66338.9,15306.69,,0.4153,0.4048,0,app,Centro-Oeste,0.489,1,0
904863,36.8,43524.07,7824.56,,0.195,0.1945,0,app,Sudeste,0.4404,2,0
905208,49.4,39903.77,16431.37,1.3,0.2478,0.2712,0,app,Sudeste,-0.0549,2,0
905903,33.0,29818.92,10594.13,7.1,0.2858,0.2921,0,app,Sudeste,-0.9816,3,0
902850,39.2,150674.34,26782.68,,0.0934,0.0953,1,agência,Nordeste,0.2252,1,0
903116,62.1,43341.48,10500.89,26.2,0.1626,0.1718,2,indicação,Nordeste,-0.6852,3,0
904961,19.4,24998.86,6882.33,20.2,0.0326,0.0386,0,app,Sul,-0.7242,4,0
902389,23.7,69443.59,18632.6,1.0,0.2388,0.2748,0,agência,Norte,0.5011,1,0
905181,45.5,49707.71,21965.44,61.1,0.2445,0.2744,0,indicação,Sul,1.4355,1,0
901447,39.7,74394.22,15510.14,62.4,0.2549,0.2445,0,parceria_varejo,Sudeste,-1.0576,3,0
900199,42.0,42081.52,8412.17,59.9,0.1976,0.2082,0,app,Sul,1.4115,3,0
904525,35.3,57530.36,23972.36,7.6,0.2426,0.254,0,agência,Sul,0.3291,4,0
903611,56.3,98911.64,44203.72,16.2,0.0492,0.0397,1,app,Sudeste,-0.5166,1,0
903466,43.5,21311.14,4867.11,31.7,0.348,0.3312,0,agência,Centro-Oeste,-1.5317,4,0
901823,43.3,38561.48,17351.27,5.8,0.4781,0.4646,0,agência,Sudeste,0.917,2,0
901795,54.0,69232.54,24723.83,120.5,0.3458,0.3288,0,indicação,Nordeste,0.8361,0,0
900730,54.8,19058.96,5884.07,7.2,0.103,0.1044,0,app,Sul,1.6559,3,0
903886,52.2,,29747.6,83.5,0.104,0.1175,0,app,Norte,-0.0085,2,0
904393,44.9,136766.43,54130.16,22.2,0.3437,0.3231,0,agência,Norte,-0.6056,3,0
902121,55.9,57531.43,9517.23,27.9,0.2596,0.2729,0,agência,Sudeste,0.1138,1,1
903465,55.1,194568.51,46690.28,119.7,0.3597,0.3735,0,app,Sul,-2.1986,4,0
900807,26.7,143403.6,62094.67,1.0,0.3178,0.3277,1,indicação,Sudeste,3.4904,2,0
902595,36.0,49436.95,40985.019984882085,16.8,0.3862,0.3845,0,app,Nordeste,-0.8284,0,1
905661,18.0,44663.67,14981.5,120.7,0.3417,0.3582,0,app,Centro-Oeste,0.7559,1,0
902997,43.5,58194.12,21031.58,10.9,0.1021,0.1308,0,app,Norte,0.1321,0,0
905268,28.6,43175.06,16957.61,28.7,0.0915,0.0853,0,app,Norte,-0.1971,0,0
901198,40.9,52657.55,19206.9,5.8,0.4016,0.3471,0,parceria_varejo,Sudeste,-0.2646,0,0
904403,43.0,33914.16,11071.13,32.5,0.6464,0.645,0,agência,Sul,-0.8464,1,0
900821,51.5,76096.24,24699.25,35.2,0.4358,0.4635,0,app,Sudeste,-0.4274,4,0
902711,18.0,87575.74,21893.4,53.5,0.326,0.288,2,agência,Sudeste,-0.0106,4,1
901241,29.2,98215.0,41576.16,2.9,0.6342,0.623,0,agência,Sul,-1.2123,3,0
904051,48.5,62656.54,27294.54,67.2,0.0974,0.0954,0,agência,Nordeste,0.2913,3,0
905659,30.2,47703.06,18796.49,12.6,0.3533,0.3572,0,agência,Nordeste,-1.8484,4,0
905864,31.2,70590.25,27871.8,114.9,0.4672,0.4393,0,app,Nordeste,-0.1544,3,0
900623,32.2,14860.93,3176.68,,0.2097,0.2247,0,agência,Sudeste,-0.2702,0,0
905541,43.8,54237.17,22909.44,9.2,0.3549,0.3791,0,app,Sudeste,-0.5952,3,0
904075,58.2,31363.69,11839.93,15.8,0.12,0.1332,0,app,Sul,0.5805,3,0
901162,43.7,49740.36,13208.91,14.5,0.1622,0.1528,1,app,Centro-Oeste,-1.8565,2,0
905736,47.6,20166.16,9058.73,19.1,0.4243,0.4151,0,app,Nordeste,1.087,0,0
902603,36.4,23744.86,10418.53,36.2,0.2122,0.1851,0,agência,Sudeste,2.4501,0,0
902775,22.9,42962.93,7740.01,9.1,0.2551,0.2331,0,agência,Sul,-0.6625,1,0
903781,51.1,91158.14,31886.42,35.7,0.3167,0.3048,0,evento_promocional,Sul,0.4397,0,0
905118,42.1,117253.71,29995.92,74.0,0.3926,0.365,0,agência,Centro-Oeste,0.1854,3,0
904387,28.8,54298.8,20500.15,41.5,0.5801,0.6102,0,app,Sudeste,0.046,3,0
901740,29.1,79934.31,34109.37,10.1,0.1059,0.1277,0,agência,Nordeste,-0.1248,3,0
902282,28.4,49542.03,12946.5,50.2,0.0931,0.1037,1,indicação,Nordeste,-0.4515,3,0
905103,37.9,47606.29,12036.84,90.1,0.3258,0.3224,0,agência,Sul,0.1875,1,0
903026,28.0,38517.44,6136.08,53.7,0.3065,0.3307,0,agência,Centro-Oeste,-1.988,0,0
904163,44.4,99119.36,21298.32,92.3,0.4899,0.4588,0,agência,Centro-Oeste,-1.3069,2,0
900024,32.6,71877.07,25270.17,71.7,0.4395,0.4316,0,app,Centro-Oeste,-0.2686,1,0
900216,50.1,75146.38,17117.09,5.1,0.2483,0.2172,0,app,Sudeste,-1.8715,0,0
902860,33.5,24356.65,7027.72,63.1,0.1404,0.1139,0,agência,Sudeste,0.1097,2,0
901910,35.2,31367.35,7306.06,48.4,0.177,0.1477,1,app,Nordeste,-0.2055,2,0
905249,32.9,44929.72,7072.66,136.6,0.0152,0.0159,1,agência,Sudeste,-0.3546,2,0
904089,57.0,52258.51,20794.61,,0.2083,0.2317,1,agência,Nordeste,1.1626,4,0
903421,35.9,11508.04,3507.39,21.7,0.3156,0.3282,0,app,Sudeste,0.2296,1,0
904262,47.5,109948.01,40477.01,9.5,0.1128,0.0711,1,indicação,Sudeste,-1.2399,4,0
900207,49.8,86313.84,20074.97,13.7,0.3306,0.3586,1,parceria_varejo,Sudeste,0.0024,4,0
903510,48.8,23665.83,4587.63,1.0,0.2381,0.2357,0,indicação,Sudeste,0.2955,4,0
902322,51.5,55881.85,10105.04,63.8,0.4464,0.4474,0,app,Norte,1.5164,1,0
900591,45.7,55422.85,24691.2,9.8,0.2568,0.2778,0,app,Centro-Oeste,0.8737,4,0
905272,49.1,28819.18,92644.79822851376,28.5,0.3157,0.3132,1,agência,Sudeste,-1.6928,1,0
901720,19.1,24272.15,8683.72,50.0,0.0152,0.0086,0,agência,Nordeste,0.3708,0,0
901863,49.4,52229.14,15740.03,19.2,0.0952,0.0726,2,agência,Sul,-1.0486,3,0
900525,50.6,65977.24,24460.37,65.5,0.209,0.2006,0,app,Norte,-1.7826,1,0
902335,45.7,38352.99,11472.26,58.7,0.3003,0.3287,1,indicação,Nordeste,0.9708,2,0
900469,40.3,56394.6,16259.81,5.4,0.291,0.2669,0,agência,Sudeste,1.0768,4,0
905446,42.8,29901.5,8963.82,93.7,0.2582,0.267,2,agência,Nordeste,-1.1265,0,0
902811,38.9,47530.47,14520.38,14.7,0.211,0.2275,0,app,Nordeste,-0.308,4,0
905627,58.5,43729.45,8776.2,2.7,0.5502,0.5298,0,agência,Sudeste,-1.8547,1,0
900928,40.5,,6771.09,5.1,0.1657,0.1698,0,agência,Centro-Oeste,1.0572,0,0
901896,41.6,37855.8,14391.94,42.1,0.3608,0.3843,0,agência,Centro-Oeste,0.6586,3,0
902721,26.8,20193.02,3113.96,1.0,0.3261,0.3145,0,app,Sudeste,-0.9368,1,0
905715,34.6,24363.75,7939.13,55.8,0.1141,0.0883,0,agência,Sudeste,-0.6292,3,0
901469,18.0,32222.47,12525.45,58.0,0.108,0.119,0,agência,Sudeste,0.1812,3,0
905237,18.0,34948.94,7651.78,42.3,0.4484,0.4274,0,agência,Centro-Oeste,-0.1557,4,0
902934,40.1,57508.76,21707.85,65.2,0.2404,0.2318,1,parceria_varejo,Sudeste,0.8325,2,0
901913,41.2,97117.13,27384.91,,0.3419,0.36,0,agência,Sudeste,0.077,2,0
900956,29.7,56503.34,17938.59,64.5,0.2185,0.2083,0,indicação,Sudeste,-0.0841,0,0
901488,31.2,92632.99,20996.24,28.4,0.5488,0.5528,0,app,Sudeste,1.723,1,0
900025,37.2,103301.26,18591.19,66.0,0.5198,0.5055,0,indicação,Sul,0.5346,4,0
901134,55.5,72887.46,30143.54,3.2,0.2581,0.2348,1,app,Sudeste,-0.5656,1,0
902197,56.7,24588.57,10801.3,26.6,0.6669,0.646,0,app,Sudeste,1.175,3,0
905021,32.7,46925.56,8244.69,40.1,0.5784,0.6114,1,indicação,Norte,-2.0027,4,1
903224,39.7,40322.07,10826.96,45.8,0.4316,0.3874,0,parceria_varejo,Nordeste,-1.5252,2,0
901552,32.0,65101.07,15771.71,59.4,0.2285,0.25,0,app,Sudeste,-0.2006,3,0
904939,40.4,44570.74,17519.57,20.9,0.1105,0.1148,1,app,Sul,-0.0959,0,0
901645,37.4,84849.27,23125.18,3.1,0.226,0.2345,0,agência,Centro-Oeste,0.8496,4,0
902937,34.9,,13263.18,27.0,0.0937,0.1178,0,app,Sudeste,0.5267,3,0
903533,51.1,35274.04,11404.81,,0.1222,0.0882,0,agência,Centro-Oeste,0.395,2,0
902646,39.9,43484.28,8807.89,,0.6116,0.6185,0,app,Sudeste,0.9661,1,0
905116,67.4,92847.7,19663.94,2.3,0.1616,0.1226,0,agência,Sul,-0.85,3,0
902187,38.7,60439.31,26745.01,24.2,0.1187,0.1323,0,agência,Nordeste,0.2256,3,0
904845,38.0,27214.21,10707.6,20.0,0.3349,0.3142,0,app,Sudeste,1.1982,1,0
903854,48.2,24725.08,7951.44,131.1,0.2488,0.2817,0,agência,Nordeste,-2.0489,0,0
902371,55.9,58637.17,14846.25,3.6,0.3951,0.3767,0,app,Sul,0.498,4,0
900180,28.3,39828.98,7347.61,1.0,0.287,0.2645,1,parceria_varejo,Sul,-0.8334,4,0
905368,29.9,25368.49,7201.36,53.4,0.4728,0.475,1,agência,Sudeste,1.4625,4,0
901434,41.4,68489.31,16035.58,20.9,0.4454,0.4059,1,app,Sudeste,-1.2547,2,0
903912,39.3,13728.62,2235.04,54.8,0.3934,0.3765,0,agência,Sudeste,-0.2558,1,0
904703,55.6,53937.08,16222.84,26.2,0.5234,0.5288,1,agência,Nordeste,0.7462,3,0
903091,25.3,41377.79,16255.89,4.5,0.2503,0.2628,1,agência,Sudeste,1.1084,2,0
905448,46.5,,12470.27,21.1,0.1595,0.1691,0,indicação,Norte,0.3051,1,0
902344,40.3,43139.95,18955.49,8.2,0.2059,0.2087,0,agência,Norte,-0.623,1,0
903298,27.4,45389.53,20305.89,19.4,0.5412,0.5338,0,agência,Sudeste,-0.4056,2,0
900094,25.4,59474.42,17941.8,131.2,0.2479,0.2514,0,app,Nordeste,1.1875,0,0
900770,46.4,59218.55,22189.74,15.3,0.0789,0.0353,1,agência,Centro-Oeste,0.0288,3,0
900637,18.0,65899.58,28359.45,16.5,0.1114,0.1076,1,agência,Sul,-1.0211,2,0
905400,52.9,46484.79,10613.28,14.4,0.1167,0.1263,1,app,Sudeste,-0.8799,0,0
902536,45.2,23905.0,5955.83,95.9,0.3439,0.3621,0,agência,Nordeste,-1.0422,1,0
902492,23.3,18439.55,3538.45,6.3,0.2886,0.3282,1,agência,Sul,1.0949,0,0
901208,39.2,86116.42,14328.71,37.8,0.1707,0.2049,0,app,Centro-Oeste,-1.4114,3,0
905491,20.8,35904.29,7890.56,20.2,0.1025,0.1257,1,agência,Nordeste,1.9268,1,0
905674,37.7,44473.98,19950.42,4.0,0.6831,0.6672,1,agência,Sudeste,-2.0273,0,0
905294,42.4,101290.73,42141.49,11.8,0.1859,0.1889,0,indicação,Norte,0.7539,3,0
900275,37.7,70475.38,21335.97,5.5,0.2483,0.2595,0,indicação,Norte,0.5479,3,1
901152,40.4,55623.41,8758.56,87.9,0.2759,0.2892,1,agência,Centro-Oeste,-0.217,4,0
905302,55.8,80038.61,22735.78,,0.2918,0.2984,0,agência,Sudeste,-0.6577,2,0
905200,46.8,65758.25,24407.99,40.9,0.3068,0.3106,0,agência,Nordeste,-2.067,2,0
900307,30.9,86966.53,29574.7,23.1,0.3134,0.287,2,app,Sudeste,-0.3851,4,0
902059,70.7,,8072.56,117.6,0.3339,0.3221,0,agência,Norte,-0.1456,3,0
904968,19.5,30377.44,5868.96,64.9,0.0868,0.0635,1,agência,Sudeste,1.3261,1,0
904182,28.8,41654.11,18399.01,16.7,0.1482,0.1813,0,indicação,Norte,0.6351,4,0
905531,34.8,42900.62,16680.39,29.4,0.2451,0.2447,0,app,Sudeste,-0.9439,3,0
902610,60.1,32886.61,6917.19,1.0,0.1221,0.1087,0,app,Nordeste,-0.2508,2,0
904305,41.9,25177.39,5839.67,59.9,0.4524,0.4655,1,parceria_varejo,Centro-Oeste,-2.0179,4,0
902787,43.9,48608.95,21023.47,1.0,0.1117,0.1159,1,app,Sudeste,-0.5607,4,0
901987,43.4,60561.65,25079.32,10.8,0.0728,0.063,0,app,Sul,-0.9072,3,0
900931,33.9,31220.79,10411.46,2.3,0.3344,0.3263,1,agência,Sudeste,0.6876,4,1
904226,54.8,47314.22,9362.85,16.5,0.5868,0.5977,0,agência,Sudeste,-0.3009,4,0
905819,55.2,37504.13,12981.56,32.9,0.167,0.1693,1,app,Sudeste,-1.3098,1,0
903455,40.8,52622.37,13149.4,15.7,0.6243,0.623,1,agência,Norte,-1.2885,4,1
905050,39.6,74386.28,25074.7,34.9,0.1109,0.0917,1,app,Sudeste,-0.4264,3,0
904651,53.9,61051.07,9294.64,39.3,0.5152,0.4918,1,agência,Sudeste,2.0372,2,0
902418,28.7,70661.87,12960.45,,0.4957,0.5066,0,app,Nordeste,0.506,0,0
905632,34.9,61473.67,17880.52,44.5,0.4545,0.4574,0,app,Sul,1.1548,3,0
902431,26.0,40422.72,15561.34,35.3,0.4859,0.5063,1,indicação,Sul,1.3014,4,0
900201,21.4,84044.91,29721.51,22.8,0.1678,0.1652,0,app,Sudeste,-0.0311,0,0
902965,30.2,133468.06,28935.08,45.8,0.5377,0.5497,1,agência,Sudeste,1.2141,2,0
902023,29.3,36625.23,11743.92,81.5,0.2926,0.2615,1,parceria_varejo,Norte,1.0012,1,0
904464,44.0,65309.04,14404.63,33.8,0.127,0.1439,1,indicação,Sul,-0.7746,1,0
900973,32.9,85174.06,37666.02,4.3,0.3463,0.3647,0,app,Sudeste,0.2479,2,0
901634,27.1,67734.42,13475.64,30.7,0.5594,0.57,0,indicação,Sul,1.9842,0,0
902435,47.3,45715.4,14224.75,4.5,0.2039,0.1888,0,agência,Sul,0.8154,4,0
900816,38.9,36836.38,9308.93,4.5,0.3503,0.3783,0,agência,Sudeste,-1.6785,1,0
901954,36.7,34764.46,7925.22,7.4,0.1211,0.1327,1,app,Sudeste,-0.4769,4,0
905412,48.5,62147.88,22293.75,,0.1644,0.163,0,agência,Centro-Oeste,-2.0445,1,0
903762,47.8,159376.17,58035.47,32.6,0.1779,0.1938,1,app,Sudeste,1.427,4,0
900256,56.4,150087.28,38852.4,9.1,0.3782,0.3808,1,parceria_varejo,Sudeste,-0.2515,2,0
903678,32.9,74314.47,29572.81,52.3,0.2921,0.3186,0,agência,Sul,0.2386,0,0
901472,18.9,112306.84,18849.51,81.7,0.3375,0.3524,0,app,Norte,-0.0097,1,0
905795,21.6,44321.04,14861.42,7.6,0.4759,0.4905,1,parceria_varejo,Sudeste,-1.5155,2,1
901605,44.2,57369.96,11300.41,55.3,0.1607,0.1651,1,app,Nordeste,0.0681,4,0
905425,52.1,77507.77,34202.53,8.0,0.3375,0.3139,2,app,Sudeste,1.2956,3,0
900560,43.2,24898.21,9936.12,143.3,0.5465,0.5608,0,app,Sudeste,2.631,4,0
904469,41.5,76815.56,14171.54,37.0,0.4073,0.4008,1,parceria_varejo,Norte,0.061,2,0
902957,42.4,43225.74,7496.92,51.2,0.1677,0.1883,0,indicação,Sudeste,0.2608,0,0
902767,41.9,55381.17,10337.95,,0.2987,0.2839,0,indicação,Sudeste,-0.1856,4,0
903299,49.0,88430.02,26924.34,7.6,0.1708,0.1803,0,agência,Nordeste,1.5326,1,0
901684,42.3,136856.78,36903.04,41.7,0.2205,0.2196,0,app,Sudeste,-1.4383,3,0
901167,25.5,36707.82,14541.39,76.4,0.2489,0.2479,1,app,Sudeste,1.2795,1,0
903918,42.0,49835.91,13395.92,33.5,0.0398,0.0633,0,app,Sudeste,0.5651,1,0
901204,18.8,26994.66,7062.64,29.7,0.2558,0.2536,1,agência,Nordeste,-0.4191,3,0
905068,55.6,33874.85,7814.27,46.7,0.4175,0.4396,0,app,Sudeste,-0.8797,1,0
905251,47.6,101168.52,26515.39,14.0,0.3129,0.3203,0,indicação,Sul,0.941,0,0
905964,36.0,26952.95,5902.3,12.8,0.678,0.6914,0,indicação,Centro-Oeste,-0.5388,4,0
901071,34.9,43926.36,9617.13,16.9,0.2067,0.1943,0,agência,Sudeste,-1.4045,4,0
904870,45.8,105973.77,27247.33,97.6,0.3621,0.3663,0,app,Centro-Oeste,-0.2788,1,0
904420,19.0,44415.8,19782.82,,0.3182,0.3178,0,parceria_varejo,Nordeste,-0.6999,1,0
902251,54.9,122337.15,34859.2,37.1,0.3911,0.4064,0,parceria_varejo,Sudeste,0.2803,1,0
904180,40.3,,12625.02,40.2,0.1645,0.188,0,agência,Sudeste,1.0455,1,0
902681,31.2,42911.34,8799.11,1.0,0.4859,0.444,0,app,Norte,1.3891,3,0
902956,57.3,50829.22,19144.91,33.0,0.1148,0.0837,0,app,Nordeste,-0.2541,3,0
901589,42.0,40206.07,9440.06,64.3,0.091,0.0879,0,app,Sudeste,-0.3238,2,0
902659,39.3,103057.45,43472.05,2.3,0.0605,0.0574,0,parceria_varejo,Sudeste,-1.9783,4,0
902446,56.1,22103.63,5440.59,2.8,0.2737,0.2964,0,app,Centro-Oeste,-1.2728,4,0
904187,18.0,61850.98,18652.18,35.2,0.2455,0.2619,0,app,Sudeste,-0.5147,1,0
900430,26.5,,25714.43,156.3,0.4684,0.4691,0,agência,Nordeste,0.9845,4,0
903191,30.8,20396.69,3323.37,11.5,0.1533,0.1452,0,indicação,Sudeste,0.9156,4,0
903942,39.9,36123.29,12939.76,70.8,0.2456,0.2397,1,app,Sudeste,1.2381,2,0
902105,37.9,29543.56,12968.05,26.1,0.6282,0.6296,1,app,Sudeste,0.7485,1,0
904009,44.6,46656.18,75127.2189189886,25.0,0.1933,0.1824,0,agência,Sudeste,1.3384,2,0
904071,37.6,20522.7,5433.43,18.0,0.454,0.4396,3,agência,Sudeste,-0.2219,2,1
905441,25.8,35329.59,15045.51,54.2,0.5572,0.5699,1,app,Sudeste,-0.3189,4,0
904353,18.0,36983.26,11016.74,22.2,0.1504,0.1203,0,indicação,Centro-Oeste,-0.3722,2,0
904984,47.6,46887.76,10739.46,20.6,0.1009,0.1013,0,indicação,Sudeste,-1.0179,4,0
905562,39.5,95607.62,19929.84,1.2,0.554,0.5411,0,agência,Nordeste,-0.339,1,0
903114,41.2,40471.5,17286.31,61.8,0.0202,0.0116,0,indicação,Sul,-0.3349,1,0
901641,37.9,51514.37,23093.62,17.0,0.5285,0.5282,0,indicação,Sudeste,-1.5609,0,0
904484,38.5,54823.97,15178.14,52.4,0.3745,0.4022,0,app,Sul,-0.2599,3,0
904369,52.0,24354.56,8820.07,,0.5621,0.5707,0,app,Nordeste,1.1978,0,0
900756,36.4,33452.33,8063.24,38.0,0.1126,0.1328,0,agência,Sudeste,-0.2883,4,0
903560,38.0,49750.74,10159.59,80.7,0.4779,0.4577,0,parceria_varejo,Nordeste,-0.1564,3,0
903622,62.2,29980.04,12579.18,46.6,0.3017,0.3246,0,agência,Nordeste,2.0598,4,0
901956,35.2,29054.8,7993.33,1.0,0.7214,0.7107,1,app,Sudeste,-1.3971,1,1
905954,55.3,42779.53,7619.54,1.0,0.2756,0.2444,0,indicação,Sul,-1.379,2,0
902176,18.0,76749.43,16816.95,12.4,0.3061,0.2732,2,parceria_varejo,Nordeste,-0.2774,2,0
900802,47.7,62700.64,12155.02,56.2,0.2294,0.2443,0,indicação,Nordeste,2.4052,0,0
901207,40.8,48925.82,10516.13,2.4,0.386,0.3939,0,app,Norte,-2.6712,1,0
902930,32.6,33294.86,11812.24,34.3,0.4147,0.4143,0,agência,Sudeste,0.4647,1,0
903531,56.8,36018.16,13301.99,45.1,0.1385,0.121,0,agência,Sudeste,-0.3047,0,0
902723,42.7,37492.51,14569.33,28.1,0.1293,0.1171,0,agência,Sul,0.036,2,0
900151,50.4,79305.07,25617.61,62.2,0.0237,0.0179,0,indicação,Centro-Oeste,-0.4053,0,0
902292,40.9,145862.65,31786.31,15.8,0.4365,0.4195,0,indicação,Sudeste,0.5913,3,0
900714,30.7,50598.08,17350.53,34.5,0.1552,0.1657,0,agência,Nordeste,0.1583,2,0
900544,40.6,38151.2,11539.72,112.7,0.1965,0.181,0,agência,Norte,-1.4992,2,0
904735,23.8,84614.03,24460.65,14.9,0.1311,0.0956,0,app,Sul,-0.4487,2,0
902745,31.5,88204.5,32370.59,4.2,0.2577,0.2408,0,agência,Nordeste,1.9204,3,0
903337,37.5,21528.17,8167.45,85.0,0.3791,0.3256,0,app,Sudeste,0.1107,0,0
900423,37.2,27586.63,11223.99,58.8,0.1117,0.1106,1,agência,Norte,0.1898,3,0
903219,31.6,36190.86,5909.27,22.5,0.2084,0.2088,0,agência,Sudeste,-0.6536,4,0
900659,39.0,69180.66,20317.15,,0.5009,0.5101,1,agência,Centro-Oeste,-0.8248,1,0
900797,24.6,61400.27,9870.54,46.9,0.2349,0.2411,0,agência,Centro-Oeste,1.5484,3,0
900755,22.2,70100.4,18123.22,17.1,0.483,0.5061,1,app,Sul,1.8551,4,0
902008,19.2,32755.16,5223.63,,0.185,0.1948,0,app,Sudeste,-0.071,3,0
900099,39.4,151907.87,64721.83,20.9,0.2557,0.2241,0,app,Nordeste,-0.2679,3,0
902496,42.4,25491.82,10249.56,34.0,0.3355,0.31,0,app,Sudeste,-0.5569,0,0
901871,31.5,88036.5,25362.15,28.7,0.0774,0.0585,0,agência,Sudeste,1.3809,2,0
902046,39.9,38896.52,10150.16,77.6,0.1054,0.0833,1,app,Norte,0.374,2,0
904851,28.0,100753.58,30094.85,8.9,0.5352,0.5326,0,parceria_varejo,Sudeste,0.4517,3,0
905072,38.3,75063.17,28179.08,31.1,0.3999,0.3851,0,indicação,Centro-Oeste,-0.9393,4,0
902163,50.6,31030.91,8098.2,22.7,0.3768,0.4172,1,agência,Nordeste,-0.5253,3,0
902893,37.0,42375.66,7368.36,8.9,0.0932,0.0556,0,agência,Norte,-0.0827,3,0
900537,48.5,112648.5,32914.11,16.0,0.2666,0.2595,0,parceria_varejo,Sudeste,-0.8874,4,0
901701,48.9,84551.48,14408.66,41.2,0.1359,0.156,0,indicação,Nordeste,-0.2995,1,0
902897,25.7,58080.9,17516.13,,0.2464,0.2309,2,agência,Sul,-1.4437,0,0
902222,36.8,16884.95,4275.51,11.7,0.0245,0.0,0,indicação,Nordeste,-3.0603,1,0
902135,20.9,38635.98,12801.87,92.2,0.1371,0.1197,0,app,Sul,-1.8624,0,0
902599,37.5,63167.65,9694.73,61.0,0.4863,0.4713,1,agência,Sul,-0.2228,0,0
900705,47.9,58792.62,17080.89,23.3,0.1901,0.1984,1,agência,Nordeste,0.6119,2,0
903468,25.6,8539.26,3696.57,6.8,0.1302,0.1189,0,agência,Sudeste,-0.2622,0,0
905924,42.2,108510.91,28327.91,66.3,0.2838,0.2828,1,app,Centro-Oeste,-1.3018,2,0
905874,46.6,,15967.52,177.3,0.0371,0.0507,0,app,Sudeste,0.7279,2,0
904373,24.9,31654.83,10992.74,16.6,0.0321,0.0,0,parceria_varejo,Sudeste,-0.3294,2,0
901033,40.4,32261.9,13424.0,44.5,0.3277,0.3231,0,parceria_varejo,Sudeste,0.7371,4,0
905827,45.8,32343.91,10167.03,13.8,0.0946,0.1003,1,app,Nordeste,1.2754,4,0
904859,53.4,13650.4,4263.61,35.5,0.6628,0.6469,0,parceria_varejo,Sudeste,-0.9385,2,0
904931,44.5,67590.88,12511.11,40.2,0.1653,0.1424,0,app,Centro-Oeste,0.8251,3,0
903264,55.4,64107.25,10924.68,42.1,0.5065,0.489,1,parceria_varejo,Sudeste,-0.155,3,0
901653,43.3,21430.7,7919.98,83.2,0.5326,0.5697,0,agência,Sudeste,-0.6717,0,0
902607,24.1,30773.28,5430.61,16.7,0.3244,0.3094,0,app,Sul,-1.3693,4,0
902732,68.4,16458.79,2985.88,3.0,0.392,0.4056,0,indicação,Nordeste,-0.0317,4,1
